beta_theory,gamma_theory,alpha_theory,m_beta,m_gamma,m_alpha,gm,area,fom
0.01,0.01,0.007052699785104278,1,1,188,-2.065466310468599e-05,290,-2.4185788178789217e-08
0.01,0.011937766417144363,0.006964079816762875,1,1,185,-2.0492303269705535e-05,287,-2.4337652339317737e-08
0.01,0.014251026703029978,0.006861257801803762,1,1,183,-2.0384063379718605e-05,285,-2.4441322997264514e-08
0.01,0.017012542798525893,0.006742551895916062,1,2,179,-2.0163690284796113e-05,282,-2.4619890457626513e-08
0.01,0.020309176209047358,0.006606295704852917,1,2,176,-2.000133044988151e-05,279,-2.4784796096507444e-08
0.01,0.024244620170823284,0.006450925003130773,1,2,172,-1.9784850669995503e-05,275,-2.5012453438679523e-08
0.01,0.028942661247167517,0.006275088220104752,1,3,167,-1.9506667975955777e-05,271,-2.526770463206707e-08
0.01,0.0345510729459222,0.006077778334337485,1,3,162,-1.9236068251098258e-05,266,-2.5579877993481726e-08
0.01,0.04124626382901352,0.0058584793582958285,1,4,156,-1.890037286758093e-05,261,-2.5926437404089065e-08
0.01,0.04923882631706739,0.00561731517524603,1,5,149,-1.8507437213067736e-05,255,-2.6363870673885664e-08
0.01,0.05878016072274912,0.00535518299706051,1,6,142,-1.8111631403812813e-05,249,-2.683204652416713e-08
0.01,0.07017038286703829,0.005073849609797892,1,7,135,-1.7713185417074724e-05,243,-2.733516268067087e-08
0.01,0.0837677640068292,0.0047759876807429505,1,8,127,-1.7258190913393702e-05,236,-2.7971136002258838e-08
0.01,0.1,0.004465133339173028,1,10,119,-1.677464001001666e-05,230,-2.85768995059909e-08
0.01,0.1193776641714437,0.0041455556621858,1,12,110,-1.6229402940147218e-05,223,-2.9347925750718295e-08
0.01,0.14251026703029984,0.003822042568869709,1,14,102,-1.5731898837118053e-05,217,-3.00801124992697e-08
0.01,0.17012542798525893,0.0034996230672297442,1,17,93,-1.5138191553944115e-05,211,-3.089426847743697e-08
0.01,0.20309176209047358,0.0031832587326606596,1,20,85,-1.4589284252124092e-05,206,-3.1647037423262675e-08
0.01,0.24244620170823283,0.0028775438668337183,1,24,77,-1.3991045151834293e-05,202,-3.231188256774664e-08
0.01,0.28942661247167517,0.002586451912574179,1,29,69,-1.3339917750504983e-05,199,-3.285694027217976e-08
0.01,0.345510729459222,0.0023131559838294262,1,35,62,-1.2689770790717396e-05,198,-3.304627810082655e-08
0.01,0.41246263829013524,0.0020599368258927483,1,41,55,-1.2035635164006166e-05,197,-3.3247610950293274e-08
0.01,0.49238826317067413,0.0018281763029767536,1,49,49,-1.1345214113646727e-05,199,-3.278963616660904e-08
0.01,0.5878016072274915,0.0016184223157956787,1,59,43,-1.057419513445065e-05,203,-3.184998534473087e-08
0.01,0.701703828670383,0.0014305039895945641,1,70,38,-9.833622355887432e-06,209,-3.0444651256617436e-08
0.01,0.837677640068292,0.00126367428196418,1,84,34,-9.055880520676551e-06,219,-2.821146579650016e-08
0.01,1.0,0.0011167596689381526,1,100,30,-8.249561953655493e-06,231,-2.569956994908253e-08
0.01,1.1937766417144369,0.0009883014833139533,1,119,26,-7.399932607233284e-06,246,-2.28392981704731e-08
0.01,1.4251026703029992,0.0008766790883675322,1,143,23,-6.530238577599506e-06,267,-1.9435233861903292e-08
0.01,1.7012542798525891,0.0007802101485022324,1,170,21,-5.730501233461089e-06,292,-1.614225699566504e-08
0.01,2.030917620904737,0.0006972271675139,1,203,19,-4.89886996933932e-06,323,-1.2891763077208737e-08
0.01,2.424462017082328,0.000626132049972874,1,242,17,-4.0719277494439966e-06,360,-9.907366786968362e-09
0.01,2.8942661247167516,0.00056543185049192,1,289,15,-3.247702857422432e-06,405,-7.2171174609387386e-09
0.01,3.4551072945922217,0.0005137593938068241,1,346,14,-2.558590072062474e-06,461,-5.086660183026788e-09
0.01,4.1246263829013525,0.0004698823779220941,1,412,12,-1.8750622605337129e-06,525,-3.3423569706483297e-09
0.01,4.923882631706742,0.00043270416960579117,1,492,12,-1.3068049187451533e-06,605,-2.0386972211312845e-09
0.01,5.878016072274912,0.0004012589546127739,1,588,11,-7.057485469322276e-07,700,-9.628220285569271e-10
0.01,7.01703828670383,0.0003747033364201718,1,702,10,-1.376923535321843e-07,813,-1.6333612518645825e-10
0.01,8.376776400682925,0.00035230595620261505,1,838,9,3.9558910174837037e-07,948,
0.01,10.0,0.0003334362650520465,1,1000,9,8.363372838667323e-07,1110,
0.011937766417144363,0.01,0.008404819295026088,1,1,224,-2.2602981124451463e-05,326,-2.2648277679811085e-08
0.011937766417144363,0.011937766417144363,0.00829940174430628,1,1,221,-2.2440621289470993e-05,323,-2.275925080068052e-08
0.011937766417144363,0.014251026703029978,0.008177084071864038,1,1,218,-2.2278261454490534e-05,320,-2.2872958372166874e-08
0.011937766417144363,0.017012542798525893,0.00803586263912152,1,2,214,-2.205788835879876e-05,317,-2.300092633868484e-08
0.011937766417144363,0.020309176209047358,0.00787375125192801,1,2,209,-2.1787288633941123e-05,312,-2.3202650302386713e-08
0.011937766417144363,0.024244620170823284,0.007688884178472666,1,2,205,-2.1570808854055113e-05,308,-2.3370323785541833e-08
0.011937766417144363,0.028942661247167517,0.007479647492785791,1,3,199,-2.1238506215043874e-05,303,-2.3598340238937638e-08
0.011937766417144363,0.0345510729459222,0.007244835982232061,1,3,193,-2.0913786545214862e-05,297,-2.3874185553898245e-08
0.011937766417144363,0.04124626382901352,0.00698382756034347,1,4,186,-2.0523971216726023e-05,291,-2.417428883006599e-08
0.011937766417144363,0.04923882631706739,0.0066967606762810385,1,5,178,-2.0076915617241327e-05,284,-2.454390662254441e-08
0.011937766417144363,0.05878016072274912,0.006384693659905523,1,6,170,-1.962698986301492e-05,277,-2.493899601399609e-08
0.011937766417144363,0.07017038286703829,0.006049720024903601,1,7,161,-1.9120303986333813e-05,269,-2.5425936152039643e-08
0.011937766417144363,0.0837677640068292,0.005695012635286244,1,8,151,-1.8557069592709774e-05,260,-2.6026745571822966e-08
0.011937766417144363,0.1,0.005324774263951266,1,10,142,-1.801939874436132e-05,253,-2.6538142480649956e-08
0.011937766417144363,0.1193776641714437,0.004944083226509221,1,12,132,-1.742004172952029e-05,245,-2.717635215213774e-08
0.011937766417144363,0.14251026703029984,0.004558639259171599,1,14,121,-1.676017779157661e-05,236,-2.7980263425002686e-08
0.011937766417144363,0.17012542798525893,0.004174433211936176,1,17,111,-1.6112350563431224e-05,229,-2.8669662924254846e-08
0.011937766417144363,0.20309176209047358,0.00379737959866685,1,20,101,-1.545520337166809e-05,222,-2.9438482612701127e-08
0.011937766417144363,0.24244620170823283,0.0034329589743932656,1,24,91,-1.4748724381435344e-05,216,-3.01609905550825e-08
0.011937766417144363,0.28942661247167517,0.0030859149891985793,1,29,82,-1.4043477035134526e-05,212,-3.066261361383084e-08
0.011937766417144363,0.345510729459222,0.002760039477012699,1,35,73,-1.3285090185403932e-05,209,-3.103993033972881e-08
0.011937766417144363,0.41246263829013524,0.002458061645116444,1,41,65,-1.2576834618913177e-05,207,-3.1285658256002927e-08
0.011937766417144363,0.49238826317067413,0.002181639280562204,1,49,58,-1.1832293624212556e-05,208,-3.097459063929988e-08
0.011937766417144363,0.5878016072274915,0.0019314353036294586,1,59,51,-1.1007154714310661e-05,211,-3.023943602832599e-08
0.011937766417144363,0.701703828670383,0.0017072545123967818,1,70,45,-1.0212461988264938e-05,216,-2.909533329990011e-08
0.011937766417144363,0.837677640068292,0.0015082132835669859,1,84,40,-9.38060020557156e-06,225,-2.7190145523395827e-08
0.011937766417144363,1.0,0.0013329179411200088,1,100,35,-8.520162867003458e-06,236,-2.4985814859247678e-08
0.011937766417144363,1.1937766417144369,0.0011796333417252861,1,119,31,-7.67052654487455e-06,251,-2.2298042281612064e-08
0.011937766417144363,1.4251026703029992,0.0010464299093211015,1,143,28,-6.8008406446787646e-06,272,-1.9103484956962823e-08
0.011937766417144363,1.7012542798525891,0.0009313034142232072,1,170,25,-5.946981025789689e-06,296,-1.6029598452263312e-08
0.011937766417144363,2.030917620904737,0.0008322664667514134,1,203,22,-5.0612283859808894e-06,326,-1.2911296903012474e-08
0.011937766417144363,2.424462017082328,0.0007474137917329796,1,242,20,-4.234286192587592e-06,363,-1.0010132842996672e-08
0.011937766417144363,2.8942661247167516,0.0006749650428560071,1,289,18,-3.4100626939604907e-06,408,-7.381088082165564e-09
0.011937766417144363,3.4551072945922217,0.000613289542737256,1,346,16,-2.666829963087849e-06,463,-5.218845328939039e-09
0.011937766417144363,4.1246263829013525,0.0005609172561811465,1,412,15,-2.0374220970717684e-06,528,-3.5557104660938366e-09
0.011937766417144363,4.923882631706742,0.000516539826905447,1,492,14,-1.4150465279834543e-06,607,-2.180349041576971e-09
0.011937766417144363,5.878016072274912,0.00047900485732304496,1,588,13,-8.139884379575979e-07,702,-1.098499916272062e-09
0.011937766417144363,7.01703828670383,0.000447305933234114,1,702,12,-2.4593224455755416e-07,815,-2.889920617597581e-10
0.011937766417144363,8.376776400682925,0.00042057027356910334,1,838,11,2.8734921074131835e-07,950,
0.011937766417144363,10.0,0.000398045357901648,1,1000,11,7.280973928596802e-07,1112,
0.014251026703029978,0.01,0.010012852586530225,1,1,266,-2.4876018814177803e-05,368,-2.13344929795693e-08
0.014251026703029978,0.011937766417144363,0.009887538736048382,1,1,263,-2.4713658979197343e-05,365,-2.1415649028767196e-08
0.014251026703029978,0.014251026703029978,0.009742126401702411,1,1,259,-2.449717919922342e-05,361,-2.1526519507226202e-08
0.014251026703029978,0.017012542798525893,0.009574229529103718,1,2,255,-2.427680610263028e-05,358,-2.1617814873223758e-08
0.014251026703029978,0.020309176209047358,0.009381481478083101,1,2,250,-2.4006206377772754e-05,353,-2.1764466344308936e-08
0.014251026703029978,0.024244620170823284,0.009161657287744734,1,2,244,-2.3681486707943736e-05,347,-2.1947624381782887e-08
0.014251026703029978,0.028942661247167517,0.00891282968805023,1,3,237,-2.3295064123961e-05,341,-2.2143597076008555e-08
0.014251026703029978,0.0345510729459222,0.008633555638280556,1,3,230,-2.2916224509160475e-05,334,-2.2379125497227026e-08
0.014251026703029978,0.04124626382901352,0.008323083885936926,1,4,221,-2.2418169290728633e-05,326,-2.2667511921869193e-08
0.014251026703029978,0.04923882631706739,0.007981566368837938,1,5,212,-2.1916993746272437e-05,318,-2.2973787993996263e-08
0.014251026703029978,0.05878016072274912,0.007610248469031775,1,6,202,-2.1358828102102923e-05,309,-2.334298153235292e-08
0.014251026703029978,0.07017038286703829,0.007211607230235969,1,7,192,-2.0798022280450413e-05,300,-2.3742034566724218e-08
0.014251026703029978,0.0837677640068292,0.006789405245236609,1,8,181,-2.0180667941854882e-05,290,-2.422649212707669e-08
0.014251026703029978,0.1,0.00634863332804875,1,10,169,-1.948063725859182e-05,280,-2.4753033365427977e-08
0.014251026703029978,0.1193776641714437,0.0058953282742429825,1,12,157,-1.877304035380787e-05,270,-2.533473731957877e-08
0.014251026703029978,0.14251026703029984,0.005436271586869703,1,14,145,-1.8059056470892687e-05,260,-2.5984253914953506e-08
0.014251026703029978,0.17012542798525893,0.004978596969141734,1,17,132,-1.7248869407832746e-05,250,-2.670103623503521e-08
0.014251026703029978,0.20309176209047358,0.004529352894156639,1,20,120,-1.648348232612665e-05,241,-2.742675927808095e-08
0.014251026703029978,0.24244620170823283,0.004095076147669727,1,24,109,-1.57228833909224e-05,234,-2.8026530108596078e-08
0.014251026703029978,0.28942661247167517,0.003681429871447264,1,29,98,-1.4909396154678578e-05,228,-2.8562061599001108e-08
0.014251026703029978,0.345510729459222,0.003292946071023094,1,35,88,-1.4096889359976475e-05,224,-2.8887068360607533e-08
0.014251026703029978,0.41246263829013524,0.0029328920080177547,1,41,78,-1.3280393910292302e-05,220,-2.9251968965401546e-08
0.014251026703029978,0.49238826317067413,0.002603258256150751,1,49,69,-1.2427613026015238e-05,219,-2.91728005305522e-08
0.014251026703029978,0.5878016072274915,0.0023048487475154974,1,59,61,-1.1548354189135671e-05,221,-2.858503512162295e-08
0.014251026703029978,0.701703828670383,0.0020374429270051545,1,70,54,-1.0699541515607451e-05,225,-2.7647394097176876e-08
0.014251026703029978,0.837677640068292,0.0017999975655446983,1,84,48,-9.81355978543157e-06,233,-2.6030662560826445e-08
0.014251026703029978,1.0,0.0015908592304541935,1,100,42,-8.89900249970428e-06,243,-2.4116537939577995e-08
0.014251026703029978,1.1937766417144369,0.0014079653360406362,1,119,37,-7.995252030048863e-06,257,-2.1726228342524085e-08
0.014251026703029978,1.4251026703029992,0.001249019657815497,1,143,33,-7.071439175972862e-06,277,-1.8807019085034207e-08
0.014251026703029978,1.7012542798525891,0.001111635432104938,1,170,30,-6.217582095570884e-06,301,-1.5901744489951108e-08
0.014251026703029978,2.030917620904737,0.0009934447545293158,1,203,26,-5.277708178309489e-06,330,-1.2935559260562473e-08
0.014251026703029978,2.424462017082328,0.0008921767023360155,1,242,24,-4.450765981936062e-06,367,-1.0138419093248434e-08
0.014251026703029978,2.8942661247167516,0.0008057086407606082,1,289,21,-3.572422530498535e-06,411,-7.536756393456824e-09
0.014251026703029978,3.4551072945922217,0.0007320959338145695,1,346,19,-2.8291897996259047e-06,466,-5.40954072586215e-09
0.014251026703029978,4.1246263829013525,0.0006695851948479026,1,412,18,-2.199781933609827e-06,531,-3.760310997623636e-09
0.014251026703029978,4.923882631706742,0.0006166156480634871,1,492,16,-1.5232907209665579e-06,609,-2.31855513084712e-09
0.014251026703029978,5.878016072274912,0.0005718123985261105,1,588,15,-9.222283289829677e-07,704,-1.2312794779478876e-09
0.014251026703029978,7.01703828670383,0.0005339746006375786,1,702,14,-3.541730915836968e-07,817,-4.12308604870427e-10
0.014251026703029978,8.376776400682925,0.0005020607733124415,1,838,13,1.7910743558147793e-07,952,
0.014251026703029978,10.0,0.00047517288032420887,1,1000,13,6.198575018526286e-07,1114,
0.017012542798525893,0.01,0.011923854455259697,2,1,317,-3.7885792098337964e-05,420,-2.7633692267204933e-08
0.017012542798525893,0.011937766417144363,0.011775009421209449,2,1,313,-3.766931231845212e-05,416,-2.7800230493322598e-08
0.017012542798525893,0.014251026703029978,0.011602279617096443,2,1,309,-3.7452832538565926e-05,412,-2.7970748721856554e-08
0.017012542798525893,0.017012542798525893,0.011402824933293022,2,2,303,-3.712074191191684e-05,407,-2.8207250692945927e-08
0.017012542798525893,0.020309176209047358,0.011173826449584496,2,2,297,-3.679602224208764e-05,401,-2.847989337622882e-08
0.017012542798525893,0.024244620170823284,0.010912631379907707,2,2,290,-3.6417182627287114e-05,394,-2.881106220513221e-08
0.017012542798525893,0.028942661247167517,0.010616938205459624,2,3,282,-3.596971118700068e-05,387,-2.9172515155718315e-08
0.017012542798525893,0.0345510729459222,0.010285018261187533,2,3,274,-3.553675162722867e-05,379,-2.958930193774244e-08
0.017012542798525893,0.04124626382901352,0.009915962587751683,2,4,264,-3.497446563496406e-05,370,-3.0098507431122256e-08
0.017012542798525893,0.04923882631706739,0.009509933745401756,2,5,253,-3.435200524232482e-05,360,-3.0698842933266154e-08
0.017012542798525893,0.05878016072274912,0.009068392969584135,2,6,241,-3.36698487708356e-05,349,-3.140844101757052e-08
0.017012542798525893,0.07017038286703829,0.008594265970108256,2,7,229,-3.2982556412686776e-05,338,-3.217810381725539e-08
0.017012542798525893,0.0837677640068292,0.008092008897361662,2,8,215,-3.218229385020391e-05,325,-3.317762252598341e-08
0.017012542798525893,0.1,0.007567542298805237,2,10,201,-3.1326723902747985e-05,313,-3.419948024317466e-08
0.017012542798525893,0.1193776641714437,0.007028036452585801,2,12,187,-3.0456359289271194e-05,301,-3.533220335182273e-08
0.017012542798525893,0.14251026703029984,0.00648155468083026,2,14,172,-2.951935165793264e-05,288,-3.671561151484159e-08
0.017012542798525893,0.17012542798525893,0.0059365873523286716,2,17,158,-2.8554558620331512e-05,277,-3.802204876209256e-08
0.017012542798525893,0.20309176209047358,0.005401531436387095,2,20,144,-2.7571353372264153e-05,266,-3.9500506263988755e-08
0.017012542798525893,0.24244620170823283,0.004884182082541438,2,24,130,-2.6491739242058573e-05,256,-4.1008884275632465e-08
0.017012542798525893,0.28942661247167517,0.004391300104824172,2,29,117,-2.5362548615761742e-05,248,-4.2341483498767516e-08
0.017012542798525893,0.345510729459222,0.003928303276363296,2,35,104,-2.4128787916565997e-05,241,-4.363252787805786e-08
0.017012542798525893,0.41246263829013524,0.0034991049583499383,2,41,93,-2.299460845664291e-05,236,-4.464972515852992e-08
0.017012542798525893,0.49238826317067413,0.0031060977905583097,2,49,83,-2.1736436918172174e-05,234,-4.500297498586371e-08
0.017012542798525893,0.5878016072274915,0.00275025928045937,2,59,73,-2.0318708466039626e-05,234,-4.4853661072935155e-08
0.017012542798525893,0.701703828670383,0.002431343830575405,2,70,65,-1.896113774205058e-05,237,-4.3891522551043015e-08
0.017012542798525893,0.837677640068292,0.0021481225577495333,2,84,57,-1.742210901813912e-05,243,-4.2082388932703193e-08
0.017012542798525893,1.0,0.0018986362744320142,2,100,51,-1.5933091134071946e-05,253,-3.924406683268952e-08
0.017012542798525893,1.1937766417144369,0.001680435206166501,2,119,45,-1.435664709794089e-05,266,-3.580211246369299e-08
0.017012542798525893,1.4251026703029992,0.001490788495905847,2,143,40,-1.268556930115223e-05,285,-3.132239333617835e-08
0.017012542798525893,1.7012542798525891,0.0013268551872765235,2,170,35,-1.1043933342572634e-05,307,-2.68056634528462e-08
0.017012542798525893,2.030917620904737,0.0011858150699755466,2,203,32,-9.445097004298276e-06,337,-2.181315705380664e-08
0.017012542798525893,2.424462017082328,0.001064962222627436,2,242,28,-7.800530513925944e-06,372,-1.710642656562707e-08
0.017012542798525893,2.8942661247167516,0.000961766538716152,2,289,26,-6.2676972132259775e-06,417,-1.2662014572173691e-08
0.017012542798525893,3.4551072945922217,0.0008739094456187969,2,346,23,-4.840455349682397e-06,471,-8.96380620311555e-09
0.017012542798525893,4.1246263829013525,0.0007992999373948569,2,412,21,-3.5853940408533658e-06,535,-5.995642208784893e-09
0.017012542798525893,4.923882631706742,0.0007360763763437708,2,492,20,-2.3978118952918873e-06,614,-3.5575844143796546e-09
0.017012542798525893,5.878016072274912,0.0006825985992901044,2,588,18,-1.1980278362666735e-06,708,-1.5722150082239809e-09
0.017012542798525893,7.01703828670383,0.0006374339026388058,2,702,17,-1.176951384682919e-07,821,-1.349714890691421e-10
0.017012542798525893,8.376776400682925,0.0005993395954297684,2,838,16,8.936466492327205e-07,956,
0.017012542798525893,10.0,0.0005672440576305141,2,1000,15,1.8286658671342898e-06,1117,
0.020309176209047358,0.01,0.014192958317699853,2,1,378,-4.1187108741599666e-05,481,-2.5502853709968835e-08
0.020309176209047358,0.011937766417144363,0.014016333032671423,2,1,373,-4.091650901674213e-05,476,-2.5652983709556197e-08
0.020309176209047358,0.014251026703029978,0.013811347917943112,2,1,367,-4.0591789346913114e-05,470,-2.5838185453159208e-08
0.020309176209047358,0.017012542798525893,0.013574624320383881,2,2,361,-4.025969872026384e-05,465,-2.6007557312831937e-08
0.020309176209047358,0.020309176209047358,0.013302806090022186,2,2,354,-3.988085910546333e-05,458,-2.6237407306225872e-08
0.020309176209047358,0.024244620170823284,0.012992731180663289,2,2,346,-3.94478995456913e-05,450,-2.6510685178555982e-08
0.020309176209047358,0.028942661247167517,0.012641651086432506,2,3,336,-3.8892188215461845e-05,441,-2.6840709603493338e-08
0.020309176209047358,0.0345510729459222,0.012247493808046113,2,3,326,-3.8350988765746814e-05,431,-2.721858677483805e-08
0.020309176209047358,0.04124626382901352,0.01180915721935153,2,4,314,-3.7680462883539216e-05,420,-2.7665538093641126e-08
0.020309176209047358,0.04923882631706739,0.011326808881989003,2,5,301,-3.6949762600956865e-05,408,-2.8184410832156267e-08
0.020309176209047358,0.05878016072274912,0.010802157251608366,2,6,287,-3.615936623952476e-05,395,-2.8789304330831817e-08
0.020309176209047358,0.07017038286703829,0.01023865071652826,2,7,272,-3.5309714046461414e-05,381,-2.949850797532282e-08
0.020309176209047358,0.0837677640068292,0.00964155864556542,2,8,256,-3.440121159403554e-05,366,-3.03361654268391e-08
0.020309176209047358,0.1,0.009017895921400126,2,10,240,-3.343740175663662e-05,352,-3.11916061162655e-08
0.020309176209047358,0.1193776641714437,0.008376170759417776,2,12,223,-3.240467730824531e-05,337,-3.221140885511462e-08
0.020309176209047358,0.14251026703029984,0.007725963110636532,2,14,206,-3.135942978696375e-05,322,-3.3361095518046546e-08
0.020309176209047358,0.17012542798525893,0.007077372018895523,2,17,188,-3.0178156969476606e-05,307,-3.4647711790443865e-08
0.020309176209047358,0.20309176209047358,0.006440396823902213,2,20,171,-2.903259188649467e-05,293,-3.602058546711497e-08
0.020309176209047358,0.24244620170823283,0.00582433120310608,2,24,155,-2.7844737866346158e-05,281,-3.7325385879820585e-08
0.020309176209047358,0.28942661247167517,0.005237246273556554,2,29,139,-2.6553187405134805e-05,270,-3.865092780951209e-08
0.020309176209047358,0.345510729459222,0.004685620218377143,2,35,125,-2.5265306760967566e-05,262,-3.9662961948143747e-08
0.020309176209047358,0.41246263829013524,0.004174143000755468,2,41,111,-2.396876747547554e-05,254,-4.0832653280196836e-08
0.020309176209047358,0.49238826317067413,0.003705693988589592,2,49,99,-2.260235604838933e-05,250,-4.1320577784989634e-08
0.020309176209047358,0.5878016072274915,0.0032814652977226524,2,59,87,-2.1076387730794644e-05,248,-4.140744151433132e-08
0.020309176209047358,0.701703828670383,0.002901188825575959,2,70,77,-1.9610577111840603e-05,249,-4.085536898300125e-08
0.020309176209047358,0.837677640068292,0.002563420971660454,2,84,68,-1.8017428440446634e-05,254,-3.933936340708872e-08
0.020309176209047358,1.0,0.002265843694696249,2,100,60,-1.6420170661830142e-05,262,-3.7149707379706203e-08
0.020309176209047358,1.1937766417144369,0.0020055502603813498,2,119,53,-1.4789606678170398e-05,274,-3.4156135515405074e-08
0.020309176209047358,1.4251026703029992,0.0017792953084764412,2,143,47,-1.3064408933712016e-05,292,-3.017184511249888e-08
0.020309176209047358,1.7012542798525891,0.0015836991840754307,2,170,42,-1.142277297513242e-05,314,-2.59608476707555e-08
0.020309176209047358,2.030917620904737,0.0014154044877297503,2,203,38,-9.76981951094002e-06,343,-2.137816085544862e-08
0.020309176209047358,2.424462017082328,0.0012711881442761795,2,242,34,-8.125247407770467e-06,378,-1.6927598766188472e-08
0.020309176209047358,2.8942661247167516,0.0011480352447370045,2,289,31,-6.5382049782883685e-06,422,-1.2695543647161881e-08
0.020309176209047358,3.4551072945922217,0.0010431820432173482,2,346,28,-5.111055077245812e-06,476,-9.12688406651038e-09
0.020309176209047358,4.1246263829013525,0.0009541354013668328,2,412,25,-3.801873822904114e-06,539,-6.191976910267287e-09
0.020309176209047358,4.923882631706742,0.0008786751895645302,2,492,23,-2.5601717318299416e-06,617,-3.732028763600498e-09
0.020309176209047358,5.878016072274912,0.000814845063273725,2,588,22,-1.4145076183174106e-06,712,-1.8181331854979572e-09
0.020309176209047358,7.01703828670383,0.000760935887780494,2,702,20,-2.8005497500634747e-07,824,-3.1680427036917136e-10
0.020309176209047358,8.376776400682925,0.0007154650292154986,2,838,19,7.312969328665261e-07,959,
0.020309176209047358,10.0,0.0006771538317920653,2,1000,18,1.6663022014224709e-06,1120,
0.024244620170823284,0.01,0.016884525703262217,2,1,449,-4.502962483457642e-05,552,-2.371228269329985e-08
0.024244620170823284,0.011937766417144363,0.016675173809812975,2,1,444,-4.475902510971907e-05,547,-2.382066264487444e-08
0.024244620170823284,0.014251026703029978,0.01643218310823043,2,1,437,-4.4380185494918354e-05,540,-2.3976329278724124e-08
0.024244620170823284,0.017012542798525893,0.016151537004036143,2,2,430,-4.399397492329758e-05,534,-2.4119503795667533e-08
0.024244620170823284,0.020309176209047358,0.015829241852849677,2,2,421,-4.350689541855405e-05,525,-2.433271555847542e-08
0.024244620170823284,0.024244620170823284,0.01546152979370188,2,2,411,-4.2965695968839017e-05,515,-2.457991760231065e-08
0.024244620170823284,0.028942661247167517,0.01504511848637238,2,3,400,-4.235586469363806e-05,505,-2.484214938043288e-08
0.024244620170823284,0.0345510729459222,0.01457752282587829,2,3,388,-4.170642535398003e-05,493,-2.516984028604709e-08
0.024244620170823284,0.04124626382901352,0.014057403278844895,2,4,374,-4.0927659581829424e-05,480,-2.5547852423114498e-08
0.024244620170823284,0.04923882631706739,0.013484922651372678,2,5,359,-4.008871940930406e-05,466,-2.5981023596438147e-08
0.024244620170823284,0.05878016072274912,0.012862069868252578,2,6,342,-3.913596321295743e-05,450,-2.6514880225580916e-08
0.024244620170823284,0.07017038286703829,0.012192899120560584,2,7,324,-3.81239511849796e-05,433,-2.7134484829166973e-08
0.024244620170823284,0.0837677640068292,0.011483629838462805,2,8,305,-3.705308889763921e-05,415,-2.7859465336570832e-08
0.024244620170823284,0.1,0.01074256134950513,2,10,286,-3.592691922532577e-05,398,-2.860423505201096e-08
0.024244620170823284,0.1193776641714437,0.009979777594867744,2,12,265,-3.467771499704844e-05,379,-2.9538087731727802e-08
0.024244620170823284,0.14251026703029984,0.009206649795764011,2,14,245,-3.347010764085238e-05,361,-3.053841938033976e-08
0.024244620170823284,0.17012542798525893,0.008435181916546911,2,17,224,-3.212647498845073e-05,343,-3.1651699496010574e-08
0.024244620170823284,0.20309176209047358,0.007677275535381023,2,20,204,-3.081855007055428e-05,326,-3.285559709014315e-08
0.024244620170823284,0.24244620170823283,0.006944007900394746,2,24,185,-2.946833621549125e-05,311,-3.402810186546333e-08
0.024244620170823284,0.28942661247167517,0.006245014102237581,2,29,166,-2.8014425919365396e-05,297,-3.523827159668603e-08
0.024244620170823284,0.345510729459222,0.005588042345617041,2,35,149,-2.656418544028364e-05,286,-3.624036212862707e-08
0.024244620170823284,0.41246263829013524,0.004978717093614524,2,41,132,-2.510528633078026e-05,275,-3.741473372694525e-08
0.024244620170823284,0.49238826317067413,0.004420508245540103,2,49,118,-2.36306350155222e-05,269,-3.7930393283342214e-08
0.024244620170823284,0.5878016072274915,0.003914874540617699,2,59,104,-2.1996426837997165e-05,265,-3.8122056911606875e-08
0.024244620170823284,0.701703828670383,0.0034615314496742175,2,70,92,-2.0422376324078127e-05,264,-3.781921541495949e-08
0.024244620170823284,0.837677640068292,0.003058788827676967,2,84,81,-1.8720987757719154e-05,267,-3.670781913278266e-08
0.024244620170823284,1.0,0.002703908953440204,2,100,72,-1.7069610032174425e-05,274,-3.4835938841172295e-08
0.024244620170823284,1.1937766417144369,0.002393447039368337,2,119,64,-1.5384926100985982e-05,285,-3.2253513838545034e-08
0.024244620170823284,1.4251026703029992,0.0021235496982174853,2,143,56,-1.3551488461288884e-05,301,-2.8894431687183122e-08
0.024244620170823284,1.7012542798525891,0.0018901991685182137,2,170,50,-1.1855729380059858e-05,322,-2.5118070720465803e-08
0.024244620170823284,2.030917620904737,0.001689400693161542,2,203,45,-1.0148659143322762e-05,350,-2.0925070398603633e-08
0.024244620170823284,2.424462017082328,0.0015173168694209386,2,242,40,-8.449967095234821e-06,384,-1.676580772864052e-08
0.024244620170823284,2.8942661247167516,0.0013703563574604771,2,289,36,-6.8088932364225955e-06,427,-1.2726903245649712e-08
0.024244620170823284,3.4551072945922217,0.0012452257145937364,2,346,33,-5.381652672867403e-06,481,-9.2787115049438e-09
0.024244620170823284,4.1246263829013525,0.00113895304059986,2,412,30,-4.072472363339145e-06,544,-6.423457986339346e-09
0.024244620170823284,4.923882631706742,0.001048891200219703,2,492,28,-2.830771459393368e-06,622,-4.009591302256895e-09
0.024244620170823284,5.878016072274912,0.0009727070961048146,2,588,26,-1.6309874003681512e-06,716,-2.054140302730669e-09
0.024244620170823284,7.01703828670383,0.0009083621027768183,2,702,24,-4.965347570570872e-07,828,-5.517052856189857e-10
0.024244620170823284,8.376776400682925,0.0008540875137419025,2,838,23,5.148171508157858e-07,963,
0.024244620170823284,10.0,0.0008083577815936728,2,1000,22,1.4498224193717337e-06,1124,
0.028942661247167517,0.01,0.020073358961573074,3,1,534,-5.965700453129287e-05,638,-2.6632591308612887e-08
0.028942661247167517,0.011937766417144363,0.019825551256049928,3,1,527,-5.927816491649239e-05,631,-2.6798447068938694e-08
0.028942661247167517,0.014251026703029978,0.019537891654766448,3,1,520,-5.889932530169183e-05,624,-2.6968555541067688e-08
0.028942661247167517,0.017012542798525893,0.019205609029470223,3,2,511,-5.8401789460453877e-05,616,-2.7176263127247036e-08
0.028942661247167517,0.020309176209047358,0.018823954181457728,3,2,501,-5.786059001073886e-05,606,-2.7435082982806476e-08
0.028942661247167517,0.024244620170823284,0.018388439134671208,3,2,489,-5.72111506710808e-05,594,-2.775892803060689e-08
0.028942661247167517,0.028942661247167517,0.017895144069488216,3,3,476,-5.648676417316803e-05,582,-2.810286774784479e-08
0.028942661247167517,0.0345510729459222,0.017341086314194943,3,3,461,-5.567496499859549e-05,567,-2.8551264101843844e-08
0.028942661247167517,0.04124626382901352,0.016724633509908274,3,4,445,-5.477865837976759e-05,552,-2.9029495696750182e-08
0.028942661247167517,0.04923882631706739,0.01604592786347281,3,5,427,-5.376529712043633e-05,535,-2.960644114561472e-08
0.028942661247167517,0.05878016072274912,0.015307272649487618,3,6,407,-5.263556759697948e-05,516,-3.030257201898646e-08
0.028942661247167517,0.07017038286703829,0.014513419820040214,3,7,386,-5.144422223674879e-05,496,-3.110291549984812e-08
0.028942661247167517,0.0837677640068292,0.013671693843987476,3,8,364,-5.019184438641489e-05,475,-3.203053247378104e-08
0.028942661247167517,0.1,0.012791896493489672,3,10,340,-4.8750862778085763e-05,453,-3.3096308742760193e-08
0.028942661247167517,0.1193776641714437,0.011885962464815995,3,12,316,-4.728817981873693e-05,431,-3.429164598893179e-08
0.028942661247167517,0.14251026703029984,0.010967374103255493,3,14,292,-4.5807078852615616e-05,409,-3.5647532181023824e-08
0.028942661247167517,0.17012542798525893,0.010050387414792637,3,17,267,-4.415226830941346e-05,387,-3.716520901465779e-08
0.028942661247167517,0.20309176209047358,0.009149159604673525,3,20,243,-4.2524301064663076e-05,366,-3.883497814124482e-08
0.028942661247167517,0.24244620170823283,0.00827688934095147,3,24,220,-4.080911710532555e-05,347,-4.052543903210084e-08
0.028942661247167517,0.28942661247167517,0.007445078193213737,3,29,198,-3.8995547202919724e-05,330,-4.220297316333304e-08
0.028942661247167517,0.345510729459222,0.006662996123991777,3,35,177,-3.7081756802254416e-05,315,-4.383186383245203e-08
0.028942661247167517,0.41246263829013524,0.005937393493877485,3,41,158,-3.5262263407904086e-05,302,-4.5441061092659905e-08
0.028942661247167517,0.49238826317067413,0.005272458458523601,3,49,140,-3.323369323949555e-05,292,-4.667653544872971e-08
0.028942661247167517,0.5878016072274915,0.0046699827157092606,3,59,124,-3.1076472837850415e-05,286,-4.722868212439273e-08
0.028942661247167517,0.701703828670383,0.004129676848779516,3,70,110,-2.8954346101783695e-05,283,-4.7233843559190364e-08
0.028942661247167517,0.837677640068292,0.003649570211823333,3,84,97,-2.6615847944292542e-05,284,-4.628843120746529e-08
0.028942661247167517,1.0,0.003226436405980626,3,100,86,-2.4296713683385697e-05,289,-4.4418123735622847e-08
0.028942661247167517,1.1937766417144369,0.002856198889014609,3,119,76,-2.1899428189860672e-05,298,-4.163389389707352e-08
0.028942661247167517,1.4251026703029992,0.0025342871814854418,3,143,67,-1.9332601537204536e-05,313,-3.761206524747964e-08
0.028942661247167517,1.7012542798525891,0.0022559288315388126,3,170,60,-1.6914916503795055e-05,333,-3.29725467910235e-08
0.028942661247167517,2.030917620904737,0.0020163737950863523,3,203,54,-1.4451347253450635e-05,360,-2.768457328247248e-08
0.028942661247167517,2.424462017082328,0.001811055617062239,3,242,48,-1.1997776749278186e-05,393,-2.2342228583385822e-08
0.028942661247167517,2.8942661247167516,0.001635698118925136,3,289,44,-9.655380009116481e-06,436,-1.6998908466754368e-08
0.028942661247167517,3.4551072945922217,0.00148637799382695,3,346,40,-7.549179454185202e-06,489,-1.2396025376330381e-08
0.028942661247167517,4.1246263829013525,0.0013595536482708705,3,412,36,-5.6180755506435435e-06,551,-8.525152580642706e-09
0.028942661247167517,4.923882631706742,0.001252069554699512,3,492,33,-3.760080889246387e-06,628,-5.172050741741935e-09
0.028942661247167517,5.878016072274912,0.0011611438492993087,3,588,31,-2.0177796731879776e-06,722,-2.4758032799852487e-09
0.028942661247167517,7.01703828670383,0.0010843452889291569,3,702,29,-3.729380467404847e-07,834,-4.0492730373559685e-10
0.028942661247167517,8.376776400682925,0.0010195641808700185,3,838,27,1.1695191092472618e-06,968,
0.028942661247167517,10.0,0.0009649806185527814,3,1000,26,2.544048416045185e-06,1129,
0.0345510729459222,0.01,0.023845932868306326,3,1,634,-6.506899902844324e-05,738,-2.4647348116834564e-08
0.0345510729459222,0.011937766417144363,0.023553073583313364,3,1,627,-6.46901594136427e-05,731,-2.476652351211436e-08
0.0345510729459222,0.014251026703029978,0.02321306979871337,3,1,617,-6.414895996392768e-05,721,-2.4941275258136735e-08
0.0345510729459222,0.017012542798525893,0.022820259581860864,3,2,607,-6.35973041777182e-05,712,-2.5107502636288277e-08
0.0345510729459222,0.020309176209047358,0.022368999569447733,3,2,595,-6.294786483806011e-05,700,-2.5331132731613726e-08
0.0345510729459222,0.024244620170823284,0.02185394663228498,3,2,581,-6.219018560845909e-05,686,-2.5603205273140835e-08
0.0345510729459222,0.028942661247167517,0.021270419869866143,3,3,566,-6.135755922060369e-05,672,-2.5889265493925607e-08
0.0345510729459222,0.0345510729459222,0.020614836685247558,3,3,548,-6.038340021111632e-05,654,-2.6276501397352623e-08
0.0345510729459222,0.04124626382901352,0.019885202214779966,3,4,529,-5.932473375737386e-05,636,-2.6686789814383204e-08
0.0345510729459222,0.04923882631706739,0.019081613413131738,3,5,508,-5.814901266312789e-05,616,-2.7172435823891537e-08
0.0345510729459222,0.05878016072274912,0.018206720348877478,3,6,484,-5.680280335978522e-05,593,-2.7776431960775167e-08
0.0345510729459222,0.07017038286703829,0.01726607244646921,3,7,459,-5.539497821966853e-05,569,-2.8466073083077354e-08
0.0345510729459222,0.0837677640068292,0.016268272569380345,3,8,433,-5.392612058944859e-05,544,-2.9259967764215186e-08
0.0345510729459222,0.1,0.015224872684694028,3,10,405,-5.226865920123329e-05,518,-3.016079584606653e-08
0.0345510729459222,0.1193776641714437,0.014149974174771693,3,12,376,-5.0535376517027114e-05,491,-3.121394472947938e-08
0.0345510729459222,0.14251026703029984,0.013059541057350242,3,14,347,-4.878367582604829e-05,464,-3.241440254222478e-08
0.0345510729459222,0.17012542798525893,0.011970486499814257,3,17,318,-4.6912385502960135e-05,438,-3.370142636706906e-08
0.0345510729459222,0.20309176209047358,0.010899638625998187,3,20,290,-4.506793847832373e-05,413,-3.512699803454694e-08
0.0345510729459222,0.24244620170823283,0.009862717277099482,3,24,262,-4.308215479412867e-05,389,-3.666566365457759e-08
0.0345510729459222,0.28942661247167517,0.008873451022546157,3,29,236,-4.1052105111836836e-05,368,-3.815251404445803e-08
0.0345510729459222,0.345510729459222,0.007942934080569914,3,35,211,-3.892183493128553e-05,349,-3.9635269787459803e-08
0.0345510729459222,0.41246263829013524,0.007079275164979911,3,41,188,-3.6885861772625127e-05,332,-4.116725644266197e-08
0.0345510729459222,0.49238826317067413,0.006287538434734823,3,49,167,-3.469493177173701e-05,319,-4.231089240455733e-08
0.0345510729459222,0.5878016072274915,0.0055699336478233635,3,59,148,-3.237535157743044e-05,310,-4.293813206555761e-08
0.0345510729459222,0.701703828670383,0.004926186272245757,3,70,131,-3.0090864998916212e-05,304,-4.3171972738760705e-08
0.0345510729459222,0.837677640068292,0.004354010297828409,3,84,116,-2.7644126946460066e-05,303,-4.246409669195095e-08
0.0345510729459222,1.0,0.0038496133712326505,3,100,102,-2.5162632843844715e-05,305,-4.11827051454087e-08
0.0345510729459222,1.1937766417144369,0.003408179720142901,3,119,91,-2.271122740279101e-05,313,-3.875636075561606e-08
0.0345510729459222,1.4251026703029992,0.0030242952219152208,3,143,80,-2.0036160854815557e-05,326,-3.539957748200628e-08
0.0345510729459222,1.7012542798525891,0.0026922965132160177,3,170,72,-1.756435587389756e-05,345,-3.1309012252936826e-08
0.0345510729459222,2.030917620904737,0.0024065398188650756,3,203,64,-1.4992546728283128e-05,370,-2.6677129409756456e-08
0.0345510729459222,2.424462017082328,0.0021615944895829815,3,242,57,-1.2484856275312255e-05,402,-2.1788579887106902e-08
0.0345510729459222,2.8942661247167516,0.001952371478597568,3,289,52,-1.008834473414913e-05,444,-1.6813907890248553e-08
0.0345510729459222,3.4551072945922217,0.0017741990810682382,3,346,47,-7.92801909002004e-06,496,-1.244586984304559e-08
0.0345510729459222,4.1246263829013525,0.0016228582358081582,3,412,43,-5.996915182463122e-06,558,-8.729134181169028e-09
0.0345510729459222,4.923882631706742,0.0014945884389937524,3,492,40,-4.138920507835183e-06,635,-5.482013917662494e-09
0.0345510729459222,5.878016072274912,0.001386073511869358,3,588,37,-2.3427319566353237e-06,728,-2.7922907707214822e-09
0.0345510729459222,7.01703828670383,0.0012944145393345725,3,702,34,-6.435379826293423e-07,839,-6.838873354190673e-10
0.0345510729459222,8.376776400682925,0.0012170955084138113,3,838,32,8.98919381683836e-07,973,
0.0345510729459222,10.0,0.0011519456463814025,3,1000,31,2.2741204687718665e-06,1134,
0.04124626382901352,0.01,0.02830157522364695,4,1,753,-8.132159467183107e-05,858,-2.6089699926798547e-08
0.04124626382901352,0.011937766417144363,0.027956126647107133,4,1,744,-8.083451516241474e-05,849,-2.623645412606775e-08
0.04124626382901352,0.014251026703029978,0.027555001566127325,4,1,733,-8.02391957620172e-05,838,-2.642054519658123e-08
0.04124626382901352,0.017012542798525893,0.027091488668787155,4,2,721,-7.957658461802753e-05,827,-2.6614242347166396e-08
0.04124626382901352,0.020309176209047358,0.02655888826871191,4,2,706,-7.876478544345498e-05,812,-2.6882179332237195e-08
0.04124626382901352,0.024244620170823284,0.025950842946621127,4,2,690,-7.789886632391096e-05,796,-2.718034414651464e-08
0.04124626382901352,0.028942661247167517,0.025261763484255736,4,3,672,-7.689814031462581e-05,779,-2.751275145424895e-08
0.04124626382901352,0.0345510729459222,0.02448734320543727,4,3,651,-7.576162147022424e-05,758,-2.7946005706464123e-08
0.04124626382901352,0.04124626382901352,0.023625136852321676,4,4,628,-7.447793272349318e-05,736,-2.842669187919587e-08
0.04124626382901352,0.04923882631706739,0.022675158914481405,4,5,603,-7.307459151187088e-05,712,-2.8986351254212962e-08
0.04124626382901352,0.05878016072274912,0.021640434043803385,4,6,576,-7.155247388247145e-05,686,-2.9640627126127362e-08
0.04124626382901352,0.07017038286703829,0.020527414320635037,4,7,546,-6.985826809972366e-05,657,-3.0439332505326217e-08
0.04124626382901352,0.0837677640068292,0.019346171834085255,4,8,515,-6.810096029400812e-05,627,-3.135403328453413e-08
0.04124626382901352,0.1,0.01811028713663832,4,10,482,-6.613158341043047e-05,596,-3.238569216965253e-08
0.04124626382901352,0.1193776641714437,0.01683638812662659,4,12,448,-6.407978515145734e-05,564,-3.358479305631936e-08
0.04124626382901352,0.14251026703029984,0.01554334697580991,4,14,413,-6.194978583004447e-05,531,-3.499987900002512e-08
0.04124626382901352,0.17012542798525893,0.014251204505013593,4,17,379,-5.971865461053276e-05,500,-3.648054649391127e-08
0.04124626382901352,0.20309176209047358,0.012979946092464278,4,20,345,-5.745160948500505e-05,469,-3.819920843417889e-08
0.04124626382901352,0.24244620170823283,0.011748284723953202,4,24,313,-5.5108589199035266e-05,441,-3.993376028915599e-08
0.04124626382901352,0.28942661247167517,0.010572605251419882,4,29,281,-5.2566174123802634e-05,414,-4.181875427510154e-08
0.04124626382901352,0.345510729459222,0.009466189811670732,4,35,252,-4.998362038976871e-05,391,-4.357769868332059e-08
0.04124626382901352,0.41246263829013524,0.00843878835136189,4,41,224,-4.7435406955915075e-05,369,-4.556715365601832e-08
0.04124626382901352,0.49238826317067413,0.007496536604381919,4,49,199,-4.470381946157992e-05,352,-4.7106237578061034e-08
0.04124626382901352,0.5878016072274915,0.006642172186940696,4,59,177,-4.182197964195887e-05,340,-4.8016050105578495e-08
0.04124626382901352,0.701703828670383,0.00587546742316917,4,70,156,-3.8895465724188347e-05,330,-4.874118511803051e-08
0.04124626382901352,0.837677640068292,0.005193787266082933,4,84,138,-3.577293671118758e-05,326,-4.8341806366469706e-08
0.04124626382901352,1.0,0.004592688309634401,4,100,122,-3.263821104323268e-05,326,-4.716504486016284e-08
0.04124626382901352,1.1937766417144369,0.004066493422680399,4,119,108,-2.943394145103404e-05,331,-4.493731519241838e-08
0.04124626382901352,1.4251026703029992,0.0036087989141342825,4,143,96,-2.6039057630349788e-05,343,-4.1266335388826925e-08
0.04124626382901352,1.7012542798525891,0.003212892066682716,4,170,85,-2.2748589784306337e-05,359,-3.704982049561293e-08
0.04124626382901352,2.030917620904737,0.0028720734104174146,4,203,76,-1.9430627314196928e-05,383,-3.180135403305553e-08
0.04124626382901352,2.424462017082328,0.002579889342640019,4,242,69,-1.623086602134861e-05,415,-2.609463990570516e-08
0.04124626382901352,2.8942661247167516,0.002330287074194229,4,289,62,-1.3032002650325097e-05,455,-2.0330737364001713e-08
0.04124626382901352,3.4551072945922217,0.002117706480550371,4,346,56,-1.0197726694144424e-05,506,-1.5130158299917543e-08
0.04124626382901352,4.1246263829013525,0.0019371234782981155,4,412,52,-7.702509502957304e-06,568,-1.0638825280327768e-08
0.04124626382901352,4.923882631706742,0.0017840581026474013,4,492,47,-5.1771131451589894e-06,643,-6.603460644335446e-09
0.04124626382901352,5.878016072274912,0.0016545583308577535,4,588,44,-2.8409562095346924e-06,736,-3.2729910248095535e-09
0.04124626382901352,7.01703828670383,0.001545168411751256,4,702,41,-6.32791136844495e-07,847,-6.523619967469021e-10
0.04124626382901352,8.376776400682925,0.0014528883316178565,4,838,39,1.3855656352920357e-06,981,
0.04124626382901352,10.0,0.0013751292206171594,4,1000,37,3.2531239188556286e-06,1141,
0.04923882631706739,0.01,0.03355349291194772,5,1,893,-9.850310280794922e-05,999,-2.678170277540762e-08
0.04923882631706739,0.011937766417144363,0.03314691768936998,5,1,882,-9.790778340755157e-05,988,-2.6942152836420355e-08
0.04923882631706739,0.014251026703029978,0.03267472228367722,5,1,869,-9.720422411617245e-05,975,-2.7136857653872822e-08
0.04923882631706739,0.017012542798525893,0.03212896245663013,5,2,855,-9.643100599633221e-05,962,-2.734080124647922e-08
0.04923882631706739,0.020309176209047358,0.031501693323572846,5,2,838,-9.551096693181669e-05,945,-2.7612306138137234e-08
0.04923882631706739,0.024244620170823284,0.030785356236994483,5,2,819,-9.44826879773581e-05,926,-2.792866922180257e-08
0.04923882631706739,0.028942661247167517,0.029973278556133662,5,3,797,-9.326028217803239e-05,905,-2.829498852488847e-08
0.04923882631706739,0.0345510729459222,0.029060278875217605,5,3,773,-9.196140349871629e-05,881,-2.873793859334884e-08
0.04923882631706739,0.04124626382901352,0.02804335041852332,5,4,746,-9.04534028579622e-05,855,-2.9244553138688067e-08
0.04923882631706739,0.04923882631706739,0.026922370341744627,5,5,716,-8.876918394528534e-05,826,-2.984841423849541e-08
0.04923882631706739,0.05878016072274912,0.025700756218570382,5,6,684,-8.696391563627477e-05,795,-3.0545808091420715e-08
0.04923882631706739,0.07017038286703829,0.024385969431356375,5,7,649,-8.498444675156295e-05,761,-3.138273513720936e-08
0.04923882631706739,0.0837677640068292,0.022989756945505205,5,8,612,-8.28857927203461e-05,725,-3.2364620351560367e-08
0.04923882631706739,0.1,0.021528036209744,5,10,573,-8.055309910962125e-05,688,-3.34661815993441e-08
0.04923882631706739,0.1193776641714437,0.020020367081775528,5,12,533,-7.81316763385897e-05,650,-3.474062976371262e-08
0.04923882631706739,0.14251026703029984,0.018489016758584907,5,14,492,-7.562661216005222e-05,611,-3.62369967225933e-08
0.04923882631706739,0.17012542798525893,0.016957696799144262,5,17,451,-7.293254732320222e-05,573,-3.786736621142379e-08
0.04923882631706739,0.20309176209047358,0.015450116889141241,5,20,411,-7.024827715264217e-05,536,-3.9710727615965046e-08
0.04923882631706739,0.24244620170823283,0.013988538847021509,5,24,372,-6.739298812575852e-05,501,-4.167779104870657e-08
0.04923882631706739,0.28942661247167517,0.012592514318512965,5,29,335,-6.440150089190393e-05,469,-4.369165596465667e-08
0.04923882631706739,0.345510729459222,0.011277950669606435,5,35,300,-6.126916236220208e-05,440,-4.572325549418066e-08
0.04923882631706739,0.41246263829013524,0.01005658398135178,5,41,268,-5.827307156927234e-05,414,-4.784324430974741e-08
0.04923882631706739,0.49238826317067413,0.008935864947646236,5,49,238,-5.495942444732145e-05,392,-4.9692065503907276e-08
0.04923882631706739,0.5878016072274915,0.007919201444114886,5,59,211,-5.142139528551215e-05,375,-5.101328897372237e-08
0.04923882631706739,0.701703828670383,0.0070064624444804895,5,70,186,-4.786665313347742e-05,361,-5.208558556417565e-08
0.04923882631706739,0.837677640068292,0.006194634760730001,5,84,165,-4.4083290879592654e-05,354,-5.192378195476166e-08
0.04923882631706739,1.0,0.005478532367535033,5,100,146,-4.0255333243001926e-05,351,-5.102070119518622e-08
0.04923882631706739,1.1937766417144369,0.004851479653959149,5,119,129,-3.631171251683234e-05,353,-4.906988177950316e-08
0.04923882631706739,1.4251026703029992,0.004305916409230035,5,143,115,-3.215616678791085e-05,363,-4.541831467219047e-08
0.04923882631706739,1.7012542798525891,0.0038338973085175645,5,170,102,-2.8112443582812213e-05,377,-4.116023950631364e-08
0.04923882631706739,2.030917620904737,0.0034274785137651032,5,203,91,-2.4004380941065936e-05,399,-3.572080497182431e-08
0.04923882631706739,2.424462017082328,0.0030789975830256056,5,242,82,-2.0012878882907292e-05,429,-2.9648709456158952e-08
0.04923882631706739,2.8942661247167516,0.0027812606580911595,5,289,74,-1.6072906343933405e-05,468,-2.3294067165120876e-08
0.04923882631706739,3.4551072945922217,0.0025276541407233967,5,346,67,-1.2569650272465496e-05,518,-1.748212833444436e-08
0.04923882631706739,4.1246263829013525,0.0023121982206102992,5,412,62,-9.459868763879865e-06,579,-1.2365841521411589e-08
0.04923882631706739,4.923882631706742,0.002129557960286182,5,492,57,-6.378294615198533e-06,654,-7.731266200240645e-09
0.04923882631706739,5.878016072274912,0.0019750251379807133,5,588,53,-3.4503474410062607e-06,746,-3.812538608846697e-09
0.04923882631706739,7.01703828670383,0.001844481341323662,5,702,49,-6.807433921452534e-07,856,-6.787072703342506e-10
0.04923882631706739,8.376776400682925,0.001734350268968608,5,838,46,1.8665473786487865e-06,989,
0.04923882631706739,10.0,0.001641545016413515,5,1000,44,4.172397852434526e-06,1149,
0.05878016072274912,0.01,0.03972949756304068,6,1,1057,-0.00011678280579574291,1164,-2.6939516907899173e-08
0.05878016072274912,0.011937766417144363,0.039252231537357504,6,1,1044,-0.00011607924650436385,1151,-2.7102322321822052e-08
0.05878016072274912,0.014251026703029978,0.03869780931441181,6,1,1029,-0.00011526744732200339,1136,-2.729515683684665e-08
0.05878016072274912,0.017012542798525893,0.03805684266401792,6,2,1012,-0.00011432983022653351,1120,-2.7509583788867544e-08
0.05878016072274912,0.020309176209047358,0.03731992270311032,6,2,993,-0.00011330155127207446,1101,-2.7769988056880995e-08
0.05878016072274912,0.024244620170823284,0.03647807085219057,6,2,970,-0.00011205679253772987,1078,-2.8098493615278304e-08
0.05878016072274912,0.028942661247167517,0.03552332329220436,6,3,945,-0.00011066733306901173,1054,-2.8456501174855163e-08
0.05878016072274912,0.0345510729459222,0.03444944113840077,6,3,916,-0.00010909785466483809,1025,-2.891541337525526e-08
0.05878016072274912,0.04124626382901352,0.033252715414212916,6,4,885,-0.00010736620760068594,995,-2.9415399342653683e-08
0.05878016072274912,0.04923882631706739,0.0319328066025165,6,5,849,-0.00010534779879790852,960,-3.0039292500116484e-08
0.05878016072274912,0.05878016072274912,0.030493527182122275,6,6,811,-0.00010320619449891089,923,-3.075273971958012e-08
0.05878016072274912,0.07017038286703829,0.02894344952608964,6,7,770,-0.0001008883901955273,883,-3.159673980442446e-08
0.05878016072274912,0.0837677640068292,0.02729621073317204,6,8,726,-9.839541804596663e-05,840,-3.2602855548696695e-08
0.05878016072274912,0.1,0.02557040017014435,6,10,680,-9.564784074659204e-05,796,-3.3726319022070535e-08
0.05878016072274912,0.1193776641714437,0.023788960258274826,6,12,633,-9.28055051612095e-05,751,-3.502094534385264e-08
0.05878016072274912,0.14251026703029984,0.021978103346609313,6,14,585,-8.987430204549231e-05,705,-3.653426912418387e-08
0.05878016072274912,0.17012542798525893,0.020165833825714758,6,17,536,-8.666804070595275e-05,659,-3.8230278211712724e-08
0.05878016072274912,0.20309176209047358,0.018380243234271954,6,20,489,-8.351750664671962e-05,615,-4.01140761991929e-08
0.05878016072274912,0.24244620170823283,0.016647794139787748,6,24,443,-8.015689474871427e-05,573,-4.2143477785864495e-08
0.05878016072274912,0.28942661247167517,0.014991810999310113,6,29,399,-7.661681504771316e-05,534,-4.4261591593132963e-08
0.05878016072274912,0.345510729459222,0.01343135224882031,6,35,357,-7.289081072158785e-05,498,-4.64568583311586e-08
0.05878016072274912,0.41246263829013524,0.011980561352208667,6,41,319,-6.93483982959436e-05,466,-4.8733941177753764e-08
0.05878016072274912,0.49238826317067413,0.010648507937891787,6,49,283,-6.541077125149421e-05,438,-5.082422008663109e-08
0.05878016072274912,0.5878016072274915,0.009439455668103003,6,59,251,-6.123032742279551e-05,416,-5.237838102890976e-08
0.05878016072274912,0.701703828670383,0.008353445679626448,6,70,222,-5.7060683130569174e-05,398,-5.3628461588880804e-08
0.05878016072274912,0.837677640068292,0.007387067321486822,6,84,196,-5.252274182462656e-05,386,-5.3924786267583736e-08
0.05878016072274912,1.0,0.006534296632401521,6,100,174,-4.801527939475195e-05,380,-5.323201706735249e-08
0.05878016072274912,1.1937766417144369,0.00578730798275411,6,119,154,-4.334548611981799e-05,379,-5.154041155745302e-08
0.05878016072274912,1.4251026703029992,0.005137195527884976,6,143,137,-3.838814495102785e-05,386,-4.816580294984674e-08
0.05878016072274912,1.7012542798525891,0.004574570868919308,6,170,122,-3.3602240201752004e-05,398,-4.398198979286912e-08
0.05878016072274912,2.030917620904737,0.0040900271624664825,6,203,109,-2.8714084337677497e-05,418,-3.854239508413087e-08
0.05878016072274912,2.424462017082328,0.003674476361739775,6,242,98,-2.3939292631136857e-05,446,-3.235039544748224e-08
0.05878016072274912,2.8942661247167516,0.003319375790142462,6,289,88,-1.9211120399476504e-05,483,-2.5717697991267073e-08
0.05878016072274912,3.4551072945922217,0.0030168643142651362,6,346,80,-1.5043807276327796e-05,532,-1.9486796990061914e-08
0.05878016072274912,4.1246263829013525,0.002759828711323469,6,412,73,-1.1268991412734756e-05,591,-1.3912335077450315e-08
0.05878016072274912,4.923882631706742,0.002541918943192914,6,492,68,-7.634222012111716e-06,666,-8.774967830013466e-09
0.05878016072274912,5.878016072274912,0.0023575281163002873,6,588,63,-4.116772078103192e-06,757,-4.351767524421979e-09
0.05878016072274912,7.01703828670383,0.002201749702181728,6,702,59,-8.414843117235672e-07,867,-8.060194556739149e-10
0.05878016072274912,8.376776400682925,0.00207032157630377,6,838,55,2.2336558767825343e-06,999,
0.05878016072274912,10.0,0.0019595638287418196,6,1000,52,5.031299847256117e-06,1158,
0.07017038286703829,0.01,0.04697223444827878,7,1,1249,-0.0001363837919422314,1357,-2.672096237112684e-08
0.07017038286703829,0.011937766417144363,0.04641370696040268,7,1,1235,-0.00013562611270536166,1343,-2.6867296494722993e-08
0.07017038286703829,0.014251026703029978,0.04576471245899461,7,1,1217,-0.00013465195368652904,1325,-2.7060280081697958e-08
0.07017038286703829,0.017012542798525893,0.045014177961327416,7,2,1197,-0.0001335502460899131,1306,-2.7271849313847884e-08
0.07017038286703829,0.020309176209047358,0.04415097882910066,7,2,1174,-0.00013230548735556851,1283,-2.753496094808918e-08
0.07017038286703829,0.024244620170823284,0.043164462012630134,7,2,1148,-0.0001308983687863095,1257,-2.7844792339142627e-08
0.07017038286703829,0.028942661247167517,0.042045126842306886,7,3,1118,-0.0001292340903350311,1228,-2.8204733813843544e-08
0.07017038286703829,0.0345510729459222,0.0407854555450571,7,3,1085,-0.00012744813215097148,1195,-2.8640029696847524e-08
0.07017038286703829,0.04124626382901352,0.03938085885742803,7,4,1048,-0.00012538522223987417,1159,-2.9139024457326093e-08
0.07017038286703829,0.04923882631706739,0.037830667835916695,7,5,1006,-0.00012303338031552334,1118,-2.974694881903369e-08
0.07017038286703829,0.05878016072274912,0.036139065852869225,7,6,961,-0.00012050219606915796,1074,-3.0452917884548385e-08
0.07017038286703829,0.07017038286703829,0.0343158233282476,7,7,913,-0.00011779291884214602,1027,-3.1277992257606484e-08
0.07017038286703829,0.0837677640068292,0.032376683549011444,7,8,861,-0.00011485258595570483,976,-3.227102724240091e-08
0.07017038286703829,0.1,0.03034326265932739,7,10,807,-0.00011163840336284621,924,-3.337470952551456e-08
0.07017038286703829,0.1193776641714437,0.028242377563783946,7,12,751,-0.0001082695792304473,870,-3.466845316376795e-08
0.07017038286703829,0.14251026703029984,0.026104799253159852,7,14,694,-0.00010480686730244522,815,-3.617772430184509e-08
0.07017038286703829,0.17012542798525893,0.02396353066482246,7,17,637,-0.00010109299465629643,761,-3.7834204586937285e-08
0.07017038286703829,0.20309176209047358,0.021851802375203025,7,20,581,-9.737276373790299e-05,708,-3.9727769782906153e-08
0.07017038286703829,0.24244620170823283,0.019801038973513235,7,24,527,-9.345929543638182e-05,658,-4.174153436193918e-08
0.07017038286703829,0.28942661247167517,0.01783905529712101,7,29,475,-8.93247945138856e-05,611,-4.3872688857507666e-08
0.07017038286703829,0.345510729459222,0.015988692789829603,7,35,425,-8.496077000710711e-05,567,-4.612419652937411e-08
0.07017038286703829,0.41246263829013524,0.014267017494166175,7,41,380,-8.082728644392684e-05,528,-4.8457605781730717e-08
0.07017038286703829,0.49238826317067413,0.012685098825913302,7,49,337,-7.622326505336826e-05,493,-5.068036240250549e-08
0.07017038286703829,0.5878016072274915,0.011248298837263191,7,59,299,-7.135954793221839e-05,465,-5.239320699869192e-08
0.07017038286703829,0.701703828670383,0.009956943049911272,7,70,265,-6.653375394978879e-05,442,-5.378638152771931e-08
0.07017038286703829,0.837677640068292,0.008807221616328539,7,84,234,-6.12552807612237e-05,425,-5.435251176683558e-08
0.07017038286703829,1.0,0.007792178311727197,7,100,207,-5.5973420815088106e-05,414,-5.408059982134116e-08
0.07017038286703829,1.1937766417144369,0.00690267355512581,7,119,184,-5.059030872534233e-05,410,-5.2588678508671864e-08
0.07017038286703829,1.4251026703029992,0.006128244383573136,7,143,163,-4.4789756999846645e-05,413,-4.965604988896524e-08
0.07017038286703829,1.7012542798525891,0.005457819732543424,7,170,145,-3.921841555998349e-05,422,-4.576244522751866e-08
0.07017038286703829,2.030917620904737,0.004880278039749747,7,203,130,-3.3560010461280114e-05,440,-4.0433747543710984e-08
0.07017038286703829,2.424462017082328,0.004384854137406812,7,242,117,-2.8010263319733762e-05,466,-3.428428802904989e-08
0.07017038286703829,2.8942661247167516,0.003961414091355136,7,289,105,-2.2500872820106315e-05,501,-2.7574599044247934e-08
0.07017038286703829,3.4551072945922217,0.003600621778850218,7,346,96,-1.7674353931345366e-05,549,-2.1116312940675466e-08
0.07017038286703829,4.1246263829013525,0.003294021596083334,7,412,88,-1.3292251912335402e-05,607,-1.526090919900735e-08
0.07017038286703829,4.923882631706742,0.003034059576829541,7,492,81,-8.998993458650827e-06,680,-9.74972205704315e-09
0.07017038286703829,5.878016072274912,0.0028140617842059377,7,588,75,-4.894306018244397e-06,770,-4.9189005208486405e-09
0.07017038286703829,7.01703828670383,0.002628185053537265,7,702,70,-1.0608549581312268e-06,879,-9.741551497991063e-10
0.07017038286703829,8.376776400682925,0.0024713515775914895,7,838,66,2.4869220853184533e-06,1011,
0.07017038286703829,10.0,0.0023391757165777873,7,1000,62,5.7757391510260825e-06,1169,
0.0837677640068292,0.01,0.05543866225661139,8,1,1475,-0.00015763709331059088,1584,-2.6233498637142766e-08
0.0837677640068292,0.011937766417144363,0.05478738515784112,8,1,1457,-0.00015666293429175826,1566,-2.638755841195187e-08
0.0837677640068292,0.014251026703029978,0.054030381084925985,8,1,1437,-0.00015558053538194423,1546,-2.656317831346154e-08
0.0837677640068292,0.017012542798525893,0.05315462040066503,8,2,1414,-0.0001543150272080919,1524,-2.676292528756363e-08
0.0837677640068292,0.020309176209047358,0.052146975475466144,8,2,1387,-0.00015285378869386135,1497,-2.7015515852573588e-08
0.0837677640068292,0.024244620170823284,0.050994824518517716,8,2,1356,-0.00015117607039974478,1466,-2.7317685290882684e-08
0.0837677640068292,0.028942661247167517,0.049686840850885816,8,3,1322,-0.00014929153781452313,1433,-2.7651701762275074e-08
0.0837677640068292,0.0345510729459222,0.04821396025638727,8,3,1282,-0.00014712674001566298,1393,-2.8082981488005914e-08
0.0837677640068292,0.04124626382901352,0.04657048817171219,8,4,1239,-0.00014473315142549012,1351,-2.855823824496648e-08
0.0837677640068292,0.04923882631706739,0.044755268578229875,8,5,1190,-0.00014199446560657635,1303,-2.9139024339539574e-08
0.0837677640068292,0.05878016072274912,0.042772792670165545,8,6,1138,-0.00013907452267448186,1252,-2.980594142187781e-08
0.0837677640068292,0.07017038286703829,0.040634087415756207,8,7,1081,-0.0001358664542566243,1196,-3.0607446329494097e-08
0.0837677640068292,0.0837677640068292,0.03835720545940548,8,8,1020,-0.00013242565201973557,1136,-3.155997426590457e-08
0.0837677640068292,0.1,0.03596715237204045,8,10,957,-0.00012869299818176657,1075,-3.261353223055412e-08
0.0837677640068292,0.1193776641714437,0.033495143899018684,8,12,891,-0.00012474607308807762,1011,-3.3861583357241484e-08
0.0837677640068292,0.14251026703029984,0.030977182240134765,8,14,824,-0.00012070043784035888,946,-3.531317666482121e-08
0.0837677640068292,0.17012542798525893,0.028452059553260762,8,17,757,-0.00011637504427581568,882,-3.690930677951655e-08
0.0837677640068292,0.20309176209047358,0.02595900962714236,8,20,691,-0.00011203554583553731,819,-3.873981529582895e-08
0.0837677640068292,0.24244620170823283,0.02353530269229875,8,24,626,-0.00010741310913010172,758,-4.0748523949203994e-08
0.0837677640068292,0.28942661247167517,0.021214090613303132,8,29,564,-0.00010258383360481132,701,-4.2868296533560935e-08
0.0837677640068292,0.345510729459222,0.019022756297255233,8,35,506,-9.75911058341966e-05,649,-4.5035120366495894e-08
0.0837677640068292,0.41246263829013524,0.016981918941916495,8,41,452,-9.276727742820908e-05,601,-4.74027988902448e-08
0.0837677640068292,0.49238826317067413,0.01510512612342389,8,49,402,-8.750809584198791e-05,559,-4.957965770084301e-08
0.0837677640068292,0.5878016072274915,0.01339915634294329,8,59,356,-8.186563532671568e-05,523,-5.1455459036276354e-08
0.0837677640068292,0.701703828670383,0.01186478356631697,8,70,316,-7.634200808146981e-05,494,-5.2941753177163534e-08
0.0837677640068292,0.837677640068292,0.010497826008787191,8,84,279,-7.02824985707936e-05,471,-5.3732797072472166e-08
0.0837677640068292,1.0,0.009290309502787846,8,100,247,-6.423922097203991e-05,455,-5.371172322076915e-08
0.0837677640068292,1.1937766417144369,0.00823160841988429,8,119,219,-5.804708831942604e-05,446,-5.262655332676885e-08
0.0837677640068292,1.4251026703029992,0.007309470149552012,8,143,194,-5.141575637974572e-05,445,-5.0064027633637504e-08
0.0837677640068292,1.7012542798525891,0.006510871278204114,8,170,173,-4.506963864517778e-05,451,-4.646354499502864e-08
0.0837677640068292,2.030917620904737,0.005822688088426807,8,203,155,-3.859654850856492e-05,466,-4.1457087549478965e-08
0.0837677640068292,2.424462017082328,0.005232188252443209,8,242,139,-3.2225945205775476e-05,489,-3.5569475944564544e-08
0.0837677640068292,2.8942661247167516,0.004727365015549686,8,289,126,-2.5996324673025315e-05,523,-2.8852746584933758e-08
0.0837677640068292,3.4551072945922217,0.004297141688730342,8,346,114,-2.0407200498537623e-05,568,-2.2425495053338048e-08
0.0837677640068292,4.1246263829013525,0.003931475280822755,8,412,105,-1.5421392885883647e-05,625,-1.6405737112642177e-08
0.0837677640068292,4.923882631706742,0.003621385780238752,8,492,96,-1.0472608362926757e-05,696,-1.0642894677771095e-08
0.0837677640068292,5.878016072274912,0.003358933632604751,8,588,89,-5.782949131193128e-06,785,-5.497099934594228e-09
0.0837677640068292,7.01703828670383,0.0031371635041630114,8,702,83,-1.3929452824115976e-06,893,-1.2197419285565654e-09
0.0837677640068292,8.376776400682925,0.0029500281619893294,8,838,78,2.680506237109753e-06,1024,
0.0837677640068292,10.0,0.002792302591450638,8,1000,74,6.405744793292013e-06,1182,
0.1,0.01,0.06529847613463591,10,1,1737,-0.0001893214853748814,1848,-2.6819873264609917e-08
0.1,0.011937766417144363,0.06454222673382089,10,1,1717,-0.00018823908646506686,1828,-2.6972214710569832e-08
0.1,0.014251026703029978,0.06366288908539006,10,1,1693,-0.0001869402077732903,1804,-2.715969893553542e-08
0.1,0.017012542798525893,0.06264517363657698,10,2,1666,-0.00018545613865707662,1778,-2.7369560014326538e-08
0.1,0.020309176209047358,0.06147362552500698,10,2,1635,-0.00018377842036296,1747,-2.7627543650475045e-08
0.1,0.024244620170823284,0.06013331692824064,10,2,1600,-0.00018188422228895742,1712,-2.793062381587184e-08
0.1,0.028942661247167517,0.058610756986300826,10,3,1559,-0.00017961452628772697,1672,-2.8290207322054967e-08
0.1,0.0345510729459222,0.056895013126379665,10,3,1513,-0.00017712500881903782,1626,-2.8730739467808244e-08
0.1,0.04124626382901352,0.05497900231831252,10,4,1462,-0.00017428815036980172,1576,-2.923316846189227e-08
0.1,0.04923882631706739,0.05286086459224256,10,5,1406,-0.00017115656892863738,1521,-2.982341329998909e-08
0.1,0.05878016072274912,0.05054527966809788,10,6,1345,-0.00016773197113445753,1461,-3.051891760088383e-08
0.1,0.07017038286703829,0.04804454176183818,10,7,1278,-0.00016396182141783245,1395,-3.135624811968492e-08
0.1,0.0837677640068292,0.045379183111965725,10,8,1207,-0.00015995583161366848,1325,-3.2340443108303376e-08
0.1,0.1,0.04257795007963311,10,10,1133,-0.00015557130586540407,1253,-3.3441811235039565e-08
0.1,0.1193776641714437,0.03967699802294412,10,12,1055,-0.00015090808474520367,1177,-3.4755431769968604e-08
0.1,0.14251026703029984,0.03671828111159062,10,14,977,-0.0001461911918008544,1101,-3.6257736061719845e-08
0.1,0.17012542798525893,0.033747252318932025,10,17,898,-0.0001410877647699967,1025,-3.793701660930269e-08
0.1,0.20309176209047358,0.03081012358278232,10,20,820,-0.0001359553841605745,950,-3.986961412333563e-08
0.1,0.24244620170823283,0.027951028301774455,10,24,743,-0.00013047369552054769,877,-4.2006985035591655e-08
0.1,0.28942661247167517,0.0252094494015343,10,29,671,-0.00012481822073037661,810,-4.421474343973667e-08
0.1,0.345510729459222,0.022618219417785017,10,35,602,-0.00011886495731882278,747,-4.655893353655417e-08
0.1,0.41246263829013524,0.02020228240129072,10,41,537,-0.00011306465793041043,688,-4.917992950431076e-08
0.1,0.49238826317067413,0.017978265884639365,10,49,478,-0.00010679767930534131,637,-5.156816963077803e-08
0.1,0.5878016072274915,0.015954782330837542,10,59,424,-0.00010006713762879828,593,-5.365530167763983e-08
0.1,0.701703828670383,0.014133290632111068,10,70,376,-9.339997222078447e-05,556,-5.546316640189102e-08
0.1,0.837677640068292,0.012509309632093393,10,84,333,-8.614230701189262e-05,527,-5.644974247175139e-08
0.1,1.0,0.01107378197574861,10,100,295,-7.883020012807201e-05,505,-5.671237419285756e-08
0.1,1.1937766417144369,0.009814423208959382,10,119,261,-7.127290273863592e-05,490,-5.598814040741235e-08
0.1,1.4251026703029992,0.00871694121332899,10,143,232,-6.323271748802533e-05,485,-5.354167441831103e-08
0.1,1.7012542798525891,0.007766061096486411,10,170,207,-5.547647296537881e-05,487,-5.0069018921822035e-08
0.1,2.030917620904737,0.006946332140971175,10,203,185,-4.751039960706487e-05,498,-4.511908794593055e-08
0.1,2.424462017082328,0.006242722969607168,10,242,166,-3.9684932138476074e-05,518,-3.905997257724023e-08
0.1,2.8942661247167516,0.005641028946011065,10,289,150,-3.198105496868686e-05,549,-3.201306803672358e-08
0.1,3.4551072945922217,0.005128124174191839,10,346,136,-2.5097514237387536e-05,592,-2.5097514237387536e-08
0.1,4.1246263829013525,0.004692092089443462,10,412,125,-1.8914944318429695e-05,647,-1.8507773305704203e-08
0.1,4.923882631706742,0.004322266147175265,10,492,115,-1.2826205625323964e-05,717,-1.2077406426858723e-08
0.1,5.878016072274912,0.0040092075562337065,10,588,107,-7.027509715499384e-06,805,-6.241127633658423e-09
0.1,7.01703828670383,0.003744641772495913,10,702,100,-1.5834228624872895e-06,912,-1.3064545070027142e-09
0.1,8.376776400682925,0.003521370419537562,10,838,94,3.4840245002586415e-06,1042,
0.1,10.0,0.003333170876222337,10,1000,89,8.134369582268161e-06,1199,
0.1193776641714437,0.01,0.07673112311705209,12,1,2041,-0.00022259691354309323,2154,-2.6893429206607855e-08
0.1193776641714437,0.011937766417144363,0.07585724885385212,12,1,2018,-0.0002213521547968069,2131,-2.7043635283666083e-08
0.1193776641714437,0.014251026703029978,0.074840712578919,12,1,1991,-0.00021989091626855786,2104,-2.7224330353913317e-08
0.1193776641714437,0.017012542798525893,0.07366363187383318,12,2,1959,-0.00021813512596756968,2073,-2.7438380624851533e-08
0.1193776641714437,0.020309176209047358,0.07230786354598391,12,2,1923,-0.00021618680794859555,2037,-2.7694953618831097e-08
0.1193776641714437,0.024244620170823284,0.07075579142032108,12,2,1882,-0.00021396789020476493,1996,-2.7998938786281724e-08
0.1193776641714437,0.028942661247167517,0.0689913683867377,12,3,1835,-0.0002113686170993447,1950,-2.8352597867115317e-08
0.1193776641714437,0.0345510729459222,0.06700140876555798,12,3,1782,-0.00020850026001585398,1897,-2.8786450368059365e-08
0.1193776641714437,0.04124626382901352,0.0647770870488707,12,4,1723,-0.000205222056647392,1839,-2.928396927046119e-08
0.1193776641714437,0.04923882631706739,0.06231554594562517,12,5,1658,-0.00020159167933312636,1775,-2.9869859139594954e-08
0.1193776641714437,0.05878016072274912,0.05962145640775126,12,6,1586,-0.00019755690105650756,1704,-3.0572098585036765e-08
0.1193776641714437,0.07017038286703829,0.05670831720058844,12,7,1508,-0.00019317360243045387,1627,-3.1405235316282534e-08
0.1193776641714437,0.0837677640068292,0.05359924946183867,12,8,1426,-0.00018855166195550906,1546,-3.2374941956646477e-08
0.1193776641714437,0.1,0.05032705217700276,12,10,1339,-0.00018341453179518522,1461,-3.348202478919044e-08
0.1193776641714437,0.1193776641714437,0.04693335174171158,12,12,1248,-0.00017798928548641313,1372,-3.479071256575706e-08
0.1193776641714437,0.14251026703029984,0.04346680290333762,12,14,1156,-0.00017244786896277099,1282,-3.6304814518478105e-08
0.1193776641714437,0.17012542798525893,0.03998045967480694,12,17,1063,-0.00016647280410023006,1192,-3.799881399229173e-08
0.1193776641714437,0.20309176209047358,0.03652859542276728,12,20,972,-0.00016050889286677524,1104,-3.99275852902426e-08
0.1193776641714437,0.24244620170823283,0.03316336619551068,12,24,882,-0.00015413522470862428,1018,-4.206747399252846e-08
0.1193776641714437,0.28942661247167517,0.029931745132073695,12,29,796,-0.00014746429045128684,937,-4.4350162541740405e-08
0.1193776641714437,0.345510729459222,0.02687309768145557,12,35,715,-0.00014052881160107417,862,-4.673389145363291e-08
0.1193776641714437,0.41246263829013524,0.024017635834040905,12,41,639,-0.00013378352812016251,792,-4.938483873021872e-08
0.1193776641714437,0.49238826317067413,0.021385824330103772,12,49,569,-0.00012644031076455722,730,-5.188359079382734e-08
0.1193776641714437,0.5878016072274915,0.01898865750704546,12,59,505,-0.00011855912922241002,676,-5.4111880064997725e-08
0.1193776641714437,0.701703828670383,0.016828615717081347,12,70,448,-0.00011073922705976224,630,-5.6098899219737707e-08
0.1193776641714437,0.837677640068292,0.014901059183667322,12,84,396,-0.000102170702007419,592,-5.739927079068483e-08
0.1193776641714437,1.0,0.013195820050423782,12,100,351,-9.358343609173122e-05,563,-5.7910542135972294e-08
0.1193776641714437,1.1937766417144369,0.011698793720466446,12,119,311,-8.470755801003111e-05,542,-5.7428852888156685e-08
0.1193776641714437,1.4251026703029992,0.010393388667163222,12,143,276,-7.519687557174723e-05,531,-5.533250593947552e-08
0.1193776641714437,1.7012542798525891,0.009261753153089828,12,170,246,-6.601668315408605e-05,528,-5.214587926863037e-08
0.1193776641714437,2.030917620904737,0.00828574720879489,12,203,220,-5.6594748751647354e-05,535,-4.735962238631578e-08
0.1193776641714437,2.424462017082328,0.007447664314708611,12,242,198,-4.734573151889523e-05,552,-4.131390184894872e-08
0.1193776641714437,2.8942661247167516,0.006730729444336272,12,289,179,-3.819418184369622e-05,580,-3.4193537908412015e-08
0.1193776641714437,3.4551072945922217,0.006119410874011709,12,346,163,-3.003502521954737e-05,621,-2.7058581278871506e-08
0.1193776641714437,4.1246263829013525,0.0055995857072658585,12,412,149,-2.2615650416803667e-05,673,-2.0192545015003274e-08
0.1193776641714437,4.923882631706742,0.005158596503266244,12,492,137,-1.5344350644146776e-05,741,-1.3319748823044076e-08
0.1193776641714437,5.878016072274912,0.0047852312043128115,12,588,127,-8.391467745623677e-06,827,-6.946579259622249e-09
0.1193776641714437,7.01703828670383,0.004469652444894112,12,702,119,-1.8997414466663424e-06,933,-1.4726677881134437e-09
0.1193776641714437,8.376776400682925,0.004203296351271558,12,838,112,4.15740660154217e-06,1062,
0.1193776641714437,10.0,0.003978755662569523,12,1000,106,9.730336921574194e-06,1218,
0.14251026703029984,0.01,0.08992104558911738,14,1,2392,-0.0002577753791230073,2507,-2.6621437480430375e-08
0.14251026703029984,0.011937766417144363,0.08891691782425908,14,1,2365,-0.0002563141405947582,2480,-2.6769100845405557e-08
0.14251026703029984,0.014251026703029978,0.087748295486642,14,1,2334,-0.0002546364222845465,2449,-2.694280206163861e-08
0.14251026703029984,0.017012542798525893,0.08639434503870776,14,2,2298,-0.00025266387322906645,2414,-2.714480803922072e-08
0.14251026703029984,0.020309176209047358,0.0848338397298938,14,2,2257,-0.0002504449554852348,2373,-2.7388993382024805e-08
0.14251026703029984,0.024244620170823284,0.08304604789154785,14,2,2209,-0.00024784719812660403,2325,-2.7686237502971853e-08
0.14251026703029984,0.028942661247167517,0.0810119168963025,14,3,2155,-0.000244865514747851,2272,-2.802626928555007e-08
0.14251026703029984,0.0345510729459222,0.07871555249116674,14,3,2094,-0.0002415641981045884,2211,-2.8442740857716754e-08
0.14251026703029984,0.04124626382901352,0.07614594836369848,14,4,2025,-0.00023773810067902936,2143,-2.8928948731933482e-08
0.14251026703029984,0.04923882631706739,0.0732988602027045,14,5,1950,-0.00023355686535495682,2069,-2.9493227093693247e-08
0.14251026703029984,0.05878016072274912,0.07017864841882406,14,6,1867,-0.00022891429764225653,1987,-3.016793590435642e-08
0.14251026703029984,0.07017038286703829,0.06679984756826701,14,7,1777,-0.00022386642316649566,1898,-3.096782724671402e-08
0.14251026703029984,0.0837677640068292,0.0631881786555493,14,8,1681,-0.0002184691388188669,1803,-3.19119396463434e-08
0.14251026703029984,0.1,0.05938072594087212,14,10,1580,-0.00021253193556675803,1704,-3.2981368027119494e-08
0.14251026703029984,0.1193776641714437,0.055425070455798565,14,12,1474,-0.00020624388169736933,1600,-3.424840280593978e-08
0.14251026703029984,0.14251026703029984,0.05137731063454971,14,14,1367,-0.000199831929000034,1495,-3.570978002144996e-08
0.14251026703029984,0.17012542798525893,0.047299086038493074,14,17,1258,-0.0001928900821472596,1389,-3.736007789023041e-08
0.14251026703029984,0.20309176209047358,0.04325391079088548,14,20,1151,-0.00018594618153758475,1285,-3.92457115951002e-08
0.14251026703029984,0.24244620170823283,0.03930326637373696,14,24,1045,-0.0001785374813339713,1183,-4.134726293051675e-08
0.14251026703029984,0.28942661247167517,0.03550295519322682,14,29,944,-0.0001708216639435477,1087,-4.358807449439849e-08
0.14251026703029984,0.345510729459222,0.03190016027874874,14,35,849,-0.0001628253332154288,998,-4.593098257134804e-08
0.14251026703029984,0.41246263829013524,0.0285315105111286,14,41,759,-0.00015500160419852602,914,-4.85746174235431e-08
0.14251026703029984,0.49238826317067413,0.02542225932193793,14,49,676,-0.00014651063828345016,839,-5.1102420050034936e-08
0.14251026703029984,0.5878016072274915,0.022586500469275083,14,59,601,-0.0001374671304753061,774,-5.3343861263215405e-08
0.14251026703029984,0.701703828670383,0.020028208827416016,14,70,533,-0.00012842824560292505,717,-5.5452610363957274e-08
0.14251026703029984,0.837677640068292,0.01774282639929521,14,84,472,-0.00011859557430970389,670,-5.685310369592708e-08
0.14251026703029984,1.0,0.015719110664826355,14,100,418,-0.0001086701511273293,632,-5.7619380237184144e-08
0.14251026703029984,1.1937766417144369,0.01394100569291263,14,119,371,-9.846593563106411e-05,604,-5.734766198664188e-08
0.14251026703029984,1.4251026703029992,0.012389363088838637,14,143,330,-8.752939138538986e-05,587,-5.550373581825609e-08
0.14251026703029984,1.7012542798525891,0.011043409768795672,14,170,294,-7.69099490499851e-05,578,-5.267804729451035e-08
0.14251026703029984,2.030917620904737,0.009881919584640103,14,203,263,-6.601375487687174e-05,580,-4.822041992466891e-08
0.14251026703029984,2.424462017082328,0.008884089982759764,14,242,236,-5.526363523906726e-05,592,-4.251048864543636e-08
0.14251026703029984,2.8942661247167516,0.008030152629365227,14,289,214,-4.469039526439026e-05,617,-3.549673968577463e-08
0.14251026703029984,3.4551072945922217,0.007301760864119261,14,346,194,-3.516584793816028e-05,654,-2.8451333283301195e-08
0.14251026703029984,4.1246263829013525,0.006682200730277537,14,412,178,-2.65776120581464e-05,704,-2.1468184214980936e-08
0.14251026703029984,4.923882631706742,0.006156469862192205,14,492,164,-1.8135172781541416e-05,770,-1.4370184454470219e-08
0.14251026703029984,5.878016072274912,0.00571126267270332,14,588,152,-1.0036948387013108e-05,854,-7.661792661842067e-09
0.14251026703029984,7.01703828670383,0.005334893181476787,14,702,142,-2.44993757192316e-06,958,-1.770186106880896e-09
0.14251026703029984,8.376776400682925,0.005017179777325829,14,838,133,4.646723521798319e-06,1085,
0.14251026703029984,10.0,0.004749309921403501,14,1000,126,1.1139761240508576e-05,1240,
0.17012542798525893,0.01,0.10505082947469507,17,1,2794,-0.00030268633538893167,2912,-2.6800631785809427e-08
0.17012542798525893,0.011937766417144363,0.10390446835431423,17,1,2764,-0.00030106273702421054,2882,-2.6943148113854532e-08
0.17012542798525893,0.014251026703029978,0.10256956843406544,17,1,2728,-0.00029911441898654534,2846,-2.7118261014192688e-08
0.17012542798525893,0.017012542798525893,0.1010219695720677,17,2,2687,-0.0002968722048642303,2806,-2.731869005836296e-08
0.17012542798525893,0.020309176209047358,0.09923693852764416,17,2,2640,-0.00029432856745056967,2759,-2.756143528893807e-08
0.17012542798525893,0.024244620170823284,0.09719015987617506,17,2,2585,-0.0002913519704771368,2704,-2.785658002458522e-08
0.17012542798525893,0.028942661247167517,0.09485906866625535,17,3,2523,-0.0002879340424686662,2643,-2.819565633261518e-08
0.17012542798525893,0.0345510729459222,0.092224530023386,17,3,2453,-0.0002841456463206612,2573,-2.8609106556651348e-08
0.17012542798525893,0.04124626382901352,0.08927282127700834,17,4,2375,-0.0002798251546041897,2496,-2.908483053780165e-08
0.17012542798525893,0.04923882631706739,0.08599780377360085,17,5,2288,-0.0002749833184979398,2410,-2.965099401530513e-08
0.17012542798525893,0.05878016072274912,0.08240309060689811,17,6,2192,-0.0002696223596002428,2315,-3.0325313193143946e-08
0.17012542798525893,0.07017038286703829,0.0785039375689583,17,7,2088,-0.00026379847302135184,2212,-3.1122991154005645e-08
0.17012542798525893,0.0837677640068292,0.07432853043893306,17,8,1977,-0.00025756771832150666,2102,-3.206370201935848e-08
0.17012542798525893,0.1,0.06991833917678231,17,10,1860,-0.00025071185711974587,1987,-3.3132266039347943e-08
0.17012542798525893,0.1193776641714437,0.06532728093842773,17,12,1738,-0.00024349358512441787,1867,-3.4386892405651444e-08
0.17012542798525893,0.14251026703029984,0.060619585037673666,17,14,1612,-0.0002359785735805148,1743,-3.586845623658836e-08
0.17012542798525893,0.17012542798525893,0.055866464229962824,17,17,1486,-0.00022798700975282862,1620,-3.7510202328533827e-08
0.17012542798525893,0.20309176209047358,0.05114192163073056,17,20,1360,-0.00021986677974218622,1497,-3.94238443145394e-08
0.17012542798525893,0.24244620170823283,0.0465182002364051,17,24,1237,-0.00021131655674906568,1378,-4.152418092927209e-08
0.17012542798525893,0.28942661247167517,0.04206145867105169,17,29,1119,-0.00020237249139877077,1265,-4.378461518796425e-08
0.17012542798525893,0.345510729459222,0.0378282080530662,17,35,1006,-0.00019299721671427273,1158,-4.621580860016109e-08
0.17012542798525893,0.41246263829013524,0.033862886341718565,17,41,901,-0.0001839296258927678,1059,-4.889144760573307e-08
0.17012542798525893,0.49238826317067413,0.030196726894221024,17,49,803,-0.0001740233970825788,969,-5.1516695406328834e-08
0.17012542798525893,0.5878016072274915,0.026847858682531534,17,59,714,-0.00016344479374484706,890,-5.390659424302344e-08
0.17012542798525893,0.701703828670383,0.023822407894104763,17,70,634,-0.0001528938368880274,821,-5.614904035550033e-08
0.17012542798525893,0.837677640068292,0.021116280726556733,17,84,562,-0.00014138188280478294,763,-5.773045439149977e-08
0.17012542798525893,1.0,0.01871729439662155,17,100,498,-0.00012971827649427915,715,-5.8722624035436465e-08
0.17012542798525893,1.1937766417144369,0.01660736813502573,17,119,442,-0.00011768135529039541,678,-5.872323118283204e-08
0.17012542798525893,1.4251026703029992,0.014764561461549513,17,143,393,-0.00010473977397988485,653,-5.717236570954413e-08
0.17012542798525893,1.7012542798525891,0.01316482910938665,17,170,350,-9.213939563254518e-05,637,-5.4617306243358135e-08
0.17012542798525893,2.030917620904737,0.01178343407174407,17,203,313,-7.917750918278826e-05,633,-5.03673722536821e-08
0.17012542798525893,2.424462017082328,0.010596014360979114,17,242,282,-6.642089449993112e-05,641,-4.4667716543329604e-08
0.17012542798525893,2.8942661247167516,0.009579333871491678,17,289,255,-5.3735495591611524e-05,661,-3.7682675730442865e-08
0.17012542798525893,3.4551072945922217,0.00871176590069153,17,346,232,-4.235912751937364e-05,695,-3.045228434174956e-08
0.17012542798525893,4.1246263829013525,0.007973563727280414,17,412,212,-3.1988988397849405e-05,741,-2.323092839349993e-08
0.17012542798525893,4.923882631706742,0.007346970543995259,17,492,195,-2.1810925924942563e-05,804,-1.5702610457122075e-08
0.17012542798525893,5.878016072274912,0.006816214600954785,17,588,181,-1.2065222264174568e-05,886,-8.44312264812776e-09
0.17012542798525893,7.01703828670383,0.0063674272288919585,17,702,169,-2.901364881417728e-06,988,-1.9407122952626944e-09
0.17012542798525893,8.376776400682925,0.005988513126560202,17,838,159,5.6382176621260965e-06,1114,
0.17012542798525893,10.0,0.0056689948212323826,17,1000,151,1.3479561830684522e-05,1268,
0.20309176209047358,0.01,0.12229205950673254,20,1,3253,-0.00034944138337089485,3374,-2.6607887258881813e-08
0.20309176209047358,0.011937766417144363,0.12099293906403077,20,1,3218,-0.0003475471852787202,3339,-2.674880206870778e-08
0.20309176209047358,0.014251026703029978,0.11947919628711859,20,1,3178,-0.0003453823874590922,3299,-2.6913612363367272e-08
0.20309176209047358,0.017012542798525893,0.11772296450477032,20,2,3131,-0.0003428177416882906,3253,-2.7108788683242974e-08
0.20309176209047358,0.020309176209047358,0.11569556477046822,20,2,3078,-0.000339949384604801,3200,-2.7340307592472333e-08
0.20309176209047358,0.024244620170823284,0.11336859728582788,20,2,3016,-0.00033659394801656786,3138,-2.762136451801804e-08
0.20309176209047358,0.028942661247167517,0.11071542490881077,20,3,2945,-0.00033268773872362916,3068,-2.7949906638967415e-08
0.20309176209047358,0.0345510729459222,0.10771306176575204,20,3,2865,-0.00032835814312590897,2988,-2.8348281371484845e-08
0.20309176209047358,0.04124626382901352,0.1043444259421951,20,4,2776,-0.0003234377714089792,2900,-2.8806356555840686e-08
0.20309176209047358,0.04923882631706739,0.10060083895142014,20,5,2676,-0.00031788458522251893,2801,-2.9354934455861015e-08
0.20309176209047358,0.05878016072274912,0.09648456213960144,20,6,2566,-0.00031175505163716464,2692,-3.0005298521382547e-08
0.20309176209047358,0.07017038286703829,0.09201106665189608,20,7,2447,-0.0003051054881793986,2574,-3.077211176796759e-08
0.20309176209047358,0.0837677640068292,0.08721066412818622,20,8,2320,-0.0002979920735454094,2448,-3.1674327545217835e-08
0.20309176209047358,0.1,0.08212911093329402,20,10,2185,-0.00029012044201764524,2315,-3.270805434246282e-08
0.20309176209047358,0.1193776641714437,0.07682686700783542,20,12,2044,-0.0002818221718587041,2176,-3.392178284288687e-08
0.20309176209047358,0.14251026703029984,0.0713768521241577,20,14,1899,-0.0002732178840357903,2033,-3.534513376918374e-08
0.20309176209047358,0.17012542798525893,0.06586077953028872,20,17,1752,-0.0002639825904928571,1889,-3.694647872538238e-08
0.20309176209047358,0.20309176209047358,0.06036441014751121,20,20,1606,-0.0002546560032000221,1746,-3.879585667276388e-08
0.20309176209047358,0.24244620170823283,0.05497229004195633,20,24,1462,-0.0002447816067900249,1606,-4.085140300234061e-08
0.20309176209047358,0.28942661247167517,0.04976264426817061,20,29,1324,-0.00023449076152916285,1473,-4.3065337287265904e-08
0.20309176209047358,0.345510729459222,0.04480306643996633,20,35,1192,-0.0002237356968149946,1347,-4.5447023525288356e-08
0.20309176209047358,0.41246263829013524,0.04014747633039137,20,41,1068,-0.00021326047498731391,1229,-4.8107483642525134e-08
0.20309176209047358,0.49238826317067413,0.035834569251803776,20,49,953,-0.00020189868348252654,1122,-5.071556982731137e-08
0.20309176209047358,0.5878016072274915,0.031887721796801646,20,59,848,-0.00018975644971051282,1027,-5.3138182500843694e-08
0.20309176209047358,0.701703828670383,0.028316111534347363,20,70,753,-0.00017761116118902924,943,-5.5468819859159664e-08
0.20309176209047358,0.837677640068292,0.025116689009434957,20,84,668,-0.0001644021578505832,872,-5.7163476304097084e-08
0.20309176209047358,1.0,0.022276612599711663,20,100,593,-0.00015103521417216199,813,-5.826975855407484e-08
0.20309176209047358,1.1937766417144369,0.019775800260456985,20,119,526,-0.0001371458570080424,765,-5.853429663168689e-08
0.20309176209047358,1.4251026703029992,0.017589336306172744,20,143,468,-0.00012223545133890556,731,-5.725313880042415e-08
0.20309176209047358,1.7012542798525891,0.015689567007153175,20,170,417,-0.00010767964758355457,707,-5.499471275973165e-08
0.20309176209047358,2.030917620904737,0.014047805165138214,20,203,374,-9.272618690982862e-05,697,-5.0976463391879394e-08
0.20309176209047358,2.424462017082328,0.01263563020614645,20,242,336,-7.78653066351342e-05,698,-4.564203202528382e-08
0.20309176209047358,2.8942661247167516,0.011425814129602113,20,289,304,-6.312298516379043e-05,713,-3.884491394694796e-08
0.20309176209047358,3.4551072945922217,0.010392927461880478,20,346,276,-4.9826286163630695e-05,742,-3.173648800231254e-08
0.20309176209047358,4.1246263829013525,0.009513688042915098,20,412,253,-3.77583818096502e-05,785,-2.445491049847811e-08
0.20309176209047358,4.923882631706742,0.008767114175552948,20,492,233,-2.5869595993105714e-05,845,-1.675491968465396e-08
0.20309176209047358,5.878016072274912,0.008134536749674015,20,588,216,-1.4441839701676699e-05,924,-9.186920929819783e-09
0.20309176209047358,7.01703828670383,0.0075995156134872465,20,702,202,-3.715324066379622e-06,1024,-2.279339918024308e-09
0.20309176209047358,8.376776400682925,0.007147695774446581,20,838,190,6.311596132559124e-06,1148,
0.20309176209047358,10.0,0.006766630142796575,20,1000,180,1.554967143805593e-05,1300,
0.24244620170823283,0.01,0.1417939240684484,24,1,3772,-0.00040499388416482114,3897,-2.662156603988833e-08
0.24244620170823283,0.011937766417144363,0.1403339445649834,24,1,3733,-0.0004028832062906838,3858,-2.675720304779729e-08
0.24244620170823283,0.014251026703029978,0.1386315495267012,24,1,3688,-0.00040044780874360205,3813,-2.6917241967036502e-08
0.24244620170823283,0.017012542798525893,0.13665479983595086,24,2,3635,-0.0003975631557576211,3761,-2.7107810974882114e-08
0.24244620170823283,0.020309176209047358,0.1343706330800167,24,2,3574,-0.0003942618391143573,3700,-2.7337528714072758e-08
0.24244620170823283,0.024244620170823284,0.13174604773348636,24,2,3504,-0.00039047344296635214,3630,-2.761090672934183e-08
0.24244620170823283,0.028942661247167517,0.12874973314705432,24,3,3425,-0.0003861352620151099,3552,-2.7926177913872123e-08
0.24244620170823283,0.0345510729459222,0.12535416895771873,24,3,3334,-0.00038121034702270315,3461,-2.831540867731584e-08
0.24244620170823283,0.04124626382901352,0.12153815981941717,24,4,3233,-0.0003756379048508937,3361,-2.8762473572043928e-08
0.24244620170823283,0.04923882631706739,0.11728968761001164,24,5,3120,-0.00036937501611724075,3249,-2.929455278905867e-08
0.24244620170823283,0.05878016072274912,0.11260885874632841,24,6,2995,-0.00036242413510116775,3125,-2.992767424452252e-08
0.24244620170823283,0.07017038286703829,0.1075106144783386,24,7,2860,-0.00035489580620133267,2991,-3.067114391161807e-08
0.24244620170823283,0.0837677640068292,0.10202678411544287,24,8,2714,-0.00034673807449363904,2846,-3.1556067937171374e-08
0.24244620170823283,0.1,0.09620703028528134,24,10,2559,-0.0003377428121194791,2693,-3.256922006938082e-08
0.24244620170823283,0.1193776641714437,0.09011829518558914,24,12,2397,-0.00032825526836962606,2533,-3.375722628235562e-08
0.24244620170823283,0.14251026703029984,0.08384252452252422,24,14,2230,-0.0003183968608371262,2368,-3.515090095353568e-08
0.24244620170823283,0.17012542798525893,0.07747270742027101,24,17,2061,-0.00030785725640278917,2202,-3.671523630325452e-08
0.24244620170823283,0.20309176209047358,0.07110757496885978,24,20,1891,-0.00029709811891273386,2035,-3.854412544275219e-08
0.24244620170823283,0.24244620170823283,0.06484556924720924,24,24,1725,-0.000285827578795274,1873,-4.0554423779125144e-08
0.24244620170823283,0.28942661247167517,0.058778849574945974,24,29,1564,-0.00027399786464524814,1717,-4.2752046285730715e-08
0.24244620170823283,0.345510729459222,0.05298809470568247,24,35,1409,-0.00026160099386589113,1568,-4.514253561102522e-08
0.24244620170823283,0.41246263829013524,0.047538691254816565,24,41,1265,-0.00024960906651328016,1430,-4.777207014608233e-08
0.24244620170823283,0.49238826317067413,0.04247862258364671,24,49,1130,-0.00023654383744068874,1303,-5.040354516102466e-08
0.24244620170823283,0.5878016072274915,0.0378380689474687,24,59,1006,-0.00022255322971207774,1189,-5.2900696389844956e-08
0.24244620170823283,0.701703828670383,0.033630475332479766,24,70,895,-0.00020861049133596301,1089,-5.5275699877043726e-08
0.24244620170823283,0.837677640068292,0.0298546857907737,24,84,794,-0.00019333848196566146,1002,-5.7133121148245114e-08
0.24244620170823283,1.0,0.026497692862598735,24,100,705,-0.000177863209860512,929,-5.8430752253781867e-08
0.24244620170823283,1.1937766417144369,0.023537588452001403,24,119,626,-0.00016177547316020876,869,-5.889169026582044e-08
0.24244620170823283,1.4251026703029992,0.02094639391992832,24,143,557,-0.00014442515131178965,824,-5.788583218909405e-08
0.24244620170823283,1.7012542798525891,0.01869255740846271,24,170,497,-0.00012746887306305034,791,-5.585840186812022e-08
0.24244620170823283,2.030917620904737,0.01674300946244651,24,203,445,-0.00010991546313680684,772,-5.216680737389978e-08
0.24244620170823283,2.424462017082328,0.01506474939795238,24,242,401,-9.252514085998798e-05,767,-4.69670765786741e-08
0.24244620170823283,2.8942661247167516,0.013625990145018519,24,289,362,-7.510497197518235e-05,775,-4.035731970724468e-08
0.24244620170823283,3.4551072945922217,0.012396920636006526,24,346,330,-5.9452151140586774e-05,800,-3.3213492257311046e-08
0.24244620170823283,4.1246263829013525,0.011350157568208154,24,412,302,-4.511201359973082e-05,838,-2.5866980275075015e-08
0.24244620170823283,4.923882631706742,0.010460958553115919,24,492,278,-3.09802285071934e-05,894,-1.792837297869988e-08
0.24244620170823283,5.878016072274912,0.00970726153299964,24,588,258,-1.73936686020992e-05,970,-9.9734338314789e-09
0.24244620170823283,7.01703828670383,0.009069604844601871,24,702,241,-4.5875458036261445e-06,1067,-2.562874750629131e-09
0.24244620170823283,8.376776400682925,0.008530971055114064,24,838,227,7.371482420994598e-06,1189,
0.24244620170823283,10.0,0.008076587206873603,24,1000,215,1.842669595222048e-05,1339,
0.28942661247167517,0.01,0.16366998549134992,29,1,4354,-0.00046829562603196837,4484,-2.6689594553286695e-08
0.28942661247167517,0.011937766417144363,0.16204456779220994,29,1,4310,-0.0004659143484532241,4440,-2.6822933129143586e-08
0.28942661247167517,0.014251026703029978,0.16014774616433516,29,1,4260,-0.0004632083512046475,4390,-2.697777234738774e-08
0.28942661247167517,0.017012542798525893,0.15794318181019262,29,2,4201,-0.0004600068526878367,4332,-2.716308548496231e-08
0.28942661247167517,0.020309176209047358,0.1553930176824621,29,2,4133,-0.00045632669642977464,4264,-2.738562662364368e-08
0.28942661247167517,0.024244620170823284,0.15245914065041652,29,2,4055,-0.0004521053407219972,4186,-2.7650011664240547e-08
0.28942661247167517,0.028942661247167517,0.14910494507062094,29,3,3966,-0.00044723035935572753,4098,-2.7958887181528352e-08
0.28942661247167517,0.0345510729459222,0.14529763512926908,29,3,3865,-0.00044176424491360576,3997,-2.8332750443407245e-08
0.28942661247167517,0.04124626382901352,0.1410110431473436,29,4,3751,-0.0004354892216920041,3884,-2.8769850148114164e-08
0.28942661247167517,0.04923882631706739,0.13622885081646116,29,5,3624,-0.0004284662698415737,3758,-2.9286826373313308e-08
0.28942661247167517,0.05878016072274912,0.13094798407073188,29,6,3483,-0.0004206437870548097,3618,-2.990287815844243e-08
0.28942661247167517,0.07017038286703829,0.12518182515555382,29,7,3330,-0.0004121323849037578,3466,-3.062814988880483e-08
0.28942661247167517,0.0837677640068292,0.11896277589929836,29,8,3164,-0.0004028801786961095,3301,-3.149223627734773e-08
0.28942661247167517,0.1,0.11234365345509723,29,10,2988,-0.000392715054531856,3127,-3.247994826994095e-08
0.28942661247167517,0.1193776641714437,0.10539744422092338,29,12,2804,-0.00038199177583210633,2945,-3.363491906595988e-08
0.28942661247167517,0.14251026703029984,0.09821510852192387,29,14,2613,-0.00037077825460046153,2756,-3.499558797550369e-08
0.28942661247167517,0.17012542798525893,0.09090141039787478,29,17,2418,-0.00035872764275378627,2564,-3.6537751349947675e-08
0.28942661247167517,0.20309176209047358,0.08356909339182467,29,20,2223,-0.0003464899960503034,2372,-3.8324299972381746e-08
0.28942661247167517,0.24244620170823283,0.07633204938622704,29,24,2030,-0.0003335606483269906,2183,-4.031918872561231e-08
0.28942661247167517,0.28942661247167517,0.0692983395707197,29,29,1843,-0.00032003442807730507,2001,-4.2501252068699215e-08
0.28942661247167517,0.345510729459222,0.06256395854876266,29,35,1664,-0.0003059393884816283,1828,-4.4859147871206495e-08
0.28942661247167517,0.41246263829013524,0.05620807416639021,29,41,1495,-0.00029214940162796885,1665,-4.750396774438518e-08
0.28942661247167517,0.49238826317067413,0.05029017691096155,29,49,1338,-0.0002772458092952637,1516,-5.013486605700971e-08
0.28942661247167517,0.5878016072274915,0.044849222354204944,29,59,1193,-0.00026124769392169624,1381,-5.267090603260005e-08
0.28942661247167517,0.701703828670383,0.03990453975357947,29,70,1061,-0.0002451622717092118,1260,-5.517944445402022e-08
0.28942661247167517,0.837677640068292,0.03545807288515385,29,84,943,-0.00022765649418891664,1156,-5.712835487802174e-08
0.28942661247167517,1.0,0.03149743645332284,29,100,838,-0.000209810425444463,1067,-5.8589898197280926e-08
0.28942661247167517,1.1937766417144369,0.027999296645000688,29,119,745,-0.00019121511932573677,993,-5.9236406234738776e-08
0.28942661247167517,1.4251026703029992,0.02493268010890095,29,143,663,-0.00017104946429998943,935,-5.849844880300596e-08
0.28942661247167517,1.7012542798525891,0.022261940823740424,29,170,592,-0.00015128042437435982,891,-5.6723068756790335e-08
0.28942661247167517,2.030917620904737,0.019949236414522828,29,203,531,-0.00013076418453086537,863,-5.324274614448916e-08
0.28942661247167517,2.424462017082328,0.017956465068041345,29,242,478,-0.00011027706973936892,849,-4.8303578510455067e-08
0.28942661247167517,2.8942661247167516,0.016246684059475103,29,289,432,-8.973149749719887e-05,850,-4.181337255228279e-08
0.28942661247167517,3.4551072945922217,0.014785072286214873,29,346,393,-7.111837128301097e-05,868,-3.474273145237468e-08
0.28942661247167517,4.1246263829013525,0.013539517780050218,29,412,360,-5.407674338177523e-05,901,-2.7297699839361552e-08
0.28942661247167517,4.923882631706742,0.012480913866070888,29,492,332,-3.725490325990764e-05,953,-1.9114881097951583e-08
0.28942661247167517,5.878016072274912,0.011583240766809735,29,588,308,-2.1003408002448123e-05,1025,-1.0776504875550601e-08
0.28942661247167517,7.01703828670383,0.010823497885972639,29,702,288,-5.67319688990913e-06,1119,-2.8609162329345085e-09
0.28942661247167517,8.376776400682925,0.010181539060132434,29,838,271,8.704111517130106e-06,1238,
0.28942661247167517,10.0,0.009639850722458886,29,1000,256,2.204325896795045e-05,1385,
0.345510729459222,0.01,0.18798402988796,35,1,5000,-0.0005381720449176496,5136,-2.6726859600598412e-08
0.345510729459222,0.011937766417144363,0.18619324640648605,35,1,4953,-0.0005356284075039886,5089,-2.6851233582513966e-08
0.345510729459222,0.014251026703029978,0.1841015912219799,35,1,4897,-0.0005325976905855843,5033,-2.7002519295557912e-08
0.345510729459222,0.017012542798525893,0.1816680680492688,35,2,4832,-0.0005290828537819354,4969,-2.718124088270924e-08
0.345510729459222,0.020309176209047358,0.17884967357986298,35,2,4757,-0.0005250238579090728,4894,-2.7394931276236515e-08
0.345510729459222,0.024244620170823284,0.17560271470202823,35,2,4671,-0.0005203695426415233,4808,-2.7648347199485856e-08
0.345510729459222,0.028942661247167517,0.17188468236964075,35,3,4572,-0.000514961884014813,4710,-2.7947567785456042e-08
0.345510729459222,0.0345510729459222,0.1676567365807683,35,3,4460,-0.0005089004501780046,4598,-2.8306844486483738e-08
0.345510729459222,0.04124626382901352,0.16288679602365613,35,4,4333,-0.0005019275176324582,4472,-2.8729180792882958e-08
0.345510729459222,0.04923882631706739,0.15755313096329165,35,5,4191,-0.0004940955416191358,4331,-2.922950435513108e-08
0.345510729459222,0.05878016072274912,0.15164823106180406,35,6,4034,-0.0004854070460897638,4175,-2.982165301282569e-08
0.345510729459222,0.07017038286703829,0.14518257496760414,35,7,3862,-0.0004758644169339672,4004,-3.052369576228141e-08
0.345510729459222,0.0837677640068292,0.13818779458861527,35,8,3676,-0.00046552403043219196,3819,-3.1354753851430725e-08
0.345510729459222,0.1,0.13071864657713875,35,10,3477,-0.00045409419806905166,3622,-3.231297218167307e-08
0.345510729459222,0.1193776641714437,0.1228532240257594,35,12,3268,-0.00044198702529882534,3415,-3.34357383537957e-08
0.345510729459222,0.14251026703029984,0.11469099769073826,35,14,3051,-0.00042932487933835145,3200,-3.475470568593471e-08
0.345510729459222,0.17012542798525893,0.10634857016690019,35,17,2829,-0.0004157317142354954,2981,-3.6251457467343515e-08
0.345510729459222,0.20309176209047358,0.09795341282274077,35,20,2606,-0.000401875771880717,2761,-3.7988068048087434e-08
0.345510729459222,0.24244620170823283,0.08963624412450194,35,24,2384,-0.0003872086059580475,2543,-3.993900009881872e-08
0.345510729459222,0.28942661247167517,0.08152299070158861,35,29,2169,-0.00037191158385046515,2333,-4.207144613693045e-08
0.345510729459222,0.345510729459222,0.07372736235965668,35,35,1961,-0.00035588325876078014,2131,-4.440769388080611e-08
0.345510729459222,0.41246263829013524,0.06634494051602521,35,41,1765,-0.00034021575154370536,1941,-4.701710220338659e-08
0.345510729459222,0.49238826317067413,0.05944936813653268,35,49,1581,-0.0003232304531025522,1765,-4.966663385103752e-08
0.345510729459222,0.5878016072274915,0.053090832474438715,35,59,1412,-0.00030507892728302074,1606,-5.222165821345785e-08
0.345510729459222,0.701703828670383,0.04729665757371592,35,70,1258,-0.00028679400649305934,1463,-5.4763033510227103e-08
0.345510729459222,0.837677640068292,0.04207355415992801,35,84,1119,-0.00026680757267011574,1338,-5.6828023997894725e-08
0.345510729459222,1.0,0.03741094606385673,35,100,995,-0.0002463640590216856,1230,-5.844936157098116e-08
0.345510729459222,1.1937766417144369,0.033284794851329146,35,119,885,-0.0002249924005259588,1139,-5.930216144595646e-08
0.345510729459222,1.4251026703029992,0.029661438867156928,35,143,789,-0.00020179193277908427,1067,-5.8762939073699554e-08
0.345510729459222,1.7012542798525891,0.02650110192378599,35,170,705,-0.00017889231449418167,1010,-5.724554063813813e-08
0.345510729459222,2.030917620904737,0.023760870007768192,35,203,632,-0.0001549802025506985,970,-5.40754370379269e-08
0.345510729459222,2.424462017082328,0.021397055723521304,35,242,569,-0.00013102098896836933,946,-4.93859739797849e-08
0.345510729459222,2.8942661247167516,0.019366958445633426,35,289,515,-0.00010692310235185055,939,-4.3044727194786855e-08
0.345510729459222,3.4551072945922217,0.017630082854420234,35,346,469,-8.496406105222946e-05,950,-3.6047543933911525e-08
0.345510729459222,4.1246263829013525,0.016148905336220824,35,412,430,-6.478131060808541e-05,977,-2.8575787652441734e-08
0.345510729459222,4.923882631706742,0.014889284472723228,35,492,396,-4.475127658112263e-05,1023,-2.0240287915478348e-08
0.345510729459222,5.878016072274912,0.013820606037534364,35,588,368,-2.5412662136972547e-05,1091,-1.1577522613654918e-08
0.345510729459222,7.01703828670383,0.012915740568673364,35,702,344,-7.0822026115007625e-06,1181,-3.200272305242098e-09
0.345510729459222,8.376776400682925,0.012150876896977188,35,838,323,1.0183629974895359e-05,1296,
0.345510729459222,10.0,0.011505280582589579,35,1000,306,2.6155557720155076e-05,1441,
0.41246263829013524,0.01,0.21473647941614665,41,1,5712,-0.0006085433905612292,5854,-2.6469916944812056e-08
0.41246263829013524,0.011937766417144363,0.21278609383326177,41,1,5660,-0.0006057291534227112,5802,-2.6588058705237082e-08
0.41246263829013524,0.014251026703029978,0.21050580433849558,41,1,5599,-0.0006024278367794493,5741,-2.6729427490436124e-08
0.41246263829013524,0.017012542798525893,0.20784980426134875,41,2,5529,-0.0005986550104692434,5672,-2.6894964305190863e-08
0.41246263829013524,0.020309176209047358,0.20476969191907082,41,2,5447,-0.00059421717498158,5590,-2.7094850895152066e-08
0.41246263829013524,0.024244620170823284,0.20121581124273671,41,2,5352,-0.0005890757802092874,5495,-2.7334034625274344e-08
0.41246263829013524,0.028942661247167517,0.19713920094855927,41,3,5244,-0.0005831918416505554,5388,-2.7613250078151297e-08
0.41246263829013524,0.0345510729459222,0.1924942270203544,41,3,5120,-0.0005764809684740886,5264,-2.7951947656811897e-08
0.41246263829013524,0.04124626382901352,0.18724191389125328,41,4,4981,-0.000568867521208831,5126,-2.8345583796344164e-08
0.41246263829013524,0.04923882631706739,0.1813538925109289,41,5,4824,-0.0005602307432470832,4970,-2.8815489314220925e-08
0.41246263829013524,0.05878016072274912,0.17481674822472273,41,6,4650,-0.0005506272366778364,4797,-2.937148539381429e-08
0.41246263829013524,0.07017038286703829,0.16763638974451125,41,7,4459,-0.0005400593551038431,4607,-3.002999083095213e-08
0.41246263829013524,0.0837677640068292,0.15984190052277322,41,8,4252,-0.0005285834510353237,4401,-3.080861753426145e-08
0.41246263829013524,0.1,0.15148822032254305,41,10,4030,-0.00051590472886731,4181,-3.1707008104437955e-08
0.41246263829013524,0.1193776641714437,0.14265699163030743,41,12,3795,-0.0005023780954172062,3948,-3.276450110332004e-08
0.41246263829013524,0.14251026703029984,0.1334550387494427,41,14,3550,-0.00048818007503911815,3705,-3.4007668062634496e-08
0.41246263829013524,0.17012542798525893,0.12401024163436222,41,17,3299,-0.00047297155987545083,3457,-3.541796913849415e-08
0.41246263829013524,0.20309176209047358,0.11446498550739902,41,20,3045,-0.00045737443309158904,3206,-3.7061375341673206e-08
0.41246263829013524,0.24244620170823283,0.10496782084999945,41,24,2792,-0.00044091885010949375,2957,-3.890574870815263e-08
0.41246263829013524,0.28942661247167517,0.0956643347011299,41,29,2545,-0.0004237126384614017,2715,-4.093841917501466e-08
0.41246263829013524,0.345510729459222,0.08668840309945273,41,35,2306,-0.00040574235035781075,2482,-4.316407982529902e-08
0.41246263829013524,0.41246263829013524,0.07815491234030143,41,41,2079,-0.0003880839810101266,2261,-4.5667684279845446e-08
0.41246263829013524,0.49238826317067413,0.07015472977571342,41,49,1866,-0.000369048017447237,2056,-4.8216359739644236e-08
0.41246263829013524,0.5878016072274915,0.06275226784635501,41,59,1669,-0.0003486986542904035,1869,-5.0712427907272175e-08
0.41246263829013524,0.701703828670383,0.05598554112958734,41,70,1489,-0.000328179749374061,1700,-5.321546122491666e-08
0.41246263829013524,0.837677640068292,0.04986827067882319,41,84,1326,-0.00030576661280306595,1551,-5.530233546808934e-08
0.41246263829013524,1.0,0.0443933990701695,41,100,1181,-0.0002828412223609922,1422,-5.6967013567168613e-08
0.41246263829013524,1.1937766417144369,0.03953734505272081,41,119,1052,-0.0002588187098743589,1312,-5.7927195585129565e-08
0.41246263829013524,1.4251026703029992,0.035264410882098245,41,143,938,-0.00023261727522767077,1222,-5.763559842112755e-08
0.41246263829013524,1.7012542798525891,0.031530904784866955,41,170,839,-0.00020670982315587605,1150,-5.637028174417127e-08
0.41246263829013524,2.030917620904737,0.028288706182676305,41,203,752,-0.00017952429533620276,1096,-5.3557367343735905e-08
0.41246263829013524,2.424462017082328,0.025488148019685124,41,242,678,-0.00015223618562266588,1061,-4.9187782107484934e-08
0.41246263829013524,2.8942661247167516,0.02308020168722875,41,289,614,-0.00012465873140074545,1044,-4.3194293624651925e-08
0.41246263829013524,3.4551072945922217,0.021018022267905882,41,346,559,-9.938125633164583e-05,1046,-3.649697257864334e-08
0.41246263829013524,4.1246263829013525,0.019257950156127166,41,412,512,-7.605460107102318e-05,1065,-2.9240523287590612e-08
0.41246263829013524,4.923882631706742,0.017760078134453936,41,492,472,-5.290585103254982e-05,1105,-2.098605752976986e-08
0.41246263829013524,5.878016072274912,0.01648848953025981,41,588,439,-3.0497749327815078e-05,1168,-1.2272736148014116e-08
0.41246263829013524,7.01703828670383,0.015411260512355425,41,702,410,-9.166844808895203e-06,1253,-3.691842452233267e-09
0.41246263829013524,8.376776400682925,0.01450030324856852,41,838,386,1.0895590522263565e-05,1365,
0.41246263829013524,10.0,0.01373110995059392,41,1000,365,2.9584683317031898e-05,1506,
0.49238826317067413,0.01,0.2438533767500029,49,1,6486,-0.0006887923150656067,6636,-2.639657833469789e-08
0.49238826317067413,0.011937766417144363,0.24175563076657602,49,1,6431,-0.0006858157180921737,6581,-2.650597967427432e-08
0.49238826317067413,0.014251026703029978,0.23930047001741095,49,1,6365,-0.0006822438017240545,6515,-2.6639742355488266e-08
0.49238826317067413,0.017012542798525893,0.23643726682340807,49,2,6289,-0.0006781638744608852,6440,-2.6797481900694873e-08
0.49238826317067413,0.020309176209047358,0.2331121129653498,49,2,6201,-0.0006734013193033929,6352,-2.6984625097310873e-08
0.49238826317067413,0.024244620170823284,0.22926914370588708,49,2,6099,-0.0006678810849162995,6250,-2.7208257013740966e-08
0.49238826317067413,0.028942661247167517,0.2248525152317023,49,3,5981,-0.0006614723001188164,6133,-2.7474343749743162e-08
0.49238826317067413,0.0345510729459222,0.21980913323146267,49,3,5847,-0.0006542202274926349,5999,-2.7791853334436488e-08
0.49238826317067413,0.04124626382901352,0.21409217515681045,49,4,5695,-0.0006459181795233002,5848,-2.816544627930494e-08
0.49238826317067413,0.04923882631706739,0.207665352660016,49,5,5524,-0.0006365371732160504,5678,-2.860841227937305e-08
0.49238826317067413,0.05878016072274912,0.20050772058114938,49,6,5334,-0.0006260795922439041,5489,-2.9132175898929973e-08
0.49238826317067413,0.07017038286703829,0.1926186630259161,49,7,5124,-0.0006144935850557274,5280,-2.975467678945029e-08
0.49238826317067413,0.0837677640068292,0.18402250114059915,49,8,4895,-0.0006018354349101232,5052,-3.0492751426768164e-08
0.49238826317067413,0.1,0.17477201629706318,49,10,4649,-0.0005878690790097458,4808,-3.134465897146072e-08
0.49238826317067413,0.1193776641714437,0.16495012583540147,49,12,4388,-0.0005729388907590712,4549,-3.2345672148087344e-08
0.49238826317067413,0.14251026703029984,0.15466904364777262,49,14,4114,-0.0005571670191031867,4277,-3.3525905235163774e-08
0.49238826317067413,0.17012542798525893,0.1440665351681163,49,17,3832,-0.0005402590616664779,3998,-3.486892098015218e-08
0.49238826317067413,0.20309176209047358,0.13329931419779212,49,20,3546,-0.0005228900801684398,3715,-3.643071693502681e-08
0.49238826317067413,0.24244620170823283,0.122534143173703,49,24,3259,-0.0005045129792991406,3432,-3.8194638450991035e-08
0.49238826317067413,0.28942661247167517,0.1119376580620094,49,29,2978,-0.00048532138322691964,3156,-4.0142380746643474e-08
0.49238826317067413,0.345510729459222,0.10166620954359823,49,35,2704,-0.00046522291563111064,2888,-4.2292992330100966e-08
0.49238826317067413,0.41246263829013524,0.09185700863855556,49,41,2443,-0.00044543156706582045,2633,-4.471306635874528e-08
0.49238826317067413,0.49238826317067413,0.08262158852455218,49,49,2198,-0.0004241933085027643,2396,-4.718501763100826e-08
0.49238826317067413,0.5878016072274915,0.07404213170749795,49,59,1970,-0.0004014715259012275,2178,-4.963792357829222e-08
0.49238826317067413,0.701703828670383,0.06617069795014348,49,70,1760,-0.00037845835465528786,1979,-5.213643127914146e-08
0.49238826317067413,0.837677640068292,0.05903095365377948,49,84,1570,-0.0003533607077336053,1803,-5.4254676452265514e-08
0.49238826317067413,1.0,0.05262173053470505,49,100,1400,-0.0003275838462544988,1649,-5.6006812490083575e-08
0.49238826317067413,1.1937766417144369,0.046921650519762055,49,119,1248,-0.00030046684957258074,1516,-5.712297520391269e-08
0.49238826317067413,1.4251026703029992,0.04189411338068848,49,143,1114,-0.00027082222295184643,1406,-5.703922134621871e-08
0.49238826317067413,1.7012542798525891,0.037492096043143304,49,170,997,-0.00024133291765338422,1316,-5.6032718284974275e-08
0.49238826317067413,2.030917620904737,0.03366239865477437,49,203,895,-0.00021029027666663255,1247,-5.3481759070862804e-08
0.49238826317067413,2.424462017082328,0.030349147684285843,49,242,807,-0.000178897342605984,1198,-4.943281088863885e-08
0.49238826317067413,2.8942661247167516,0.02749650541146063,49,289,731,-0.0001470145911315726,1169,-4.372831384044396e-08
0.49238826317067413,3.4551072945922217,0.025050630154845276,49,346,666,-0.00011762011179340491,1161,-3.723333706660491e-08
0.49238826317067413,4.1246263829013525,0.022960985854903485,49,412,611,-9.040242600118957e-05,1172,-3.0084001997068075e-08
0.49238826317067413,4.923882631706742,0.021181122122241377,49,492,563,-6.322923623109911e-05,1204,-2.1855940626028037e-08
0.49238826317067413,5.878016072274912,0.019669046751239896,49,588,523,-3.681870400568771e-05,1260,-1.3014741606817854e-08
0.49238826317067413,7.01703828670383,0.01838730094632848,49,702,489,-1.165955680344894e-05,1340,-4.1537430721228854e-09
0.49238826317067413,8.376776400682925,0.01730282986547072,49,838,460,1.2127447192953072e-05,1447,
0.49238826317067413,10.0,0.016386722048171654,49,1000,436,3.427610322031529e-05,1585,
0.5878016072274915,0.01,0.2751802707045361,59,1,7320,-0.0007763665475652459,7480,-2.6371146316754276e-08
0.5878016072274915,0.011937766417144363,0.27295424415936503,59,1,7261,-0.0007731734707812945,7421,-2.647491681897324e-08
0.5878016072274915,0.014251026703029978,0.27034601078144677,59,1,7191,-0.0007693850745969454,7351,-2.6600230763274283e-08
0.5878016072274915,0.017012542798525893,0.2673002882401455,59,2,7110,-0.0007650565211718968,7271,-2.6749292723048034e-08
0.5878016072274915,0.020309176209047358,0.2637577417914018,59,2,7016,-0.000759969246295771,7177,-2.6925394022879397e-08
0.5878016072274915,0.024244620170823284,0.2596562449017296,59,2,6907,-0.0007540701722372839,7068,-2.7135563432915322e-08
0.5878016072274915,0.028942661247167517,0.2549328270515688,59,3,6781,-0.0007472500495371323,6943,-2.7385840707217338e-08
0.5878016072274915,0.0345510729459222,0.24952643094145305,59,3,6637,-0.0007394567773864716,6799,-2.7684641609377446e-08
0.5878016072274915,0.04124626382901352,0.24338155328464867,59,4,6474,-0.0007305804884681676,6637,-2.8035630241688766e-08
0.5878016072274915,0.04923882631706739,0.23645275250343528,59,5,6290,-0.0007205162854098932,6454,-2.8451914603139046e-08
0.5878016072274915,0.05878016072274912,0.22870986647066177,59,6,6084,-0.0007092122763313596,6249,-2.8946258370326093e-08
0.5878016072274915,0.07017038286703829,0.22014359800265118,59,7,5856,-0.000696670589741686,6022,-2.9532453994984568e-08
0.5878016072274915,0.0837677640068292,0.21077091648901364,59,8,5607,-0.0006829473795613697,5774,-3.022559767919317e-08
0.5878016072274915,0.1,0.20063953397074633,59,10,5337,-0.0006677129839361828,5506,-3.103188102134047e-08
0.5878016072274915,0.1193776641714437,0.18983060552732503,59,12,5049,-0.0006513466561781864,5220,-3.1980490802680135e-08
0.5878016072274915,0.14251026703029984,0.17845884493611214,59,14,4747,-0.0006340781945194011,4920,-3.3092124342122076e-08
0.5878016072274915,0.17012542798525893,0.16666948545497953,59,17,4433,-0.0006154537286280413,4609,-3.4367530077509566e-08
0.5878016072274915,0.20309176209047358,0.15463195103443003,59,20,4113,-0.0005962437254650925,4292,-3.585134540707669e-08
0.5878016072274915,0.24244620170823283,0.14253066502460895,59,24,3791,-0.0005759449172688914,3974,-3.752817601282931e-08
0.5878016072274915,0.28942661247167517,0.13055397876930103,59,29,3473,-0.000554673823969381,3661,-3.939444772509808e-08
0.5878016072274915,0.345510729459222,0.1188825950750282,59,35,3162,-0.0005324192031502177,3356,-4.1459212206059626e-08
0.5878016072274915,0.41246263829013524,0.10767897041649552,59,41,2864,-0.0005104083756143066,3064,-4.378932529292267e-08
0.5878016072274915,0.49238826317067413,0.0970789700592169,59,49,2582,-0.0004867884148299179,2790,-4.6202393207091676e-08
0.5878016072274915,0.5878016072274915,0.08718658865432438,59,59,2319,-0.00046157241998561404,2537,-4.8617276172910685e-08
0.5878016072274915,0.701703828670383,0.07807197435274629,59,70,2077,-0.00043603417177991475,2306,-5.1075807869264937e-08
0.5878016072274915,0.837677640068292,0.06977246169959252,59,84,1856,-0.00040809416399162016,2099,-5.322735933110997e-08
0.5878016072274915,1.0,0.06229594272337027,59,100,1657,-0.0003792665062658942,1916,-5.5069915241163666e-08
0.5878016072274915,1.1937766417144369,0.05562573376762583,59,119,1480,-0.0003489085772937397,1758,-5.6293736252620155e-08
0.5878016072274915,1.4251026703029992,0.04972610989955102,59,143,1323,-0.00031553922273135256,1625,-5.6406725550831705e-08
0.5878016072274915,1.7012542798525891,0.04454782126539867,59,170,1185,-0.0002821037269072532,1514,-5.565273760253565e-08
0.5878016072274915,2.030917620904737,0.040033108148328785,59,203,1065,-0.00024673337369142715,1427,-5.338238288434166e-08
0.5878016072274915,2.424462017082328,0.03611993669171361,59,242,961,-0.00021071134339090955,1362,-4.963753672341803e-08
0.5878016072274915,2.8942661247167516,0.032745349371936176,59,289,871,-0.0001738877757564659,1319,-4.422374764915206e-08
0.5878016072274915,3.4551072945922217,0.02984794827015628,59,346,794,-0.00013967349484337544,1299,-3.794444304356844e-08
0.5878016072274915,4.1246263829013525,0.027369605126674704,59,412,728,-0.00010777572496105103,1299,-3.09433605974881e-08
0.5878016072274915,4.923882631706742,0.02525652856878524,59,492,672,-7.58855649504658e-05,1323,-2.27270335281419e-08
0.5878016072274915,5.878016072274912,0.0234598271325236,59,588,624,-4.468034403144315e-05,1371,-1.3777472720148983e-08
0.5878016072274915,7.01703828670383,0.02193569747771066,59,702,583,-1.4824042449302432e-05,1444,-4.642669104072168e-09
0.5878016072274915,8.376776400682925,0.020645349014950205,59,838,549,1.345832326909239e-05,1546,
0.5878016072274915,10.0,0.019554754919744424,59,1000,520,3.993896194940766e-05,1679,
0.701703828670383,0.01,0.3084832593471558,70,1,8206,-0.0008652017950212842,8377,-2.6222209274777516e-08
0.701703828670383,0.011937766417144363,0.30615465318111335,70,1,8144,-0.0008618463584008593,8315,-2.6318330179890045e-08
0.701703828670383,0.014251026703029978,0.30342298616432056,70,1,8071,-0.0008578956023800382,8242,-2.6433387841011807e-08
0.701703828670383,0.017012542798525893,0.300228690800671,70,2,7986,-0.0008533734956839242,8158,-2.657159969124188e-08
0.701703828670383,0.020309176209047358,0.2965073113327084,70,2,7887,-0.0008480156210803454,8059,-2.673441428374355e-08
0.701703828670383,0.024244620170823284,0.2921906503432378,70,2,7772,-0.000841791827348914,7944,-2.6928721284354257e-08
0.701703828670383,0.028942661247167517,0.2872086211146403,70,3,7640,-0.0008346704953393678,7813,-2.7158770550853082e-08
0.701703828670383,0.0345510729459222,0.2814919524285465,70,3,7488,-0.0008264442636247807,7661,-2.7433834477171143e-08
0.701703828670383,0.04124626382901352,0.27497585442563455,70,4,7314,-0.0008169965328401398,7488,-2.7760670500854225e-08
0.701703828670383,0.04923882631706739,0.2676046728529347,70,5,7118,-0.0008063069361000051,7293,-2.8146295811079874e-08
0.701703828670383,0.05878016072274912,0.25933742465290655,70,6,6898,-0.0007942692789091336,7074,-2.8603762565151744e-08
0.701703828670383,0.07017038286703829,0.25015391940487897,70,7,6654,-0.0007808855223011703,6831,-2.9145132023333345e-08
0.701703828670383,0.0837677640068292,0.24006094404265738,70,8,6386,-0.0007661575468786297,6564,-2.9786079887980315e-08
0.701703828670383,0.1,0.22909776088867745,70,10,6094,-0.0007497779847635273,6274,-3.053339244028047e-08
0.701703828670383,0.1193776641714437,0.2173400035121963,70,12,5781,-0.0007321012585890708,5963,-3.141256580232862e-08
0.701703828670383,0.14251026703029984,0.204901027193668,70,14,5450,-0.0007133022331344789,5634,-3.2446426179697916e-08
0.701703828670383,0.17012542798525893,0.19192994712172062,70,17,5105,-0.0006930500915903541,5292,-3.3631780054852916e-08
0.701703828670383,0.20309176209047358,0.17860600170571783,70,20,4751,-0.0006720385300033688,4941,-3.501294831735797e-08
0.701703828670383,0.24244620170823283,0.16512946344222051,70,24,4392,-0.0006497686282550776,4586,-3.6581951821589775e-08
0.701703828670383,0.28942661247167517,0.15170996175766105,70,29,4035,-0.0006263914858912916,4234,-3.8337198475505944e-08
0.701703828670383,0.345510729459222,0.13855361018819434,70,35,3686,-0.0006020332688882976,3891,-4.02724776833432e-08
0.701703828670383,0.41246263829013524,0.12585058596749724,70,41,3348,-0.0005777534403148724,3559,-4.247250167719418e-08
0.701703828670383,0.49238826317067413,0.11376471250910751,70,49,3026,-0.0005517446510500193,3245,-4.477356577538094e-08
0.701703828670383,0.5878016072274915,0.10242617563823964,70,59,2725,-0.0005240669496726636,2954,-4.7090210232066104e-08
0.701703828670383,0.701703828670383,0.09192789258837852,70,70,2445,-0.0004958869965125435,2685,-4.948972021083268e-08
0.701703828670383,0.837677640068292,0.08232542233718967,70,84,2190,-0.00046518964388331415,2444,-5.160745993824208e-08
0.701703828670383,1.0,0.07363980812840477,70,100,1959,-0.00043340129428046006,2229,-5.346672764377746e-08
0.701703828670383,1.1937766417144369,0.06586246153723203,70,119,1752,-0.0003997870520344072,2041,-5.478786515477692e-08
0.701703828670383,1.4251026703029992,0.058961138220453464,70,143,1568,-0.0003627327625150457,1881,-5.508470197646859e-08
0.701703828670383,1.7012542798525891,0.05288616748525314,70,170,1407,-0.0003254541447175262,1747,-5.453320119261498e-08
0.701703828670383,2.030917620904737,0.047576305816007476,70,203,1266,-0.00028576173152066326,1639,-5.2558714644227196e-08
0.701703828670383,2.424462017082328,0.04296381799518263,70,242,1143,-0.0002450534907730352,1555,-4.916803586938908e-08
0.701703828670383,2.8942661247167516,0.038978598769352134,70,289,1037,-0.00020321102773790587,1496,-4.410918770086952e-08
0.701703828670383,3.4551072945922217,0.03555130781931583,70,346,946,-0.00016400608332571258,1462,-3.8140949610630834e-08
0.701703828670383,4.1246263829013525,0.03261559552835382,70,412,868,-0.0001272445830555903,1450,-3.138741565258764e-08
0.701703828670383,4.923882631706742,0.030109553375649432,70,492,801,-9.030240949990007e-05,1463,-2.3358098680781186e-08
0.701703828670383,5.878016072274912,0.027976542704844284,70,588,744,-5.40182599111288e-05,1502,-1.4466593441652064e-08
0.701703828670383,7.01703828670383,0.026165551665410763,70,702,696,-1.919317997017356e-05,1568,-5.249775703001521e-09
0.701703828670383,8.376776400682925,0.024631212837876375,70,838,655,1.3998086289579596e-05,1663,
0.701703828670383,10.0,0.023333591118499725,70,1000,621,4.513919226720169e-05,1791,
0.837677640068292,0.01,0.34345884668773713,84,1,9136,-0.0009605314325999344,9321,-2.6151853646980164e-08
0.837677640068292,0.011937766417144363,0.34105910312327165,84,1,9072,-0.0009570677560885309,9257,-2.6240445153635043e-08
0.837677640068292,0.014251026703029978,0.3382405109056007,84,1,8997,-0.0009530087601767262,9182,-2.6345859071039897e-08
0.837677640068292,0.017012542798525893,0.33493980123880385,84,2,8909,-0.0009483506059454708,9095,-2.6473971468524115e-08
0.837677640068292,0.020309176209047358,0.3310879509638305,84,2,8807,-0.000942830371505419,8993,-2.66230974051341e-08
0.837677640068292,0.024244620170823284,0.3266111648887798,84,2,8688,-0.0009363900979920255,8874,-2.6801479706681133e-08
0.837677640068292,0.028942661247167517,0.32143256384577484,84,3,8550,-0.000928971915649394,8737,-2.701520678306901e-08
0.837677640068292,0.0345510729459222,0.31547474756102833,84,3,8392,-0.0009204209642618631,8579,-2.72676926162602e-08
0.837677640068292,0.04124626382901352,0.30866337573287733,84,4,8210,-0.0009105694407651589,8398,-2.7569620950864687e-08
0.837677640068292,0.04923882631706739,0.30093184323518896,84,5,8005,-0.0008994229875482667,8194,-2.7924585909164105e-08
0.837677640068292,0.05878016072274912,0.29222700317880584,84,6,7773,-0.0008867669459150601,7963,-2.8347514414521454e-08
0.837677640068292,0.07017038286703829,0.28251570835948675,84,7,7515,-0.0008726571884602477,7706,-2.884721789230927e-08
0.837677640068292,0.0837677640068292,0.2717917055300606,84,8,7230,-0.0008570412823587891,7422,-2.9439450479485748e-08
0.837677640068292,0.1,0.26008215872967216,84,10,6918,-0.0008396441331854894,7112,-3.013149117869409e-08
0.837677640068292,0.1193776641714437,0.24745285539429934,84,12,6582,-0.0008207871835292409,6778,-3.094507553646663e-08
0.837677640068292,0.14251026703029984,0.2340110418165644,84,14,6225,-0.0008006442001283673,6423,-3.190071719373525e-08
0.837677640068292,0.17012542798525893,0.21990492469350056,84,17,5849,-0.0007788044837413472,6050,-3.3004385461768325e-08
0.837677640068292,0.20309176209047358,0.20531921430327305,84,20,5461,-0.0007560352308629393,5665,-3.4290422299661616e-08
0.837677640068292,0.24244620170823283,0.19046665697803242,84,24,5066,-0.0007319113846560784,5274,-3.575182613599445e-08
0.837677640068292,0.28942661247167517,0.17557620829953596,84,29,4670,-0.0007065120096925234,4883,-3.7395437976632795e-08
0.837677640068292,0.345510729459222,0.1608791608361531,84,35,4279,-0.0006799382822834389,4498,-3.9223437108937923e-08
0.837677640068292,0.41246263829013524,0.14659497095335616,84,41,3899,-0.0006533867185409886,4124,-4.129869910504953e-08
0.837677640068292,0.49238826317067413,0.13291859419619262,84,49,3536,-0.0006250723980271732,3769,-4.347724824561266e-08
0.837677640068292,0.5878016072274915,0.12001081713808269,84,59,3192,-0.0005948225817819562,3435,-4.5716899683495213e-08
0.837677640068292,0.701703828670383,0.10799246699026514,84,70,2873,-0.0005641020313690624,3127,-4.802503246799442e-08
0.837677640068292,0.837677640068292,0.09694266873211482,84,84,2579,-0.000530536999050786,2847,-5.012632266163889e-08
0.837677640068292,1.0,0.08690068919010657,84,100,2312,-0.0004957014699061112,2596,-5.200393095951649e-08
0.837677640068292,1.1937766417144369,0.07787048695124076,84,119,2071,-0.0004586987085905701,2374,-5.3417806986208236e-08
0.837677640068292,1.4251026703029992,0.06982691890855859,84,143,1857,-0.00041780821839294206,2184,-5.387597916092096e-08
0.837677640068292,1.7012542798525891,0.0627226053937925,84,170,1668,-0.0003763155895070532,2022,-5.3560431185176946e-08
0.837677640068292,2.030917620904737,0.05649465019089749,84,203,1503,-0.0003319283914851533,1890,-5.187191615645465e-08
0.837677640068292,2.424462017082328,0.05107066593766969,84,242,1358,-0.0002860063255799129,1784,-4.882320341070551e-08
0.837677640068292,2.8942661247167516,0.046373803383574934,84,289,1234,-0.00023850692207139388,1707,-4.409445776879162e-08
0.837677640068292,3.4551072945922217,0.042326685242205654,84,346,1126,-0.00019348237652642246,1656,-3.843511651299612e-08
0.837677640068292,4.1246263829013525,0.03885428727064891,84,412,1034,-0.00015100784340572377,1630,-3.191205481946825e-08
0.837677640068292,4.923882631706742,0.03588589326920987,84,492,955,-0.00010808854491281299,1631,-2.4041046466372997e-08
0.837677640068292,5.878016072274912,0.03335628843048528,84,588,887,-6.566110721999216e-05,1659,-1.5199330374998184e-08
0.837677640068292,7.01703828670383,0.03120636095305458,84,702,830,-2.4741018517472995e-05,1716,-5.882315386940797e-09
0.837677640068292,8.376776400682925,0.029383267888672286,84,838,782,1.4420536409856264e-05,1804,
0.837677640068292,10.0,0.027840297709335406,84,1000,741,5.1409421056993236e-05,1925,
1.0,0.01,0.379753134177337,100,1,10101,-0.0010565756894826514,10302,-2.6020827225283867e-08
1.0,0.011937766417144363,0.37731790966073,100,1,10037,-0.0010531120129712464,10238,-2.6100077151137485e-08
1.0,0.014251026703029978,0.3744540310020314,100,1,9960,-0.001048944777168463,10161,-2.6196767742275745e-08
1.0,0.017012542798525893,0.37109531739305324,100,2,9871,-0.0010442582325712953,10073,-2.6313012966066e-08
1.0,0.020309176209047358,0.36716898052568775,100,2,9767,-0.0010386297582269787,9969,-2.644842776233712e-08
1.0,0.024244620170823284,0.3625963977703341,100,2,9645,-0.0010320271248615309,9847,-2.6610982539877542e-08
1.0,0.028942661247167517,0.3572945703096183,100,3,9504,-0.0010244746118140762,9707,-2.6805374599389734e-08
1.0,0.0345510729459222,0.35117845350827004,100,3,9341,-0.001015653060678273,9544,-2.7035777695271728e-08
1.0,0.04124626382901352,0.3441643350267501,100,4,9155,-0.0010056151398330267,9359,-2.730868835088602e-08
1.0,0.04923882631706739,0.3361743860223486,100,5,8942,-0.0009940676103533392,9147,-2.7633714462328393e-08
1.0,0.05878016072274912,0.32714240692178614,100,6,8702,-0.0009810120671289988,8908,-2.8017709120037664e-08
1.0,0.07017038286703829,0.31702062036309164,100,7,8433,-0.0009663418070915449,8640,-2.847290159084077e-08
1.0,0.0837677640068292,0.3057871301666234,100,8,8134,-0.0009500041949114871,8342,-2.9013077049581207e-08
1.0,0.1,0.29345338749843153,100,10,7806,-0.0009318157839284178,8016,-2.9643563782160014e-08
1.0,0.1193776641714437,0.2800707328802615,100,12,7450,-0.0009119535966598294,7662,-3.0386298702513305e-08
1.0,0.14251026703029984,0.26573489293146474,100,14,7069,-0.0008905901816759212,7283,-3.1259746636571473e-08
1.0,0.17012542798525893,0.2505872961407381,100,17,6666,-0.000867407016544541,6883,-3.22684058087326e-08
1.0,0.20309176209047358,0.23481231003854774,100,20,6246,-0.0008430212052365539,6466,-3.344791323744461e-08
1.0,0.24244620170823283,0.21863001535212429,100,24,5816,-0.000817148772271911,6040,-3.4790053315391305e-08
1.0,0.28942661247167517,0.20228485546475572,100,29,5381,-0.0007898015439038239,5610,-3.630770670269958e-08
1.0,0.345510729459222,0.18603127443703657,100,35,4948,-0.0007611140067094446,5183,-3.8004394403028143e-08
1.0,0.41246263829013524,0.17011807475685903,100,41,4525,-0.0007323487773680613,4766,-3.992959911499162e-08
1.0,0.49238826317067413,0.15477350040893553,100,49,4117,-0.0007016733825949822,4366,-4.197364255518228e-08
1.0,0.5878016072274915,0.14019289456502415,100,59,3729,-0.0006690087956953214,3988,-4.40862468332996e-08
1.0,0.701703828670383,0.1265302441766764,100,70,3366,-0.0006357133423842977,3636,-4.6287559515385004e-08
1.0,0.837677640068292,0.11389417128376467,100,84,3030,-0.0005994121432400596,3314,-4.8324100551439825e-08
1.0,1.0,0.1023481741480858,100,100,2722,-0.0005615729224310924,3022,-5.0194219023158066e-08
1.0,1.1937766417144369,0.09191433824947305,100,119,2445,-0.0005214053190122903,2764,-5.1629400832982504e-08
1.0,1.4251026703029992,0.08257942057180509,100,143,2197,-0.00047681113214885967,2540,-5.221893901531702e-08
1.0,1.7012542798525891,0.07430216029439682,100,170,1976,-0.0004311977227074013,2346,-5.21147839868747e-08
1.0,2.030917620904737,0.06702081884412209,100,203,1783,-0.00038214182678400857,2186,-5.071557090696862e-08
1.0,2.424462017082328,0.0606602103571683,100,242,1614,-0.0003310607239036396,2056,-4.7993726283508206e-08
1.0,2.8942661247167516,0.05513776612386391,100,289,1467,-0.00027768560546502985,1956,-4.368186337345129e-08
1.0,3.4551072945922217,0.0503684259336295,100,346,1340,-0.00022663252696681317,1886,-3.837326904280616e-08
1.0,4.1246263829013525,0.04626833711824714,100,412,1231,-0.00017807769955016146,1843,-3.216721451411876e-08
1.0,4.923882631706742,0.04275746344654794,100,492,1137,-0.00012870341726806258,1829,-2.4561720852683698e-08
1.0,5.878016072274912,0.03976126981510697,100,588,1058,-7.972225169325281e-05,1846,-1.588092663212207e-08
1.0,7.01703828670383,0.037211669696948904,100,702,990,-3.210454594554197e-05,1892,-6.603156303073215e-09
1.0,8.376776400682925,0.035047415627798756,100,838,932,1.3755519953961527e-05,1970,
1.0,10.0,0.033214091122279084,100,1000,883,5.7265372977009725e-05,2083,
1.1937766417144369,0.01,0.4169893766932638,119,1,11092,-0.0011541111874805222,11312,-2.5883896731867815e-08
1.1937766417144369,0.011937766417144363,0.4145565007482195,119,1,11027,-0.001150593391014013,11247,-2.5956356953032237e-08
1.1937766417144369,0.014251026703029978,0.41169174293485594,119,1,10951,-0.0011464802751454816,11171,-2.604216507235784e-08
1.1937766417144369,0.017012542798525893,0.40832697338288243,119,2,10861,-0.0011417644100252219,11082,-2.6148274591210854e-08
1.1937766417144369,0.020309176209047358,0.40438666328157913,119,2,10757,-0.0011361359356836134,10978,-2.6269646366011085e-08
1.1937766417144369,0.024244620170823284,0.39978841439593454,119,2,10634,-0.00112947918237575,10855,-2.6416240203376055e-08
1.1937766417144369,0.028942661247167517,0.3944441317495866,119,3,10492,-0.0011219003377685144,10714,-2.6591617392000817e-08
1.1937766417144369,0.0345510729459222,0.3882620387876894,119,3,10328,-0.0011130246666913627,10550,-2.679791656694185e-08
1.1937766417144369,0.04124626382901352,0.38114973687133313,119,4,10139,-0.0011028548914547198,10362,-2.704467719793815e-08
1.1937766417144369,0.04923882631706739,0.3730184802848547,119,5,9922,-0.0010911238672197553,10146,-2.733824081027649e-08
1.1937766417144369,0.05878016072274912,0.36378875738445826,119,6,9677,-0.0010778329532850333,9902,-2.768430260408993e-08
1.1937766417144369,0.07017038286703829,0.3533971226552879,119,7,9400,-0.0010627669873197766,9626,-2.8096203334208656e-08
1.1937766417144369,0.0837677640068292,0.34180400573918235,119,8,9092,-0.0010459813663330222,9319,-2.8582630587048016e-08
1.1937766417144369,0.1,0.3290019416557338,119,10,8751,-0.0010271722139374995,8980,-2.9153697213904562e-08
1.1937766417144369,0.1193776641714437,0.3150233582003681,119,12,8380,-0.001006586091632888,8611,-2.9823889414621434e-08
1.1937766417144369,0.14251026703029984,0.2999467908774737,119,14,7979,-0.0009842318979789116,8212,-3.061469712833717e-08
1.1937766417144369,0.17012542798525893,0.28390026780609395,119,17,7552,-0.0009598918344859588,7788,-3.1529754121861736e-08
1.1937766417144369,0.20309176209047358,0.26706071467929227,119,20,7104,-0.0009341351443139177,7343,-3.259937687363175e-08
1.1937766417144369,0.24244620170823283,0.24964863431262707,119,24,6641,-0.0009066684424679149,6884,-3.382207790755828e-08
1.1937766417144369,0.28942661247167517,0.2319179983080301,119,29,6169,-0.0008775493949787168,6417,-3.5209011193175923e-08
1.1937766417144369,0.345510729459222,0.2141421284909935,119,35,5696,-0.0008469502444107737,5950,-3.6763184495649524e-08
1.1937766417144369,0.41246263829013524,0.19659713652703856,119,41,5229,-0.0008160221641530289,5489,-3.853523631247775e-08
1.1937766417144369,0.49238826317067413,0.1795450042991419,119,49,4776,-0.0007831380532753365,5044,-4.042628811043447e-08
1.1937766417144369,0.5878016072274915,0.16321846518315386,119,59,4342,-0.0007481533070434637,4620,-4.239789793967265e-08
1.1937766417144369,0.701703828670383,0.14780946243472481,119,70,3932,-0.0007123499576461931,4221,-4.447461807118643e-08
1.1937766417144369,0.837677640068292,0.13346223675631488,119,84,3550,-0.0006733846810116283,3853,-4.6430716473255766e-08
1.1937766417144369,1.0,0.12027124570007822,119,100,3199,-0.0006327446738652741,3518,-4.8245876772037677e-08
1.1937766417144369,1.1937766417144369,0.10828336508625445,119,119,2880,-0.0005894178893848571,3218,-4.970634924817482e-08
1.1937766417144369,1.4251026703029992,0.09750332058353907,119,143,2594,-0.0005412497619576822,2956,-5.040508120298773e-08
1.1937766417144369,1.7012542798525891,0.08790109693814442,119,170,2338,-0.0004916583854911975,2727,-5.0473091622133e-08
1.1937766417144369,2.030917620904737,0.07942013340880044,119,203,2113,-0.00043793686259110373,2535,-4.935055922820642e-08
1.1937766417144369,2.424462017082328,0.07198534596194053,119,242,1915,-0.000381549454573105,2376,-4.698306299385605e-08
1.1937766417144369,2.8942661247167516,0.06551032025541019,119,289,1743,-0.00032217307133369994,2251,-4.307126622108288e-08
1.1937766417144369,3.4551072945922217,0.05990331544898868,119,346,1593,-0.0002646671425675775,2158,-3.8152968511975996e-08
1.1937766417144369,4.1246263829013525,0.0550719603455633,119,412,1465,-0.00020957413426765865,2096,-3.2286879412672726e-08
1.1937766417144369,4.923882631706742,0.05092669275638225,119,492,1355,-0.00015320471111130346,2066,-2.498853549360683e-08
1.1937766417144369,5.878016072274912,0.047383093334059115,119,588,1260,-9.677443300576768e-05,2067,-1.6551125877504306e-08
1.1937766417144369,7.01703828670383,0.04436331016482185,119,702,1180,-4.1663734616819027e-05,2101,-7.3858774360608095e-09
1.1937766417144369,8.376776400682925,0.04179677696088503,119,838,1112,1.1736668506497543e-05,2169,
1.1937766417144369,10.0,0.03962041104495388,119,1000,1054,6.273922151737748e-05,2273,
1.4251026703029992,0.01,0.4548014349731938,143,1,12098,-0.001254487255689003,12342,-2.57933887591291e-08
1.4251026703029992,0.011937766417144363,0.4524085918190686,143,1,12034,-0.0012510235791711015,12278,-2.585827985058085e-08
1.4251026703029992,0.014251026703029978,0.4495874165318386,143,1,11959,-0.0012469645832516724,12203,-2.5935203478612154e-08
1.4251026703029992,0.017012542798525893,0.4462689136665275,143,2,11871,-0.001242380702263974,12116,-2.602989172754455e-08
1.4251026703029992,0.020309176209047358,0.4423760077065176,143,2,11767,-0.001236752227922366,12012,-2.6139797263381437e-08
1.4251026703029992,0.024244620170823284,0.43782380885404376,143,2,11646,-0.001230203714505687,11891,-2.6270125659435117e-08
1.4251026703029992,0.028942661247167517,0.4325204610370397,143,3,11505,-0.0012227064405225144,11751,-2.6427753437135573e-08
1.4251026703029992,0.0345510729459222,0.42636877593415234,143,3,11341,-0.001213830769445363,11587,-2.661325958003427e-08
1.4251026703029992,0.04124626382901352,0.4192688727769506,143,4,11153,-0.001203746010711275,11400,-2.6833991188195793e-08
1.4251026703029992,0.04923882631706739,0.41112203296716066,143,5,10936,-0.0011920490819920908,11184,-2.709695130914918e-08
1.4251026703029992,0.05878016072274912,0.4018359243032547,143,6,10689,-0.0011786869872901663,10938,-2.7408138292993055e-08
1.4251026703029992,0.07017038286703829,0.39133123376071205,143,7,10409,-0.0011634984599114757,10659,-2.7777741009202972e-08
1.4251026703029992,0.0837677640068292,0.37954955627479414,143,8,10096,-0.0011464845631504186,10347,-2.8214213440394206e-08
1.4251026703029992,0.1,0.3664621184230886,143,10,9748,-0.001127387990411613,10001,-2.8726920382510206e-08
1.4251026703029992,0.1193776641714437,0.3520785922830842,143,12,9365,-0.001106251627973856,9620,-2.933187400169312e-08
1.4251026703029992,0.14251026703029984,0.3364549306953265,143,14,8950,-0.0010832453575841362,9207,-3.0042581401229616e-08
1.4251026703029992,0.17012542798525893,0.31969891926132843,143,17,8504,-0.0010580447258297697,8764,-3.086838387880061e-08
1.4251026703029992,0.20309176209047358,0.30197210089395804,143,20,8032,-0.001031164760745537,8295,-3.183491589470955e-08
1.4251026703029992,0.24244620170823283,0.28348698004671186,143,24,7541,-0.0010024236253487935,7808,-3.294087034105989e-08
1.4251026703029992,0.28942661247167517,0.26449898985539483,143,29,7036,-0.0009718219113330068,7308,-3.419981388418521e-08
1.4251026703029992,0.345510729459222,0.24529353918964433,143,35,6525,-0.0009395204993179648,6803,-3.56175790172858e-08
1.4251026703029992,0.41246263829013524,0.22616937150484298,143,41,6016,-0.0009066512142201478,6300,-3.723719460408033e-08
1.4251026703029992,0.49238826317067413,0.20742021975175087,143,49,5517,-0.000871669784444103,5809,-3.898344295367187e-08
1.4251026703029992,0.5878016072274915,0.18931710601391183,143,59,5036,-0.000834532341064283,5338,-4.0816411085996425e-08
1.4251026703029992,0.701703828670383,0.17209349547541647,143,70,4578,-0.0007964191412262308,4891,-4.2760759260468766e-08
1.4251026703029992,0.837677640068292,0.15593491630341366,143,84,4148,-0.0007550003534038926,4475,-4.462440767207829e-08
1.4251026703029992,1.0,0.14097378509545996,143,100,3750,-0.0007116879981084642,4093,-4.6385191820925777e-08
1.4251026703029992,1.1937766417144369,0.12728927909898552,143,119,3386,-0.00066540559284773,3748,-4.7850251175588235e-08
1.4251026703029992,1.4251026703029992,0.11491138709682444,143,143,3057,-0.0006137630429325358,3443,-4.8657288959294104e-08
1.4251026703029992,1.7012542798525891,0.10382786970187231,143,170,2762,-0.0005602866859869588,3175,-4.888636994912824e-08
1.4251026703029992,2.030917620904737,0.09399277541450686,143,203,2500,-0.0005018628356434135,2946,-4.8043541608597883e-08
1.4251026703029992,2.424462017082328,0.08533531839776029,143,242,2270,-0.0004400798010848528,2755,-4.600938850860981e-08
1.4251026703029992,2.8942661247167516,0.07776822035397878,143,289,2069,-0.0003743578787430046,2601,-4.250202983004139e-08
1.4251026703029992,3.4551072945922217,0.07119495164378119,143,346,1894,-0.00030989367222116377,2483,-3.7953909641293784e-08
1.4251026703029992,4.1246263829013525,0.06551560508330731,143,412,1743,-0.00024744545343164255,2398,-3.244335301319556e-08
1.4251026703029992,4.923882631706742,0.06063136359850527,143,492,1613,-0.00018304492179826786,2348,-2.546889130350186e-08
1.4251026703029992,5.878016072274912,0.05644767217341399,143,588,1502,-0.00011813420364079233,2333,-1.7273607784879708e-08
1.4251026703029992,7.01703828670383,0.05287630480970309,143,702,1407,-5.41534118872257e-05,2352,-8.238766451730671e-09
1.4251026703029992,8.376776400682925,0.04983654560695386,143,838,1326,8.325517230893873e-06,2407,
1.4251026703029992,10.0,0.04725569744076236,143,1000,1257,6.842870991594466e-05,2500,
1.7012542798525891,0.01,0.49286957573843454,170,1,13110,-0.0013515168696164028,13381,-2.5640129567194756e-08
1.7012542798525891,0.011937766417144363,0.49055200469644306,170,1,13049,-0.001348215552935267,13320,-2.5696448299602933e-08
1.7012542798525891,0.014251026703029978,0.4878162068449493,170,1,12976,-0.0013442647969070228,13247,-2.576453851283225e-08
1.7012542798525891,0.017012542798525893,0.48459345648652774,170,2,12890,-0.0013398079245006164,13162,-2.5849049322824053e-08
1.7012542798525891,0.020309176209047358,0.48080641929949003,170,2,12789,-0.001334341809995785,13061,-2.5945823481290056e-08
1.7012542798525891,0.024244620170823284,0.47636915110245215,170,2,12671,-0.0013279556564158843,12943,-2.6060830057616067e-08
1.7012542798525891,0.028942661247167517,0.47118760259382,170,3,12534,-0.0013206974641701136,12807,-2.6199636258805245e-08
1.7012542798525891,0.0345510729459222,0.46516083028631805,170,3,12373,-0.001311984152929739,12646,-2.6363591940716144e-08
1.7012542798525891,0.04124626382901352,0.4581831411489612,170,4,12188,-0.001302087967591996,12462,-2.6559131228164565e-08
1.7012542798525891,0.04923882631706739,0.4501474063158428,170,5,11974,-0.0012905830112787447,12249,-2.6791700634795723e-08
1.7012542798525891,0.05878016072274912,0.44094975179493007,170,6,11729,-0.0012773619641515005,12005,-2.7067341162728863e-08
1.7012542798525891,0.07017038286703829,0.4304957523821211,170,7,11451,-0.0012623174839161207,11728,-2.7393448143836302e-08
1.7012542798525891,0.0837677640068292,0.41870810039883594,170,8,11138,-0.001245342206444473,11416,-2.777921495526373e-08
1.7012542798525891,0.1,0.40553548239716913,170,10,10787,-0.001226168236592763,11067,-2.8234508533498275e-08
1.7012542798525891,0.1193776641714437,0.39096208150359985,170,12,10400,-0.0012049095414480473,10682,-2.8769150027411474e-08
1.7012542798525891,0.14251026703029984,0.3750167669648288,170,14,9975,-0.0011814641602373164,10259,-2.9401357760235824e-08
1.7012542798525891,0.17012542798525893,0.35778070909480275,170,17,9517,-0.0011557796438317867,9804,-3.013374120275809e-08
1.7012542798525891,0.20309176209047358,0.3393919733198119,170,20,9028,-0.001128157039290498,9318,-3.0991622418836824e-08
1.7012542798525891,0.24244620170823283,0.3200457169445519,170,24,8513,-0.0010983667648862738,8807,-3.1979466746819825e-08
1.7012542798525891,0.28942661247167517,0.2999890186705544,170,29,7980,-0.0010665745065872485,8279,-3.3103898525318866e-08
1.7012542798525891,0.345510729459222,0.27951011171872164,170,35,7435,-0.0010328283973984342,7740,-3.4376049172855193e-08
1.7012542798525891,0.41246263829013524,0.2589227471027933,170,41,6887,-0.0009982372677446068,7198,-3.583176954465727e-08
1.7012542798525891,0.49238826317067413,0.23854735835249904,170,49,6345,-0.0009614195151722455,6664,-3.741077532869939e-08
1.7012542798525891,0.5878016072274915,0.2186913668908156,170,59,5817,-0.0009222844015467758,6146,-3.908481593197338e-08
1.7012542798525891,0.701703828670383,0.19963115249062496,170,70,5310,-0.0008820106072513222,5650,-4.087166854732726e-08
1.7012542798525891,0.837677640068292,0.18159785651636579,170,84,4831,-0.0008383792701639329,5185,-4.260490243743942e-08
1.7012542798525891,1.0,0.1647684003133582,170,100,4383,-0.0007926002520347054,4753,-4.427439682910878e-08
1.7012542798525891,1.1937766417144369,0.14926212372359282,170,119,3970,-0.0007436009127264045,4359,-4.5706614587645495e-08
1.7012542798525891,1.4251026703029992,0.13514254230172423,170,143,3595,-0.0006889086681599553,4008,-4.6569909292229795e-08
1.7012542798525891,1.7012542798525891,0.12242308239502704,170,170,3256,-0.000631862881503138,3696,-4.692980403320989e-08
1.7012542798525891,2.030917620904737,0.11107536086155577,170,203,2955,-0.0005692823626600973,3428,-4.630947390060175e-08
1.7012542798525891,2.424462017082328,0.10103860050647309,170,242,2688,-0.0005024715816554461,3200,-4.460862763276333e-08
1.7012542798525891,2.8942661247167516,0.0922290148053093,170,289,2453,-0.0004307156087842269,3012,-4.1530769336055047e-08
1.7012542798525891,3.4551072945922217,0.08454833979258757,170,346,2249,-0.00035946641256600227,2865,-3.7397670887016465e-08
1.7012542798525891,4.1246263829013525,0.07789104010422396,170,412,2072,-0.00028971577286616203,2754,-3.2298302437699226e-08
1.7012542798525891,4.923882631706742,0.07215000898371635,170,492,1919,-0.00021718843499630742,2681,-2.5739326261709816e-08
1.7012542798525891,5.878016072274912,0.06722079295886374,170,588,1788,-0.0001434746973261389,2646,-1.7911947231727705e-08
1.7012542798525891,7.01703828670383,0.06300450107907235,170,702,1676,-7.023255230149394e-05,2648,-9.149629012701138e-09
1.7012542798525891,8.376776400682925,0.05940962054130674,170,838,1580,1.8887897559807623e-06,2688,
1.7012542798525891,10.0,0.05635297453324931,170,1000,1499,7.175957405223087e-05,2769,
2.030917620904737,0.01,0.5309547452536503,203,1,14123,-0.0014481783307721942,14427,-2.5497892999017435e-08
2.030917620904737,0.011937766417144363,0.5287432518876267,203,1,14065,-0.0014450393739278494,14369,-2.554697995063732e-08
2.030917620904737,0.014251026703029978,0.5261295782405457,203,1,13995,-0.0014412509777363817,14299,-2.5606761739328793e-08
2.030917620904737,0.017012542798525893,0.5230463804068786,203,2,13913,-0.001437025237749366,14218,-2.5680884210185786e-08
2.030917620904737,0.020309176209047358,0.5194173603230215,203,2,13817,-0.0014318297229724978,14122,-2.576484485222136e-08
2.030917620904737,0.024244620170823284,0.5151570110410976,203,2,13703,-0.0014256600491749651,14008,-2.5866067622965058e-08
2.030917620904737,0.028942661247167517,0.5101707818134646,203,3,13571,-0.0014186912148067723,13877,-2.5988115310620486e-08
2.030917620904737,0.0345510729459222,0.5043558519945334,203,3,13416,-0.0014103026232327959,13722,-2.6131232596494272e-08
2.030917620904737,0.04124626382901352,0.4976027384319836,203,4,13236,-0.0014006996921359788,13543,-2.63037256039507e-08
2.030917620904737,0.04923882631706739,0.48979798444634537,203,5,13029,-0.0013895999386085087,13337,-2.650694221365231e-08
2.030917620904737,0.05878016072274912,0.48082817585313403,203,6,12790,-0.0013767334974150729,13099,-2.6748790483884918e-08
2.030917620904737,0.07017038286703829,0.4705854824798937,203,7,12518,-0.0013620469672858892,12828,-2.7034396556029715e-08
2.030917620904737,0.0837677640068292,0.4589748115881088,203,8,12209,-0.0013453245716837736,12520,-2.7373483054586722e-08
2.030917620904737,0.1,0.4459224645329422,203,10,11862,-0.0013264487413688607,12175,-2.77726333487335e-08
2.030917620904737,0.1193776641714437,0.43138590342001876,203,12,11475,-0.0013052824727449292,11790,-2.8243697343826228e-08
2.030917620904737,0.14251026703029984,0.41536387741876385,203,14,11049,-0.0012818849932515251,11366,-2.8797991446353317e-08
2.030917620904737,0.17012542798525893,0.3979057807737241,203,17,10584,-0.0012559902954764474,10904,-2.94446337086564e-08
2.030917620904737,0.20309176209047358,0.3791188081030747,203,20,10085,-0.001228010955373419,10408,-3.019971363090325e-08
2.030917620904737,0.24244620170823283,0.3591713576938898,203,24,9554,-0.0011976201518984575,9881,-3.1072312790868835e-08
2.030917620904737,0.28942661247167517,0.3382913267170645,203,29,8999,-0.0011649915782330363,9331,-3.206869572321725e-08
2.030917620904737,0.345510729459222,0.31675850541993855,203,35,8426,-0.0011301750238096914,8764,-3.319943081516043e-08
2.030917620904737,0.41246263829013524,0.29489116662313214,203,41,7844,-0.0010941966443470791,8188,-3.449548059101763e-08
2.030917620904737,0.49238826317067413,0.2730279910982565,203,49,7263,-0.001055864785673545,7615,-3.5908882657922224e-08
2.030917620904737,0.5878016072274915,0.2515074027652633,203,59,6690,-0.0010150004539684432,7052,-3.7423510580651985e-08
2.030917620904737,0.701703828670383,0.23064693697700628,203,70,6135,-0.0009728250033601256,6508,-3.904889027255351e-08
2.030917620904737,0.837677640068292,0.21072525801196043,203,84,5605,-0.0009271640883975732,5992,-4.065261053174785e-08
2.030917620904737,1.0,0.191968880565973,203,100,5106,-0.0008792212236442633,5509,-4.221545223240329e-08
2.030917620904737,1.1937766417144369,0.1745447105384263,203,119,4643,-0.0008278766077515144,5065,-4.3586217108113846e-08
2.030917620904737,1.4251026703029992,0.15855847701883063,203,143,4218,-0.0007704520462087445,4664,-4.4488511733961456e-08
2.030917620904737,1.7012542798525891,0.1440582445185909,203,170,3832,-0.0007102262619686256,4305,-4.4948184416722084e-08
2.030917620904737,2.030917620904737,0.1310416403497526,203,203,3486,-0.0006437283711176556,3992,-4.454867620191388e-08
2.030917620904737,2.424462017082328,0.11946524740683807,203,242,3178,-0.0005721796543938572,3723,-4.3160568333247127e-08
2.030917620904737,2.8942661247167516,0.10925473364134053,203,289,2906,-0.0004946158369261356,3498,-4.048918114981464e-08
2.030917620904737,3.4551072945922217,0.10031459906299184,203,346,2668,-0.00041643130595785935,3317,-3.678396837362948e-08
2.030917620904737,4.1246263829013525,0.09253679915422054,203,412,2461,-0.0003390391263560099,3176,-3.210901850137417e-08
2.030917620904737,4.923882631706742,0.08580785937577565,203,492,2282,-0.0002578558382416942,3077,-2.598567351019794e-08
2.030917620904737,5.878016072274912,0.08001437791775722,203,588,2128,-0.00017454043432000332,3019,-1.8562207201957176e-08
2.030917620904737,7.01703828670383,0.07504700676056221,203,702,1996,-9.097050890880783e-05,3001,-1.0120203460764025e-08
2.030917620904737,8.376776400682925,0.07080311133038725,203,838,1883,-7.933991531287253e-06,3024,-9.147920594128044e-10
2.030917620904737,10.0,0.06718835471291454,203,1000,1787,7.326444385122066e-05,3090,
2.424462017082328,0.01,0.5689279838898843,242,1,15133,-0.0015423327200011605,15476,-2.5336061108848633e-08
2.424462017082328,0.011937766417144363,0.5668474878191102,242,1,15078,-0.0015393561229910418,15421,-2.5378882581667495e-08
2.424462017082328,0.014251026703029978,0.5643858698493838,242,1,15013,-0.0015358383265245325,15356,-2.5429891986497764e-08
2.424462017082328,0.017012542798525893,0.5614781855910731,242,2,14935,-0.0015318384206179662,15279,-2.5494947417248622e-08
2.424462017082328,0.020309176209047358,0.5580503890422623,242,2,14844,-0.0015269135055648564,15188,-2.5567875176906505e-08
2.424462017082328,0.024244620170823284,0.5540188525955927,242,2,14737,-0.0015211226713815293,15081,-2.5654770818685984e-08
2.424462017082328,0.028942661247167517,0.5492902168312236,242,3,14611,-0.0015144919766083913,14956,-2.5761485594386558e-08
2.424462017082328,0.0345510729459222,0.5437617415632109,242,3,14464,-0.0015065363445995216,14809,-2.5885059442269405e-08
2.424462017082328,0.04124626382901352,0.5373223702588007,242,4,14293,-0.0014974378203027273,14639,-2.6034247023587875e-08
2.424462017082328,0.04923882631706739,0.5298547548766013,242,5,14094,-0.0014867920936664065,14441,-2.6211450270021094e-08
2.424462017082328,0.05878016072274912,0.5212385061635864,242,6,13865,-0.001474491501846003,14213,-2.642079095910986e-08
2.424462017082328,0.07017038286703829,0.5113549193469064,242,7,13602,-0.0014603201312320521,13951,-2.666910406399277e-08
2.424462017082328,0.0837677640068292,0.500093356487636,242,8,13302,-0.0014441161769403825,13652,-2.6963594177160884e-08
2.424462017082328,0.1,0.4873593228043075,242,10,12964,-0.0014257994271208421,13316,-2.7309979832991918e-08
2.424462017082328,0.1193776641714437,0.47308403861194237,242,12,12584,-0.0014050954650547368,12938,-2.771938183181568e-08
2.424462017082328,0.14251026703029984,0.4572349805898488,242,14,12162,-0.0013820083719221449,12518,-2.8201950288183512e-08
2.424462017082328,0.17012542798525893,0.43982647418554105,242,17,11699,-0.001356380257422555,12058,-2.8764293445500052e-08
2.424462017082328,0.20309176209047358,0.4209290311248796,242,20,11197,-0.0013284152319188612,11559,-2.9422264272842992e-08
2.424462017082328,0.24244620170823283,0.4006758507765688,242,24,10658,-0.001297850861427756,11024,-3.018398207888172e-08
2.424462017082328,0.28942661247167517,0.3792648722480759,242,29,10088,-0.0012647650148375521,10459,-3.105775642358255e-08
2.424462017082328,0.345510729459222,0.3569550870054382,242,35,9495,-0.00122932317266402,9872,-3.20495130657773e-08
2.424462017082328,0.41246263829013524,0.33405653514087674,242,41,8886,-0.0011923619370252606,9269,-3.3188463746632356e-08
2.424462017082328,0.49238826317067413,0.31091442421773197,242,49,8270,-0.0011527869893329693,8661,-3.444136683496069e-08
2.424462017082328,0.5878016072274915,0.28788890923589006,242,59,7658,-0.0011106174149980684,8059,-3.5788271033998274e-08
2.424462017082328,0.701703828670383,0.2653329604415043,242,70,7058,-0.0010668475496096476,7470,-3.724506177941794e-08
2.424462017082328,0.837677640068292,0.243571155205309,242,84,6479,-0.0010194947658082217,6905,-3.8702253656070973e-08
2.424462017082328,1.0,0.2228820309866238,242,100,5929,-0.0009696910940213202,6371,-4.01395435889279e-08
2.424462017082328,1.1937766417144369,0.2034858922290558,242,119,5413,-0.000916271250702243,5874,-4.143586355095387e-08
2.424462017082328,1.4251026703029992,0.18553890444842827,242,143,4935,-0.0008564847593818996,5420,-4.234782493853645e-08
2.424462017082328,1.7012542798525891,0.16913323254364887,242,170,4499,-0.0007935392758319423,5011,-4.2875474164250174e-08
2.424462017082328,2.030917620904737,0.15430214268755113,242,203,4104,-0.0007236236526564774,4649,-4.266397338933302e-08
2.424462017082328,2.424462017082328,0.14102852442396788,242,242,3751,-0.0006478638220982956,4335,-4.156170272634691e-08
2.424462017082328,2.8942661247167516,0.12925520590576348,242,289,3438,-0.0005649945425911872,4069,-3.9282106833844626e-08
2.424462017082328,3.4551072945922217,0.11889563930759585,242,346,3163,-0.0004802248793366245,3851,-3.5998866516988347e-08
2.424462017082328,4.1246263829013525,0.10984389558431332,242,412,2922,-0.0003952653396373458,3676,-3.176863363103567e-08
2.424462017082328,4.923882631706742,0.10198330822146469,242,492,2713,-0.0003052875063439038,3547,-2.6124208997424596e-08
2.424462017082328,5.878016072274912,0.0951934613286627,242,588,2532,-0.00021196946655080496,3462,-1.9168879232302854e-08
2.424462017082328,7.01703828670383,0.08935548690644952,242,702,2377,-0.00011743663747145228,3421,-1.1129325006771445e-08
2.424462017082328,8.376776400682925,0.08435581123189234,242,838,2244,-2.255217897317795e-05,3424,-2.220576897713465e-09
2.424462017082328,10.0,0.08008858324955895,242,1000,2130,7.11943164991415e-05,3472,
2.8942661247167516,0.01,0.6067928955511729,289,1,16141,-0.0016344429569938878,16531,-2.51630839824166e-08
2.8942661247167516,0.011937766417144363,0.6048616336908039,289,1,16089,-0.001631628719820682,16479,-2.5200455932732247e-08
2.8942661247167516,0.014251026703029978,0.6025741855652337,289,1,16028,-0.0016283274031367297,16418,-2.5244603316745676e-08
2.8942661247167516,0.017012542798525893,0.59986887206761,289,2,15957,-0.001624710428626281,16348,-2.5299528622779568e-08
2.8942661247167516,0.020309176209047358,0.5966749618384645,289,2,15872,-0.0016201102332470028,16263,-2.536217275234432e-08
2.8942661247167516,0.024244620170823284,0.5929120050657654,289,2,15771,-0.0016146441187375065,16162,-2.5437481193186397e-08
2.8942661247167516,0.028942661247167517,0.5884894090576459,289,3,15654,-0.0016085085794882825,16046,-2.5528640481975026e-08
2.8942661247167516,0.0345510729459222,0.5833064050905133,289,3,15516,-0.001601040026990161,15908,-2.563468725166775e-08
2.8942661247167516,0.04124626382901352,0.5772525983454092,289,4,15355,-0.0015924946226087988,15748,-2.5763101978690547e-08
2.8942661247167516,0.04923882631706739,0.570209334662918,289,5,15168,-0.0015825139642129742,15562,-2.5914812894458035e-08
2.8942661247167516,0.05878016072274912,0.5620521510240278,289,6,14951,-0.0015708820166407944,15346,-2.6094819127241225e-08
2.8942661247167516,0.07017038286703829,0.5526545879355623,289,7,14701,-0.00155743685734099,15097,-2.630805502265186e-08
2.8942661247167516,0.0837677640068292,0.5418936129053318,289,8,14414,-0.0015419624366192356,14811,-2.6561287730508942e-08
2.8942661247167516,0.1,0.5296568126314595,289,10,14089,-0.0015244106765102342,14488,-2.6859495665760447e-08
2.8942661247167516,0.1193776641714437,0.5158513352600971,289,12,13722,-0.0015044835719228008,14123,-2.721126393898969e-08
2.8942661247167516,0.14251026703029984,0.5004142891552988,289,14,13311,-0.0014820760779312252,13714,-2.7626448411490395e-08
2.8942661247167516,0.17012542798525893,0.48332393740058005,289,17,12856,-0.001457026110175174,13262,-2.8111636314396568e-08
2.8942661247167516,0.20309176209047358,0.46461060799306875,289,20,12359,-0.0014294970580773397,12768,-2.867884558285364e-08
2.8942661247167516,0.24244620170823283,0.444365852092328,289,24,11820,-0.0013991804053803051,12233,-2.9337227798215778e-08
2.8942661247167516,0.28942661247167517,0.4227481500222159,289,29,11245,-0.0013661700751956482,11663,-3.0093177567197856e-08
2.8942661247167516,0.345510729459222,0.39998352397517556,289,35,10640,-0.0013305358305651287,11064,-3.095421158024215e-08
2.8942661247167516,0.41246263829013524,0.37635986879145283,289,41,10011,-0.0012929821170187612,10441,-3.194599290949155e-08
2.8942661247167516,0.49238826317067413,0.3522146634113036,289,49,9369,-0.0012526850479315612,9807,-3.304017112231791e-08
2.8942661247167516,0.5878016072274915,0.32791684389843606,289,59,8723,-0.0012095524392590786,9171,-3.422615843970228e-08
2.8942661247167516,0.701703828670383,0.3038447442815687,289,70,8082,-0.0011645186619694266,8541,-3.551769487813544e-08
2.8942661247167516,0.837677640068292,0.2803628297383886,289,84,7458,-0.0011158827993189855,7931,-3.682173896449383e-08
2.8942661247167516,1.0,0.2578002067074533,289,100,6857,-0.0010645037739918392,7346,-3.8131023175550354e-08
2.8942661247167516,1.1937766417144369,0.23643351324706166,289,119,6289,-0.001009420395851636,6797,-3.9332153828383575e-08
2.8942661247167516,1.4251026703029992,0.216475891698564,289,143,5758,-0.0009478092794552999,6290,-4.022276690949329e-08
2.8942661247167516,1.7012542798525891,0.19807259732896204,289,170,5269,-0.0008826049404242454,5828,-4.079523644207281e-08
2.8942661247167516,2.030917620904737,0.18130271319311597,289,203,4823,-0.0008099128579016803,5415,-4.07318878445826e-08
2.8942661247167516,2.424462017082328,0.16618566191669729,289,242,4421,-0.0007305395003330369,5052,-3.988749660568042e-08
2.8942661247167516,2.8942661247167516,0.15269083325140806,289,289,4062,-0.0006429232954388847,4740,-3.798436106811324e-08
2.8942661247167516,3.4551072945922217,0.14074865357153055,289,346,3744,-0.0005518869883134492,4479,-3.5127425899907656e-08
2.8942661247167516,4.1246263829013525,0.1302616970887512,289,412,3465,-0.00045955759266804374,4266,-3.1345583020806475e-08
2.8942661247167516,4.923882631706742,0.12111484093086176,289,492,3222,-0.00036073506809811975,4103,-2.6199075321237546e-08
2.8942661247167516,5.878016072274912,0.11318388052246384,289,588,3011,-0.00025715229244699015,3988,-1.974904327217496e-08
2.8942661247167516,7.01703828670383,0.10634237291444644,289,702,2829,-0.00015097456923363924,3920,-1.2168499172534798e-08
2.8942661247167516,8.376776400682925,0.10046673113317586,289,838,2672,-4.3186191028251183e-05,3899,-3.6245229566303972e-09
2.8942661247167516,10.0,0.09543975094668018,289,1000,2539,6.437758307578886e-05,3928,
3.4551072945922217,0.01,0.6447006702328593,346,1,17149,-0.0017244207592832306,17596,-2.4976040428185777e-08
3.4551072945922217,0.011937766417144363,0.6429300571369925,346,1,17102,-0.0017218771218382174,17549,-2.500729245280978e-08
3.4551072945922217,0.014251026703029978,0.6408308515439988,346,1,17046,-0.0017188464048824574,17493,-2.5044752442518067e-08
3.4551072945922217,0.017012542798525893,0.6383453153991355,346,2,16980,-0.0017154989506229915,17428,-2.509213302455815e-08
3.4551072945922217,0.020309176209047358,0.6354068885966568,346,2,16902,-0.001711277594863183,17350,-2.5145139221570223e-08
3.4551072945922217,0.024244620170823284,0.6319393817379061,346,2,16810,-0.0017062985598644339,17258,-2.520828743447042e-08
3.4551072945922217,0.028942661247167517,0.6278563295849535,346,3,16701,-0.0017005987056509077,17150,-2.528658506908105e-08
3.4551072945922217,0.0345510729459222,0.6230606304558024,346,3,16573,-0.0016936713526091696,17022,-2.5376775184806486e-08
3.4551072945922217,0.04124626382901352,0.6174446379067444,346,4,16424,-0.0016857818043246686,16874,-2.5485770935879246e-08
3.4551072945922217,0.04923882631706739,0.6108909156637342,346,5,16250,-0.0016765147022353973,16701,-2.5614806530616755e-08
3.4551072945922217,0.05878016072274912,0.6032739092823381,346,6,16047,-0.0016656539027570154,16499,-2.5768160624335016e-08
3.4551072945922217,0.07017038286703829,0.5944628186022091,346,7,15813,-0.001653091497392566,16266,-2.5949164074916662e-08
3.4551072945922217,0.0837677640068292,0.5843259586673518,346,8,15543,-0.0016385572130822865,15997,-2.616416844572999e-08
3.4551072945922217,0.1,0.5727368530521113,346,10,15235,-0.00162197507264469,15691,-2.64182531866032e-08
3.4551072945922217,0.1193776641714437,0.559582188700973,346,12,14885,-0.0016030294560908194,15343,-2.6718048203120427e-08
3.4551072945922217,0.14251026703029984,0.5447715534752816,346,14,14491,-0.0015816145743850671,14951,-2.7071316143794794e-08
3.4551072945922217,0.17012542798525893,0.5282485658687067,346,17,14051,-0.0015575045799454284,14514,-2.748521326248837e-08
3.4551072945922217,0.20309176209047358,0.510002604653768,346,20,13566,-0.0015307743226164355,14032,-2.796956555118647e-08
3.4551072945922217,0.24244620170823283,0.4900799069241585,346,24,13036,-0.0015011732246088042,13506,-2.853182089574646e-08
3.4551072945922217,0.28942661247167517,0.46859242447344196,346,29,12465,-0.0014687057232835499,12940,-2.9178617726900762e-08
3.4551072945922217,0.345510729459222,0.4457226462326835,346,35,11856,-0.0014332958697482598,12337,-2.991954638864961e-08
3.4551072945922217,0.41246263829013524,0.4217227480379255,346,41,11218,-0.001395738177669843,11705,-3.077092038338242e-08
3.4551072945922217,0.49238826317067413,0.3969070075721022,346,49,10558,-0.0013551586757471297,11053,-3.171668209205256e-08
3.4551072945922217,0.5878016072274915,0.3716373958332549,346,59,9886,-0.0013115308903056137,10391,-3.2748155766825984e-08
3.4551072945922217,0.701703828670383,0.3463034538593884,346,70,9212,-0.0012657383206526897,9728,-3.387587840308023e-08
3.4551072945922217,0.837677640068292,0.32129869032436315,346,84,8547,-0.001216175964820968,9077,-3.503012745034184e-08
3.4551072945922217,1.0,0.296996468232759,346,100,7900,-0.001163704703406033,8446,-3.620060671330906e-08
3.4551072945922217,1.1937766417144369,0.2737284592392316,346,119,7281,-0.0011073447547831946,7846,-3.72981493072584e-08
3.4551072945922217,1.4251026703029992,0.2517681967461118,346,143,6697,-0.0010443969830599025,7286,-3.814870084596203e-08
3.4551072945922217,1.7012542798525891,0.23132122677023306,346,170,6153,-0.0009774355418266842,6769,-3.874407570265912e-08
3.4551072945922217,2.030917620904737,0.2125221449916385,346,203,5653,-0.0009025829110202672,6302,-3.880241223594288e-08
3.4551072945922217,2.424462017082328,0.19543773606877426,346,242,5199,-0.0008203338359394301,5887,-3.818347774806508e-08
3.4551072945922217,2.8942661247167516,0.18007471595651425,346,289,4790,-0.0007287398971486476,5525,-3.6629298675478645e-08
3.4551072945922217,3.4551072945922217,0.16639029212966716,346,346,4426,-0.0006321382675359435,5218,-3.4177025710204555e-08
3.4551072945922217,4.1246263829013525,0.1543038437604299,346,412,4104,-0.0005328297178841938,4962,-3.084576345283048e-08
3.4551072945922217,4.923882631706742,0.1437083545968346,346,492,3823,-0.00042543300781971565,4761,-2.6212754640771143e-08
3.4551072945922217,5.878016072274912,0.13448066381072243,346,588,3577,-0.0003114220206001145,4611,-2.0298658623394245e-08
3.4551072945922217,7.01703828670383,0.12649002193619915,346,702,3365,-0.0001931920256828777,4513,-1.3225083904906742e-08
3.4551072945922217,8.376776400682925,0.11960478312051659,346,838,3181,-7.165265432311568e-05,4465,-5.115123809474277e-09
3.4551072945922217,10.0,0.11369730628566412,346,1000,3024,5.115057637411544e-05,4470,
4.1246263829013525,0.01,0.6829586618891488,412,1,18167,-0.0018111386373261768,18680,-2.4748754968177214e-08
4.1246263829013525,0.011937766417144363,0.6813537113707061,412,1,18124,-0.0018088114796645852,18637,-2.4775184972600434e-08
4.1246263829013525,0.014251026703029978,0.679449228258041,412,1,18073,-0.0018060513624380545,18586,-2.4806694079226075e-08
4.1246263829013525,0.017012542798525893,0.6771918849921222,412,2,18013,-0.0018030231226426466,18527,-2.4846665416898364e-08
4.1246263829013525,0.020309176209047358,0.6745199158679422,412,2,17942,-0.0017991806065037388,18456,-2.489112927843362e-08
4.1246263829013525,0.024244620170823284,0.6713622152933407,412,2,17858,-0.0017946345310717907,18372,-2.4944187739023582e-08
4.1246263829013525,0.028942661247167517,0.6676375261040101,412,3,17759,-0.0017894737663972783,18274,-2.5009765990653916e-08
4.1246263829013525,0.0345510729459222,0.663253818648949,412,3,17643,-0.0017831958527055412,18158,-2.5084696958734244e-08
4.1246263829013525,0.04124626382901352,0.6581079990933563,412,4,17506,-0.0017759569425806504,18022,-2.5176594025810186e-08
4.1246263829013525,0.04923882631706739,0.6520861291148692,412,5,17345,-0.0017673978225051581,17862,-2.5285746491339517e-08
4.1246263829013525,0.05878016072274912,0.6450643856258502,412,6,17159,-0.0017574646256179995,17677,-2.5413781207421112e-08
4.1246263829013525,0.07017038286703829,0.6369110316989892,412,7,16942,-0.001745832882198318,17461,-2.5566108954827684e-08
4.1246263829013525,0.0837677640068292,0.627489697234517,412,8,16691,-0.0017323404792746549,17211,-2.5746692813665282e-08
4.1246263829013525,0.1,0.6166642632700416,412,10,16403,-0.0017168765700139893,16925,-2.5960573532736405e-08
4.1246263829013525,0.1193776641714437,0.6043055850753721,412,12,16075,-0.0016991684246032862,16599,-2.6212026789511388e-08
4.1246263829013525,0.14251026703029984,0.5903001514352032,412,14,15702,-0.0016789473114232865,16228,-2.6509415344416688e-08
4.1246263829013525,0.17012542798525893,0.5745605394659721,412,17,15283,-0.0016560780237085426,15812,-2.6857787316270293e-08
4.1246263829013525,0.20309176209047358,0.5570371789040348,412,20,14817,-0.0016305006237455207,15349,-2.726589671815252e-08
4.1246263829013525,0.24244620170823283,0.5377305086790408,412,24,14304,-0.0016020138260376933,14840,-2.773953847551069e-08
4.1246263829013525,0.28942661247167517,0.5167021558648143,412,29,13744,-0.0015704261773858209,14285,-2.8287302580935946e-08
4.1246263829013525,0.345510729459222,0.4940834044706592,412,35,13143,-0.0015358433180234878,13690,-2.891325736597993e-08
4.1246263829013525,0.41246263829013524,0.4700790942807837,412,41,12504,-0.001498671591934499,13057,-2.9636172199064624e-08
4.1246263829013525,0.49238826317067413,0.44496533685009576,412,49,11836,-0.0014583027360519504,12397,-3.044155591382842e-08
4.1246263829013525,0.5878016072274915,0.4190801276001799,412,59,11148,-0.0014146793416050523,11719,-3.132385673239272e-08
4.1246263829013525,0.701703828670383,0.39280701192597006,412,70,10449,-0.0013685422321794531,11031,-3.2293695601006494e-08
4.1246263829013525,0.837677640068292,0.3665532186862177,412,84,9750,-0.0013184520063149697,10346,-3.329760597825462e-08
4.1246263829013525,1.0,0.34072478467681877,412,100,9063,-0.0012652953519437108,9675,-3.43233331147925e-08
4.1246263829013525,1.1937766417144369,0.315701832658935,412,119,8398,-0.0012081037607539473,9029,-3.5300930974898385e-08
4.1246263829013525,1.4251026703029992,0.2918171323482562,412,143,7762,-0.0011441963735720538,8417,-3.6091107263415256e-08
4.1246263829013525,1.7012542798525891,0.2693403791037411,412,170,7164,-0.0010760026939607404,7846,-3.667607519124482e-08
4.1246263829013525,2.030917620904737,0.24846948636334135,412,203,6609,-0.000999616234100483,7324,-3.681692144305856e-08
4.1246263829013525,2.424462017082328,0.2293289364042928,412,242,6100,-0.0009152141580594127,6854,-3.638443818316819e-08
4.1246263829013525,2.8942661247167516,0.21197418477138208,412,289,5639,-0.0008206270745905495,6440,-3.5134095756755986e-08
4.1246263829013525,3.4551072945922217,0.19640046361137822,412,346,5224,-0.0007193360578638879,6082,-3.3066840942534155e-08
4.1246263829013525,4.1246263829013525,0.18255412201261448,412,412,4856,-0.0006139676789074082,5780,-3.017336735342089e-08
4.1246263829013525,4.923882631706742,0.17034479726452212,412,492,4531,-0.0004986733917253098,5535,-2.6070336246618036e-08
4.1246263829013525,5.878016072274912,0.15965708793430378,412,588,4247,-0.00037492967321677706,5347,-2.0728088965987234e-08
4.1246263829013525,7.01703828670383,0.15036085439636637,412,702,4000,-0.00024492896750923565,5214,-1.4228474933730431e-08
4.1246263829013525,8.376776400682925,0.1423196975034968,412,838,3786,-0.00010965696248052011,5136,-6.648294075452899e-09
4.1246263829013525,10.0,0.13539750176411458,412,1000,3602,2.880729751880683e-05,5114,
4.923882631706742,0.01,0.7220346274258579,492,1,19206,-0.0018966756121894723,19799,-2.4499471849716114e-08
4.923882631706742,0.011937766417144363,0.7205947798705711,492,1,19168,-0.0018946190542587598,19761,-2.4521051630864684e-08
4.923882631706742,0.014251026703029978,0.718884848858168,492,1,19122,-0.0018921295367636851,19715,-2.4547288394853273e-08
4.923882631706742,0.017012542798525893,0.7168561841335581,492,2,19068,-0.0018894166921712072,19662,-2.458065584486258e-08
4.923882631706742,0.020309176209047358,0.7144522010834348,492,2,19004,-0.0018859530156563227,19598,-2.461758276538732e-08
4.923882631706742,0.024244620170823284,0.7116074284101476,492,2,18929,-0.0018818940197404424,19523,-2.4661171795838583e-08
4.923882631706742,0.028942661247167517,0.7082465875863558,492,3,18839,-0.001877214167689065,19434,-2.4716121811287078e-08
4.923882631706742,0.0345510729459222,0.7042837816417056,492,3,18734,-0.001871531573404177,19329,-2.477832377969545e-08
4.923882631706742,0.04124626382901352,0.6996219038389947,492,4,18610,-0.0018649930750317546,19206,-2.4854644104586525e-08
4.923882631706742,0.04923882631706739,0.6941524170239631,492,5,18464,-0.0018572455873565091,19061,-2.4945208216680444e-08
4.923882631706742,0.05878016072274912,0.6877557004396487,492,6,18294,-0.0018481810557498396,18892,-2.5051929619511476e-08
4.923882631706742,0.07017038286703829,0.6803022086715396,492,7,18096,-0.0018375831904120581,18695,-2.51782358961958e-08
4.923882631706742,0.0837677640068292,0.6716547295011833,492,8,17866,-0.0018252357130218633,18466,-2.5327982252190598e-08
4.923882631706742,0.1,0.6616720511619265,492,10,17600,-0.0018109873363940372,18202,-2.550614540990447e-08
4.923882631706742,0.1193776641714437,0.6502143363797596,492,12,17296,-0.001794613381079174,17900,-2.5715214378964494e-08
4.923882631706742,0.14251026703029984,0.637150426993641,492,14,16948,-0.0017757905320102017,17554,-2.5962609023804815e-08
4.923882631706742,0.17012542798525893,0.6223671432594577,492,17,16555,-0.001754413926208403,17164,-2.625228458017332e-08
4.923882631706742,0.20309176209047358,0.6057803758353006,492,20,16114,-0.001730295000613294,16726,-2.6592103654842535e-08
4.923882631706742,0.24244620170823283,0.5873473928711405,492,24,15623,-0.0017031687077000825,16239,-2.6988158517146517e-08
4.923882631706742,0.28942661247167517,0.5670793289701291,492,29,15084,-0.0016729709476473488,15705,-2.7445099785871167e-08
4.923882631706742,0.345510729459222,0.545052362235198,492,35,14498,-0.0016395566763558098,15125,-2.7969714194302357e-08
4.923882631706742,0.41246263829013524,0.521415743623502,492,41,13870,-0.001603388023348046,14503,-2.8574270193146794e-08
4.923882631706742,0.49238826317067413,0.4963947721050783,492,49,13204,-0.0015637360402199348,13845,-2.9252222163981046e-08
4.923882631706742,0.5878016072274915,0.47028714533144017,492,59,12510,-0.001520629991685663,13161,-2.999802709920228e-08
4.923882631706742,0.701703828670383,0.4434519117031564,492,70,11796,-0.001474681158533378,12458,-3.0821409491564146e-08
4.923882631706742,0.837677640068292,0.41629141766297134,492,84,11073,-0.0014246306207093293,11749,-3.168098693980896e-08
4.923882631706742,1.0,0.38922793992166854,492,100,10353,-0.0013712490537606814,11045,-3.2568142071078316e-08
4.923882631706742,1.1937766417144369,0.36267777338585,492,119,9647,-0.0013136615272051452,10358,-3.342735253327426e-08
4.923882631706742,1.4251026703029992,0.3370260890429621,492,143,8965,-0.0012494218995158317,9700,-3.414187455979866e-08
4.923882631706742,1.7012542798525891,0.3126057099140693,492,170,8315,-0.0011805470560572629,9077,-3.469951960664461e-08
4.923882631706742,2.030917620904737,0.28968213063318743,492,203,7706,-0.0011033284316799158,8501,-3.4894475843003126e-08
4.923882631706742,2.424462017082328,0.26844588237676503,492,242,7141,-0.0010175736695814367,7975,-3.461370397923113e-08
4.923882631706742,2.8942661247167516,0.24901206874308401,492,289,6624,-0.0009208499266277503,7505,-3.3635896067054474e-08
4.923882631706742,3.4551072945922217,0.23142587900455977,492,346,6156,-0.0008159088527108043,7094,-3.191881905605212e-08
4.923882631706742,4.1246263829013525,0.21567229800265236,492,412,5737,-0.000705302171167423,6741,-2.944648343217364e-08
4.923882631706742,4.923882631706742,0.20168809509609573,492,492,5365,-0.0005829699105674235,6449,-2.585920469159969e-08
4.923882631706742,5.878016072274912,0.1893743886536818,492,588,5037,-0.00044996574811944864,6217,-2.1097418797798606e-08
4.923882631706742,7.01703828670383,0.17860849676432872,492,702,4751,-0.00030846695233352207,6045,-1.519691360397685e-08
4.923882631706742,8.376776400682925,0.1692542557086366,492,838,4502,-0.00015920022215914657,5932,-8.190154447944572e-09
4.923882631706742,10.0,0.16117041308934027,492,1000,4287,-4.305653630103247e-06,5879,-2.2975739755086698e-10
5.878016072274912,0.01,0.7625592984295089,588,1,20284,-0.001981575467480096,20973,-2.4217237610511408e-08
5.878016072274912,0.011937766417144363,0.7612794799405915,588,1,20250,-0.0019797353893297926,20939,-2.423503028963254e-08
5.878016072274912,0.014251026703029978,0.7597585119020218,588,1,20210,-0.001977570591505908,20899,-2.4256038851278787e-08
5.878016072274912,0.017012542798525893,0.7579525048759276,588,2,20162,-0.0019751702593065524,20852,-2.428348692255222e-08
5.878016072274912,0.020309176209047358,0.7558102226941379,588,2,20105,-0.0019720854224075175,20795,-2.4313714984681512e-08
5.878016072274912,0.024244620170823284,0.7532721179658758,588,2,20037,-0.0019684052661069107,20727,-2.4349999580728256e-08
5.878016072274912,0.028942661247167517,0.7502693539352012,588,3,19957,-0.0019642571426445217,20648,-2.439495203175054e-08
5.878016072274912,0.0345510729459222,0.7467228695854418,588,3,19863,-0.0019591698677563895,20554,-2.4445926253776245e-08
5.878016072274912,0.04124626382901352,0.7425425725480993,588,4,19752,-0.001953328208808185,20444,-2.450850952080533e-08
5.878016072274912,0.04923882631706739,0.7376267795008984,588,5,19621,-0.0019463884744993854,20314,-2.4582750981969328e-08
5.878016072274912,0.05878016072274912,0.7318620661809395,588,6,19468,-0.0019382425607634287,20162,-2.467024617217917e-08
5.878016072274912,0.07017038286703829,0.72512373709071,588,7,19288,-0.0019286200071759758,19983,-2.4774493650056854e-08
5.878016072274912,0.0837677640068292,0.717277173904609,588,8,19080,-0.0019174668286637204,19776,-2.489699320483692e-08
5.878016072274912,0.1,0.7081803629203519,588,10,18838,-0.0019045320685511995,19536,-2.5043156719936876e-08
5.878016072274912,0.1193776641714437,0.6976879217517208,588,12,18558,-0.0018894812669317136,19258,-2.5215946016811425e-08
5.878016072274912,0.14251026703029984,0.6856569239419961,588,14,18238,-0.0018722072198068458,18940,-2.5418948323334046e-08
5.878016072274912,0.17012542798525893,0.6719547323441493,588,17,17874,-0.001852466693641033,18579,-2.5657078068739117e-08
5.878016072274912,0.20309176209047358,0.6564688718583338,588,20,17462,-0.0018300025439086912,18170,-2.593688054748981e-08
5.878016072274912,0.24244620170823283,0.6391186804064516,588,24,17001,-0.001804640781598846,17713,-2.6262308364847282e-08
5.878016072274912,0.28942661247167517,0.6198680748844406,588,29,16488,-0.001776066560634517,17205,-2.6640066007207503e-08
5.878016072274912,0.345510729459222,0.5987382931153439,588,35,15926,-0.0017442640083761602,16649,-2.7073494162015306e-08
5.878016072274912,0.41246263829013524,0.5758190088900741,588,41,15317,-0.0017094876740915616,16046,-2.7573716052253523e-08
5.878016072274912,0.49238826317067413,0.5512758986714944,588,49,14664,-0.0016710930087423435,15401,-2.813619464823032e-08
5.878016072274912,0.5878016072274915,0.5253527235507659,588,59,13974,-0.0016289860726391371,14721,-2.8758824084867275e-08
5.878016072274912,0.701703828670383,0.4983664094369675,588,70,13257,-0.0015838253580848088,14015,-2.9446795784866115e-08
5.878016072274912,0.837677640068292,0.47069449726895246,588,84,12520,-0.0015343213837926966,13292,-3.017229182318683e-08
5.878016072274912,1.0,0.4427555767677639,588,100,11777,-0.0014812607258065935,12565,-3.0926606100855885e-08
5.878016072274912,1.1937766417144369,0.41498463943532904,588,119,11039,-0.0014238328907452758,11846,-3.1666768025827365e-08
5.878016072274912,1.4251026703029992,0.38780633076576254,588,143,10316,-0.0013597129785960327,11147,-3.2301056624207924e-08
5.878016072274912,1.7012542798525891,0.36160953221463965,588,170,9619,-0.0012907458068049898,10477,-3.2815015172751054e-08
5.878016072274912,2.030917620904737,0.33672641704415324,588,203,8957,-0.0012132735361687025,9848,-3.304211814506666e-08
5.878016072274912,2.424462017082328,0.3134181922931113,588,242,8337,-0.0011269814573771277,9267,-3.287768998707999e-08
5.878016072274912,2.8942661247167516,0.29186844813719826,588,289,7764,-0.0010291623027307022,8741,-3.2128189764639656e-08
5.878016072274912,3.4551072945922217,0.27218374696495684,588,346,7240,-0.0009216496138024989,8274,-3.0727799353287286e-08
5.878016072274912,4.1246263829013525,0.25440009860470747,588,412,6767,-0.0008069452596512801,7867,-2.8647588030789552e-08
5.878016072274912,4.923882631706742,0.23849343962024036,588,492,6344,-0.0006787173331966083,7524,-2.5557965551913253e-08
5.878016072274912,5.878016072274912,0.2243921594157136,588,588,5969,-0.0005376017930375356,7245,-2.1374117089596674e-08
5.878016072274912,7.01703828670383,0.21198997893873844,588,702,5639,-0.00038532514119772333,7029,-1.6091419911372395e-08
5.878016072274912,8.376776400682925,0.2011579316939498,588,838,5351,-0.00022247967442359784,6877,-9.70255884969899e-09
5.878016072274912,10.0,0.19175467921659833,588,1000,5101,-5.102939342099997e-05,6789,-2.309858474606191e-09
7.01703828670383,0.01,0.8053300259250379,702,1,21422,-0.0020667765388786676,22225,-2.389585666576485e-08
7.01703828670383,0.011937766417144363,0.8042017808375818,702,1,21392,-0.0020651529405101153,22195,-2.3910258541757247e-08
7.01703828670383,0.014251026703029978,0.8028600995981072,702,1,21356,-0.00206320462246785,22159,-2.3927593705774874e-08
7.01703828670383,0.017012542798525893,0.8012657832177906,702,2,21314,-0.0020611148986690382,22118,-2.3949743186951408e-08
7.01703828670383,0.020309176209047358,0.7993729228980896,702,2,21263,-0.0020583547814424993,22067,-2.3974501274721618e-08
7.01703828670383,0.024244620170823284,0.7971279546753232,702,2,21204,-0.0020551617046510122,22008,-2.4003290173452607e-08
7.01703828670383,0.028942661247167517,0.7944686671735591,702,3,21133,-0.002051488963263832,21938,-2.4039853325800442e-08
7.01703828670383,0.0345510729459222,0.7913232018435835,702,3,21049,-0.0020469428878318835,21854,-2.408139772275483e-08
7.01703828670383,0.04124626382901352,0.7876091073553304,702,4,20950,-0.0020417413504260186,21756,-2.4132347001702227e-08
7.01703828670383,0.04923882631706739,0.7832325391414251,702,5,20834,-0.0020356064372334497,21641,-2.4192225583036612e-08
7.01703828670383,0.05878016072274912,0.7780877321126802,702,6,20697,-0.002028321768515296,21505,-2.4263383038845113e-08
7.01703828670383,0.07017038286703829,0.7720569189512367,702,7,20537,-0.0020197792036441542,21346,-2.434730286346124e-08
7.01703828670383,0.0837677640068292,0.7650109159804835,702,8,20349,-0.0020097082413829273,21159,-2.4447220900943085e-08
7.01703828670383,0.1,0.7568106482947273,702,10,20131,-0.001998078541671125,20943,-2.4565734012874065e-08
7.01703828670383,0.1193776641714437,0.747309926163273,702,12,19878,-0.0019845036510840173,20692,-2.4705620236088157e-08
7.01703828670383,0.14251026703029984,0.7363598006647207,702,14,19587,-0.0019688219705831173,20403,-2.4870167886705033e-08
7.01703828670383,0.17012542798525893,0.7238147968863905,702,17,19253,-0.001950754194741212,20072,-2.5063974441305033e-08
7.01703828670383,0.20309176209047358,0.709541221812583,702,20,18874,-0.0019301421618602667,19696,-2.52907854223154e-08
7.01703828670383,0.24244620170823283,0.6934275448615217,702,24,18445,-0.0019066254535219484,19271,-2.5555926514247493e-08
7.01703828670383,0.28942661247167517,0.6753965343174045,702,29,17966,-0.0018800703317790458,18797,-2.5862443521274444e-08
7.01703828670383,0.345510729459222,0.6554184076860887,702,35,17434,-0.0018501565812643977,18271,-2.621620989988236e-08
7.01703828670383,0.41246263829013524,0.6335237621359752,702,41,16852,-0.0018171562912218532,17695,-2.662461049980005e-08
7.01703828670383,0.49238826317067413,0.6098145872044689,702,49,16221,-0.0017804401113779057,17072,-2.7085116169132208e-08
7.01703828670383,0.5878016072274915,0.5844713681650308,702,59,15547,-0.0017399024798431504,16408,-2.7596036096419457e-08
7.01703828670383,0.701703828670383,0.5577543266913265,702,70,14836,-0.0016959382794222361,15708,-2.816424670224253e-08
7.01703828670383,0.837677640068292,0.5299973407035553,702,84,14098,-0.0016476032012033735,14984,-2.876502673283588e-08
7.01703828670383,1.0,0.5015940550624709,702,100,13342,-0.0015953444116541958,14244,-2.939643286630175e-08
7.01703828670383,1.1937766417144369,0.47297699693016404,702,119,12581,-0.0015385432466057329,13502,-3.002328513231989e-08
7.01703828670383,1.4251026703029992,0.4445918473412748,702,143,11826,-0.001475089242152338,12771,-3.057243139033634e-08
7.01703828670383,1.7012542798525891,0.416870024208991,702,170,11089,-0.0014065857350808366,12061,-3.103127724763582e-08
7.01703828670383,2.030917620904737,0.39020309515396273,702,203,10379,-0.0013294918135229733,11384,-3.1266710884574054e-08
7.01703828670383,2.424462017082328,0.3649221452999282,702,242,9707,-0.001243423469382882,10751,-3.1185379950413374e-08
7.01703828670383,2.8942661247167516,0.3412842009060419,702,289,9078,-0.0011454140774808945,10169,-3.062358841485695e-08
7.01703828670383,3.4551072945922217,0.31946646626851144,702,346,8498,-0.0010365351372418035,9646,-2.949730043374512e-08
7.01703828670383,4.1246263829013525,0.299567837827517,702,412,7969,-0.0009190086896134245,9183,-2.777300361479071e-08
7.01703828670383,4.923882631706742,0.2816162074280375,702,492,7491,-0.0007862400707838627,8785,-2.515324303486668e-08
7.01703828670383,5.878016072274912,0.2655795914301537,702,588,7064,-0.0006383586401129256,8454,-2.153270728303736e-08
7.01703828670383,7.01703828670383,0.2513791006399807,702,702,6687,-0.0004766718914828753,8191,-1.6872146803159963e-08
7.01703828670383,8.376776400682925,0.23890206997428368,702,838,6355,-0.0003012688106416345,7995,-1.1133363290526034e-08
7.01703828670383,10.0,0.22801413441421575,702,1000,6065,-0.00011380632342179485,7867,-4.366753258452722e-09
8.376776400682925,0.01,0.8513179645173303,838,1,22645,-0.00215390495359562,23584,-2.3535057786859777e-08
8.376776400682925,0.011937766417144363,0.8503305384972837,838,1,22619,-0.00215249783500897,23558,-2.3546440245134497e-08
8.376776400682925,0.014251026703029978,0.8491556642629249,838,1,22588,-0.002150820116694117,23527,-2.3560045532353866e-08
8.376776400682925,0.017012542798525893,0.8477586430357752,838,2,22550,-0.0021489316412979633,23490,-2.35783590223608e-08
8.376776400682925,0.020309176209047358,0.8460987219924544,838,2,22506,-0.0021465503636897863,23446,-2.3597800928826637e-08
8.376776400682925,0.024244620170823284,0.844128191727939,838,2,22454,-0.002143736126516485,23394,-2.3620874945088866e-08
8.376776400682925,0.028942661247167517,0.8417914143667761,838,3,22392,-0.0021405373243774035,23333,-2.364999419259304e-08
8.376776400682925,0.0345510729459222,0.8390238074991025,838,3,22318,-0.0021365324484000124,23259,-2.368319918858715e-08
8.376776400682925,0.04124626382901352,0.8357508264268766,838,4,22231,-0.0021319692729145057,23173,-2.372386968280001e-08
8.376776400682925,0.04923882631706739,0.83188701073404,838,5,22128,-0.002126528876447379,23071,-2.3772051606364975e-08
8.376776400682925,0.05878016072274912,0.8273351920165214,838,6,22007,-0.002120103091477081,22951,-2.382887977652611e-08
8.376776400682925,0.07017038286703829,0.8219859983077311,838,7,21865,-0.0021125296300557855,22810,-2.389604241904627e-08
8.376776400682925,0.0837677640068292,0.8157178368093873,838,8,21698,-0.0021035920838129722,22644,-2.397583810678352e-08
8.376776400682925,0.1,0.8083975875042497,838,10,21503,-0.002093206688514383,22451,-2.4070914081352148e-08
8.376776400682925,0.1193776641714437,0.7998822904259518,838,12,21277,-0.002081100075355432,22227,-2.4182528938104908e-08
8.376776400682925,0.14251026703029984,0.7900221485538896,838,14,21015,-0.002067002199095352,21967,-2.431424033189846e-08
8.376776400682925,0.17012542798525893,0.7786651804203687,838,17,20712,-0.002050646852847886,21667,-2.4469850158680312e-08
8.376776400682925,0.20309176209047358,0.7656638192659584,838,20,20367,-0.002031924888588021,21325,-2.4651504241234817e-08
8.376776400682925,0.24244620170823283,0.750883642037416,838,24,19974,-0.002010445809871178,20936,-2.4863907218471615e-08
8.376776400682925,0.28942661247167517,0.7342141952444057,838,29,19530,-0.0019859309004143276,20497,-2.5110712258833026e-08
8.376776400682925,0.345510729459222,0.715581549580533,838,35,19034,-0.0019581875164272206,20007,-2.5395057858709368e-08
8.376776400682925,0.41246263829013524,0.6949617701575551,838,41,18486,-0.00192729626184221,19465,-2.5723693149529652e-08
8.376776400682925,0.49238826317067413,0.6723939844953661,838,49,17886,-0.0018926822294484027,18873,-2.609480400723005e-08
8.376776400682925,0.5878016072274915,0.6479912687329005,838,59,17237,-0.0018541211982269152,18234,-2.6508273618227394e-08
8.376776400682925,0.701703828670383,0.6219473034708168,838,70,16544,-0.001811918632764915,17552,-2.696949620095432e-08
8.376776400682925,0.837677640068292,0.5945368384768245,838,84,15815,-0.0017651974311946733,16837,-2.7460213297574335e-08
8.376776400682925,1.0,0.5661085687594901,838,100,15058,-0.0017143022641402795,16096,-2.7979472239926222e-08
8.376776400682925,1.1937766417144369,0.5370700642583843,838,119,14286,-0.001658712046416429,15343,-2.849971729723594e-08
8.376776400682925,1.4251026703029992,0.5078657465769478,838,143,13509,-0.0015964515868051986,14590,-2.89647765082497e-08
8.376776400682925,1.7012542798525891,0.47895025157210114,838,170,12740,-0.0015289260233223234,13848,-2.9364024416576847e-08
8.376776400682925,2.030917620904737,0.45076047879832937,838,203,11990,-0.0014528785352891018,13131,-2.958959156206802e-08
8.376776400682925,2.424462017082328,0.4236899117381809,838,242,11270,-0.0013677025026831585,12450,-2.9565553451862482e-08
8.376776400682925,2.8942661247167516,0.398068305955834,838,289,10589,-0.0012704713393938269,11816,-2.9150616969777823e-08
8.376776400682925,3.4551072945922217,0.37414874053936026,838,346,9952,-0.0011612728690780876,11236,-2.8260315124065208e-08
8.376776400682925,4.1246263829013525,0.35210264404213387,838,412,9366,-0.0010422310626176483,10716,-2.6851936482136557e-08
8.376776400682925,4.923882631706742,0.332022113570239,838,492,8832,-0.0009065108982860687,10262,-2.4661594708255856e-08
8.376776400682925,5.878016072274912,0.31392792647957884,838,588,8350,-0.0007535286236196243,9876,-2.1575004971070957e-08
8.376776400682925,7.01703828670383,0.29778121639949395,838,702,7921,-0.0005840737452548036,9561,-1.752711995123045e-08
8.376776400682925,8.376776400682925,0.2834968094706185,838,838,7541,-0.0003975661179744513,9317,-1.2447279836394844e-08
8.376776400682925,10.0,0.2709565546386309,838,1000,7207,-0.00019523679033119404,9145,-6.34586200127394e-09
10.0,0.01,0.9016808337374324,1000,1,23985,-0.0022448384534125526,25086,-2.3132886650102045e-08
10.0,0.011937766417144363,0.900822127232642,1000,1,23962,-0.002243593694662823,25063,-2.3141999346695922e-08
10.0,0.014251026703029978,0.8997999132854824,1000,1,23935,-0.0022421324561305326,25036,-2.3152718953031595e-08
10.0,0.017012542798525893,0.8985837173267773,1000,2,23902,-0.0022404989559241992,25004,-2.316719011399234e-08
10.0,0.020309176209047358,0.8971376604432095,1000,2,23864,-0.002238442397989864,24966,-2.3182360840011846e-08
10.0,0.024244620170823284,0.8954196160608978,1000,2,23818,-0.002235952880490405,24920,-2.3200789429622148e-08
10.0,0.028942661247167517,0.893380283799458,1000,3,23764,-0.0022331732057934064,24867,-2.3223756546900512e-08
10.0,0.0345510729459222,0.8909621946487362,1000,3,23700,-0.002229709529272421,24803,-2.3249632746341834e-08
10.0,0.04124626382901352,0.8880986745784313,1000,4,23623,-0.00222567549288128,24727,-2.328209854890665e-08
10.0,0.04923882631706739,0.8847128118740616,1000,5,23533,-0.0022209283466422475,24638,-2.332001581992553e-08
10.0,0.05878016072274912,0.880716498123345,1000,6,23427,-0.002215305782812118,24533,-2.3364753968950977e-08
10.0,0.07017038286703829,0.876009644918564,1000,7,23302,-0.002208645493353412,24409,-2.3417754263408916e-08
10.0,0.0837677640068292,0.8704797185092819,1000,8,23155,-0.0022007851699363482,24263,-2.3480551915503887e-08
10.0,0.1,0.8640017821709324,1000,10,22982,-0.0021915850556403268,24092,-2.3555805752921674e-08
10.0,0.1193776641714437,0.8564392881627823,1000,12,22781,-0.0021808326131097784,23893,-2.3644050187668354e-08
10.0,0.14251026703029984,0.847645911678474,1000,14,22547,-0.0021682576443405968,23661,-2.3748194391586128e-08
10.0,0.17012542798525893,0.8374687571903432,1000,17,22277,-0.0021537112094344914,23394,-2.3870448428201623e-08
10.0,0.20309176209047358,0.8257532760746431,1000,20,21965,-0.002136811673401879,23085,-2.4014516446413566e-08
10.0,0.24244620170823283,0.8123501901069797,1000,24,21609,-0.002117403855943144,22733,-2.418231904914509e-08
10.0,0.28942661247167517,0.7971245906875817,1000,29,21204,-0.0020951165788155464,22333,-2.437741088853972e-08
10.0,0.345510729459222,0.7799671520883699,1000,35,20747,-0.0020696668244775496,21882,-2.4602865143629562e-08
10.0,0.41246263829013524,0.7608070440076985,1000,41,20237,-0.0020410583706925453,21378,-2.4863969236956782e-08
10.0,0.49238826317067413,0.7396256667469991,1000,49,19674,-0.002008810240196722,20823,-2.5158873319515588e-08
10.0,0.5878016072274915,0.7164698175055522,1000,59,19058,-0.0019725788654392003,20217,-2.548847883396261e-08
10.0,0.701703828670383,0.6914624384429551,1000,70,18393,-0.0019325901379168885,19563,-2.585681595243489e-08
10.0,0.837677640068292,0.6648088519442306,1000,84,17684,-0.001887968879250415,18868,-2.6250957720389528e-08
10.0,1.0,0.6367965216209044,1000,100,16939,-0.0018390286089073327,18139,-2.666959523329852e-08
10.0,1.1937766417144369,0.6077870010540146,1000,119,16167,-0.0017851374637600425,17386,-2.7093925414118756e-08
10.0,1.4251026703029992,0.5781998319404794,1000,143,15380,-0.0017246362364491269,16623,-2.747855004459836e-08
10.0,1.7012542798525891,0.5484895440138936,1000,170,14590,-0.0016586685907031477,15860,-2.7816008564533753e-08
10.0,2.030917620904737,0.5191182566523965,1000,203,13809,-0.0015842554841513541,15112,-2.8020578435263343e-08
10.0,2.424462017082328,0.49052730384231796,1000,242,13048,-0.0015006356632853615,14390,-2.803145035464119e-08
10.0,2.8942661247167516,0.4631115148399164,1000,289,12319,-0.0014049584176639655,13708,-2.7730354636612365e-08
10.0,3.4551072945922217,0.4371992150024235,1000,346,11629,-0.0012965920980177903,13075,-2.7033737083895382e-08
10.0,4.1246263829013525,0.41303984483748063,1000,412,10987,-0.0011773538823025686,12499,-2.5898677569348186e-08
10.0,4.923882631706742,0.39079967967096707,1000,492,10395,-0.0010402018913616465,11987,-2.4094364202762126e-08
10.0,5.878016072274912,0.3705648441329488,1000,588,9857,-0.0008840169149147146,11545,-2.150055732354107e-08
10.0,7.01703828670383,0.3523499271456841,1000,702,9373,-0.000708761224789071,11175,-1.8037390563166666e-08
10.0,8.376776400682925,0.33611011714550737,1000,838,8941,-0.0005131276710265389,10879,-1.3610091534309556e-08
10.0,10.0,0.32175484058205944,1000,1000,8559,-0.00029772642186808317,10659,-8.193703816272655e-09
