beta_theory,gamma_theory,alpha_theory,m_beta,m_gamma,m_alpha,gm,area,fom
0.01,0.01,0.003790767991973091,1,1,31,-4.294956378463353e-06,133,-1.308241358045493e-08
0.01,0.014251026703029978,0.0037027426108672784,1,1,30,-4.240836413742887e-06,132,-1.3211328391722389e-08
0.01,0.017012542798525893,0.0036477181583576585,1,2,30,-4.239134033397233e-06,133,-1.3165012526078362e-08
0.01,0.020309176209047358,0.0035841353530609676,1,2,29,-4.185014068656048e-06,132,-1.3298424113937235e-08
0.01,0.028942661247167517,0.003427664930239257,1,3,28,-4.128296471130308e-06,132,-1.3386175327919287e-08
0.01,0.0345510729459222,0.0033331381396444273,1,3,27,-4.074176506389128e-06,131,-1.3530974780435495e-08
0.01,0.04124626382901352,0.0032269036284261884,1,4,26,-4.0166401728708535e-06,131,-1.3624966665097877e-08
0.01,0.04923882631706739,0.0031086256707310725,1,5,25,-3.958354890870224e-06,131,-1.3720467559342198e-08
0.01,0.05878016072274912,0.002978305930739641,1,6,24,-3.899384402106098e-06,131,-1.3817804401509915e-08
0.01,0.07017038286703829,0.0028363589859139145,1,7,23,-3.839786992597988e-06,131,-1.3917314217462806e-08
0.01,0.0837677640068292,0.002683669593924985,1,8,22,-3.779616017524596e-06,131,-1.4019347246011112e-08
0.01,0.1,0.0025216191448217394,1,10,21,-3.7118648580662695e-06,132,-1.4044134915120205e-08
0.01,0.1193776641714437,0.002352070397185234,1,12,19,-3.5882357867293125e-06,132,-1.4256002331066002e-08
0.01,0.14251026703029984,0.0021773042580970326,1,14,18,-3.5172598442027778e-06,133,-1.4274593523550234e-08
0.01,0.17012542798525893,0.0019999096449194818,1,17,16,-3.381514788650503e-06,134,-1.440168138266824e-08
0.01,0.20309176209047358,0.0018226359432661683,1,20,15,-3.2978178437465296e-06,136,-1.4307235764627027e-08
0.01,0.24244620170823283,0.0016482250793048534,1,24,13,-3.1478309162902537e-06,138,-1.4314829087268095e-08
0.01,0.28942661247167517,0.0014792445529485541,1,29,12,-3.0391344648961476e-06,142,-1.396661059235362e-08
0.01,0.345510729459222,0.001317942570951505,1,35,11,-2.9177426863455027e-06,147,-1.3489332807884893e-08
0.01,0.41246263829013524,0.0011661417419924936,1,41,10,-2.79586043428698e-06,152,-1.3004002019939441e-08
0.01,0.49238826317067413,0.0010251801139419241,1,49,8,-2.598186145964162e-06,158,-1.2467303963359702e-08
0.01,0.5878016072274915,0.0008958998821153653,1,59,7,-2.435596018846613e-06,167,-1.1537641017748049e-08
0.01,0.701703828670383,0.0007786770052041207,1,70,6,-2.267850426366757e-06,177,-1.0557962878802407e-08
0.01,0.837677640068292,0.0006734805656241057,1,84,6,-2.1327461829945894e-06,191,-9.321443107493835e-09
0.01,1.0,0.0005799493026523845,1,100,5,-1.937145911776419e-06,206,-8.156403839058607e-09
0.01,1.1937766417144369,0.0004974737918976819,1,119,4,-1.7315539007099923e-06,224,-6.948450644903661e-09
0.01,1.4251026703029992,0.0004252752866836651,1,143,3,-1.508515999778157e-06,247,-5.673245580211196e-09
0.01,1.7012542798525891,0.0003624753069846006,1,170,3,-1.3435381763795192e-06,274,-4.587020062750151e-09
0.01,2.030917620904737,0.0003081529331247602,1,203,3,-1.1709884633651816e-06,307,-3.5930913266805205e-09
0.01,2.424462017082328,0.00026138903039588237,1,242,2,-9.453813178535626e-07,345,-2.6436837747582847e-09
0.01,2.8942661247167516,0.00022129817271050178,1,289,2,-7.744440639483525e-07,392,-1.914098032497164e-09
0.01,3.4551072945922217,0.00018704990840312895,1,346,2,-6.06960638989744e-07,449,-1.3149060636692894e-09
0.01,4.1246263829013525,0.00015788136807176977,1,412,1,-4.22501093095826e-07,514,-8.120336211720662e-10
0.01,4.923882631706742,0.00013310322040682398,1,492,1,-2.9295526872394306e-07,594,-4.88014773819662e-10
0.01,5.878016072274912,0.00011210078382582165,1,588,1,-1.6768676401885162e-07,690,-2.4082545457252857e-10
0.01,7.01703828670383,9.433180946341416e-05,1,702,1,-4.9673385430370675e-08,804,-6.13024625822173e-11
0.01,8.376776400682925,7.932213760937578e-05,1,838,1,6.044618214078145e-08,940,
0.01,10.0,6.666013745859734e-05,1,1000,1,1.6159349347451985e-07,1102,
0.011937766417144363,0.01,0.004517148427122064,1,1,37,-4.619676166786164e-06,139,-1.2415146914233174e-08
0.011937766417144363,0.014251026703029978,0.004412441025320784,1,1,36,-4.565556202065696e-06,138,-1.2515230817066052e-08
0.011937766417144363,0.017012542798525893,0.004346984216105034,1,2,36,-4.563853821844352e-06,139,-1.247636364637603e-08
0.011937766417144363,0.020309176209047358,0.004271342154639449,1,2,35,-4.509733857103168e-06,138,-1.2579452878948866e-08
0.011937766417144363,0.024244620170823284,0.004184419381225889,1,2,34,-4.455613892361978e-06,137,-1.268682771173684e-08
0.011937766417144363,0.028942661247167517,0.004085175663271176,1,3,33,-4.3988962948362416e-06,137,-1.2754120889638277e-08
0.011937766417144363,0.04124626382901352,0.003846271746215484,1,4,31,-4.287239996576791e-06,136,-1.2940658003552043e-08
0.011937766417144363,0.04923882631706739,0.003705500749454097,1,5,30,-4.228954714576162e-06,136,-1.3012168352542038e-08
0.011937766417144363,0.05878016072274912,0.0035503795749328767,1,6,29,-4.169984225812039e-06,136,-1.3084355901512517e-08
0.011937766417144363,0.07017038286703829,0.003381396445854751,1,7,28,-4.110386816303922e-06,136,-1.3157448195595143e-08
0.011937766417144363,0.0837677640068292,0.003199599232411084,1,8,26,-3.996095876489343e-06,135,-1.3373814847688567e-08
0.011937766417144363,0.1,0.003006627442851382,1,10,25,-3.928344717031019e-06,136,-1.3384479444739417e-08
0.011937766417144363,0.1193776641714437,0.002804694627629059,1,12,23,-3.804715645606132e-06,136,-1.3544733519423754e-08
0.011937766417144363,0.14251026703029984,0.0025965136827819785,1,14,21,-3.679619738360392e-06,136,-1.3714572263736088e-08
0.011937766417144363,0.17012542798525893,0.0023851661837475725,1,17,20,-3.597994647527323e-06,138,-1.3628767604270164e-08
0.011937766417144363,0.20309176209047358,0.0021739269777356143,1,20,18,-3.460177737904144e-06,139,-1.3709103557464913e-08
0.011937766417144363,0.24244620170823283,0.0019660642309252707,1,24,16,-3.3101911838700527e-06,141,-1.3689789842307909e-08
0.011937766417144363,0.28942661247167517,0.0017646403362895542,1,29,14,-3.147374344358178e-06,144,-1.3554583739699302e-08
0.011937766417144363,0.345510729459222,0.001572338901963493,1,35,13,-3.0259825658075338e-06,149,-1.3105164858412881e-08
0.011937766417144363,0.41246263829013524,0.001391337518376489,1,41,11,-2.849980374017994e-06,153,-1.28204245344939e-08
0.011937766417144363,0.49238826317067413,0.0012232368746901662,1,49,10,-2.706425993389823e-06,160,-1.213643943224136e-08
0.011937766417144363,0.5878016072274915,0.001069046720544011,1,59,9,-2.543835871646661e-06,169,-1.127087227136314e-08
0.011937766417144363,0.701703828670383,0.0009292206907199563,1,70,8,-2.3760903899944978e-06,179,-1.035784825629685e-08
0.011937766417144363,0.837677640068292,0.0008037267290544174,1,84,7,-2.1868661227256043e-06,192,-9.262457105995783e-09
0.011937766417144363,1.0,0.0006921381333303215,1,100,6,-1.991266035428976e-06,207,-8.134256680673922e-09
0.011937766417144363,1.1937766417144369,0.0005937314622473138,1,119,5,-1.78567135245819e-06,225,-6.961681685996842e-09
0.011937766417144363,1.4251026703029992,0.0005075805615799896,1,143,4,-1.5626359645731142e-06,248,-5.7197509684228195e-09
0.011937766417144363,1.7012542798525891,0.00043263962308171075,1,170,4,-1.3976581411744764e-06,275,-4.6557566328263704e-09
0.011937766417144363,2.424462017082328,0.0003120011512732018,1,242,3,-9.995018138034974e-07,346,-2.739111575235674e-09
0.011937766417144363,4.1246263829013525,0.00018846087222286836,1,412,2,-4.766217490376707e-07,515,-9.033770830888375e-10
0.014251026703029978,0.01,0.005380852443115339,1,1,44,-4.998515919829437e-06,146,-1.181123799581625e-08
0.014251026703029978,0.014251026703029978,0.00525638681607076,1,1,43,-4.9443959551089745e-06,145,-1.1888424994250961e-08
0.014251026703029978,0.017012542798525893,0.005178572032119242,1,2,42,-4.888573610291472e-06,145,-1.1934994165750667e-08
0.014251026703029978,0.024244620170823284,0.00498529461535649,1,2,41,-4.834453645550289e-06,144,-1.2017036155978843e-08
0.014251026703029978,0.028942661247167517,0.004867286533737367,1,3,40,-4.7777360480245524e-06,144,-1.2064990020264022e-08
0.014251026703029978,0.0345510729459222,0.004733525768663259,1,3,39,-4.723616083283365e-06,143,-1.2152343924063198e-08
0.014251026703029978,0.04124626382901352,0.00458316638682008,1,4,38,-4.666079749765099e-06,143,-1.2202091395829235e-08
0.014251026703029978,0.04923882631706739,0.004415722002545785,1,5,36,-4.553674503023281e-06,142,-1.234727359821931e-08
0.014251026703029978,0.05878016072274912,0.0042311823160277985,1,6,35,-4.494704014259159e-06,142,-1.2399183487611473e-08
0.014251026703029978,0.07017038286703829,0.004030120693032158,1,7,33,-4.380986640009856e-06,141,-1.2556568185754819e-08
0.014251026703029978,0.0837677640068292,0.003813776255980398,1,8,31,-4.26669570019528e-06,140,-1.2725009544274622e-08
0.014251026703029978,0.1,0.0035840926565261,1,10,29,-4.1448245759957715e-06,140,-1.284420383016973e-08
0.014251026703029978,0.1193776641714437,0.0033436979548997145,1,12,27,-4.021195504482958e-06,140,-1.2967415364343625e-08
0.014251026703029978,0.14251026703029984,0.0030958165455066606,1,14,25,-3.896099597237213e-06,140,-1.309613309995702e-08
0.014251026703029978,0.17012542798525893,0.002844114326595018,1,17,23,-3.7603545416849373e-06,141,-1.315269164632717e-08
0.014251026703029978,0.20309176209047358,0.0025924903336101324,1,20,21,-3.622537632061758e-06,142,-1.320648061269325e-08
0.014251026703029978,0.24244620170823283,0.0023448387758888104,1,24,19,-3.4725510780276673e-06,144,-1.3168566848796615e-08
0.014251026703029978,0.28942661247167517,0.00210481169504261,1,29,17,-3.309734542664962e-06,147,-1.3025322875501621e-08
0.014251026703029978,0.345510729459222,0.0018756123290995241,1,35,15,-3.134222687518979e-06,151,-1.2766691191523336e-08
0.014251026703029978,0.41246263829013524,0.001659842762280549,1,41,14,-3.0123403462465272e-06,156,-1.2335546053425584e-08
0.014251026703029978,0.49238826317067413,0.0014594186050094716,1,49,12,-2.8146658728518528e-06,162,-1.1846236838602074e-08
0.014251026703029978,0.5878016072274915,0.0012755514431257403,1,59,10,-2.5979557871146635e-06,170,-1.1150024837401989e-08
0.014251026703029978,0.701703828670383,0.0011087896573249948,1,70,9,-2.4302103275495155e-06,180,-1.0267048278620682e-08
0.014251026703029978,0.837677640068292,0.0009591018685931302,1,84,8,-2.2409860916713366e-06,193,-9.20700941524789e-09
0.014251026703029978,1.0,0.000825985171263378,1,100,7,-2.045385975159991e-06,208,-8.113391412772673e-09
0.014251026703029978,1.1937766417144369,0.0007085817306175063,1,119,6,-1.8397914543441138e-06,226,-6.974190501683524e-09
0.014251026703029978,1.4251026703029992,0.0006057908958133038,1,143,5,-1.616755929368072e-06,249,-5.763835755322895e-09
0.014251026703029978,2.030917620904737,0.00043900776297941033,1,203,4,-1.225108426222372e-06,308,-3.6767959970659423e-09
0.014251026703029978,2.8942661247167516,0.0003152994770669741,1,289,3,-8.285639686322573e-07,393,-2.0115658379030285e-09
0.014251026703029978,4.923882631706742,0.00018965929327297257,1,492,2,-3.4707618384491746e-07,595,-5.712247923714902e-10
0.017012542798525893,0.01,0.006407063048622607,2,1,52,-7.988524076464824e-06,155,-1.65530958898981e-08
0.017012542798525893,0.014251026703029978,0.006259231220650217,2,1,51,-7.934404111723641e-06,154,-1.6693465414945594e-08
0.017012542798525893,0.017012542798525893,0.006166799188382426,2,2,50,-7.87706518547962e-06,154,-1.6795448156672964e-08
0.017012542798525893,0.024244620170823284,0.0059371855840028905,2,2,49,-7.822945220738433e-06,153,-1.6943784320421126e-08
0.017012542798525893,0.028942661247167517,0.005796971159126105,2,3,47,-7.709755397229112e-06,152,-1.720543494137271e-08
0.017012542798525893,0.0345510729459222,0.0056380206904063776,2,3,46,-7.655635432487929e-06,151,-1.7367593993847388e-08
0.017012542798525893,0.04124626382901352,0.005459321565378165,2,4,45,-7.5949801525737345e-06,151,-1.7479816231470046e-08
0.017012542798525893,0.04923882631706739,0.005260287100384624,2,5,43,-7.478752433157356e-06,150,-1.7768478102060718e-08
0.017012542798525893,0.05878016072274912,0.005040895313617628,2,6,41,-7.3611938458404764e-06,149,-1.807314963378462e-08
0.017012542798525893,0.07017038286703829,0.004801817306771923,2,7,39,-7.242415747928315e-06,148,-1.8395772791283503e-08
0.017012542798525893,0.0837677640068292,0.00454451562432219,2,8,37,-7.122520218456016e-06,147,-1.873854306355174e-08
0.017012542798525893,0.1,0.004271291358643312,2,10,35,-6.9879838322728315e-06,147,-1.9014921992579135e-08
0.017012542798525893,0.1193776641714437,0.003985261379775969,2,12,33,-6.850006565407194e-06,147,-1.9301230108219764e-08
0.017012542798525893,0.14251026703029984,0.0036902547464361993,2,14,30,-6.655028675277901e-06,146,-1.9865757239635526e-08
0.017012542798525893,0.17012542798525893,0.003390629512843651,2,17,28,-6.493481649060356e-06,147,-2.007879297792318e-08
0.017012542798525893,0.20309176209047358,0.003091025451581479,2,20,25,-6.2737073019720794e-06,147,-2.0603308052453463e-08
0.017012542798525893,0.24244620170823283,0.0027960810290111313,2,24,23,-6.0842972081086866e-06,149,-2.070192993572197e-08
0.017012542798525893,0.28942661247167517,0.0025101505489528142,2,29,21,-5.86974829849339e-06,152,-2.0646318320412914e-08
0.017012542798525893,0.345510729459222,0.0022370573439980143,2,35,18,-5.57610099109979e-06,155,-2.0775339013039458e-08
0.017012542798525893,0.41246263829013524,0.001979911253600152,2,41,16,-5.335381112175813e-06,159,-2.0536493888282576e-08
0.017012542798525893,0.49238826317067413,0.0017410057805876762,2,49,14,-5.051981706509697e-06,165,-1.995253438589928e-08
0.017012542798525893,0.5878016072274915,0.0015217960164834016,2,59,12,-4.730894466842663e-06,173,-1.903014668882809e-08
0.017012542798525893,0.701703828670383,0.0013229463006218542,2,70,11,-4.453398340458724e-06,183,-1.7651202300668743e-08
0.017012542798525893,0.837677640068292,0.0011444289459901116,2,84,9,-4.07908085050181e-06,195,-1.6206121773944418e-08
0.017012542798525893,1.0,0.0009856527977066259,2,100,8,-3.745840671907719e-06,210,-1.438494881684992e-08
0.017012542798525893,1.1937766417144369,0.0008456020221363188,2,119,7,-3.3923985533845534e-06,228,-1.2467469876459218e-08
0.017012542798525893,1.4251026703029992,0.000722969753038484,2,143,6,-3.0039650184320663e-06,251,-1.0401540922548706e-08
0.017012542798525893,1.7012542798525891,0.0006162763997131746,2,170,5,-2.6228624568536047e-06,277,-8.501985273431458e-09
0.017012542798525893,2.030917620904737,0.0005239673031186734,2,203,4,-2.2263002442580293e-06,309,-6.661580623153888e-09
0.017012542798525893,2.424462017082328,0.0004444883056876984,2,242,4,-1.8855591950843025e-06,348,-5.052409418768228e-09
0.017012542798525893,2.8942661247167516,0.0003763404533017455,2,289,3,-1.4914137316514693e-06,394,-3.6120458504516093e-09
0.017012542798525893,3.4551072945922217,0.00031811656603794277,2,346,3,-1.1579083948189042e-06,451,-2.464159171778898e-09
0.017012542798525893,4.1246263829013525,0.0002685230459120814,2,412,2,-8.439925182537921e-07,516,-1.5966562963560198e-09
0.017012542798525893,4.923882631706742,0.00022639031821481995,2,492,2,-5.856190389604214e-07,596,-9.622396302340148e-10
0.017012542798525893,5.878016072274912,0.00019067497785434388,2,588,2,-3.3562745041259203e-07,692,-4.763375679997049e-10
0.017012542798525893,7.01703828670383,0.0001604562218422674,2,702,1,-4.5913892795647755e-08,805,-5.6592990010659136e-11
0.017012542798525893,8.376776400682925,0.00013492861923059766,2,838,1,1.7404207684411114e-07,941,
0.017012542798525893,10.0,0.0001133927738353878,2,1000,1,3.761643452656334e-07,1103,
0.020309176209047358,0.01,0.007625258287912702,2,1,62,-8.529723723876698e-06,165,-1.5352274521016377e-08
0.020309176209047358,0.014251026703029978,0.007449843348743275,2,1,61,-8.475603759135509e-06,164,-1.5457967826254803e-08
0.020309176209047358,0.017012542798525893,0.007340152387986824,2,2,60,-8.418264832891497e-06,164,-1.5531853935224164e-08
0.020309176209047358,0.020309176209047358,0.007213362524054285,2,2,59,-8.364144868150307e-06,163,-1.5642687241724905e-08
0.020309176209047358,0.024244620170823284,0.007067623471879003,2,2,58,-8.310024903409125e-06,162,-1.575658874366539e-08
0.020309176209047358,0.028942661247167517,0.006901173320993427,2,3,56,-8.196835079899798e-06,161,-1.595335749299299e-08
0.020309176209047358,0.0345510729459222,0.006712454497493826,2,3,55,-8.142715115158612e-06,160,-1.6076436555100912e-08
0.020309176209047358,0.04124626382901352,0.0065002543349594825,2,4,53,-8.027939870503234e-06,159,-1.6287157375742005e-08
0.020309176209047358,0.04923882631706739,0.006263863979959884,2,5,51,-7.911712151086853e-06,158,-1.650680607362164e-08
0.020309176209047358,0.05878016072274912,0.006003243557943172,2,6,49,-7.79415356376997e-06,157,-1.6736425947541273e-08
0.020309176209047358,0.07017038286703829,0.005719175360658015,2,7,47,-7.67537546585781e-06,156,-1.6977163162702525e-08
0.020309176209047358,0.0837677640068292,0.005413381765840518,2,8,44,-7.50135997164432e-06,154,-1.7396474887857885e-08
0.020309176209047358,0.1,0.005088582619935009,2,10,42,-7.3668235853072636e-06,154,-1.759871855066236e-08
0.020309176209047358,0.1193776641714437,0.0047484698162288475,2,12,39,-7.174726353722427e-06,153,-1.799530061129277e-08
0.020309176209047358,0.14251026703029984,0.004397585826625363,2,14,36,-6.97974846359313e-06,152,-1.842594631360383e-08
0.020309176209047358,0.17012542798525893,0.004041107333634105,2,17,33,-6.7640814726563776e-06,152,-1.879433585067068e-08
0.020309176209047358,0.20309176209047358,0.003684552120804825,2,20,30,-6.544307125568105e-06,152,-1.9191516497267168e-08
0.020309176209047358,0.24244620170823283,0.0033334427048896044,2,24,27,-6.300777066985512e-06,153,-1.9501012277887688e-08
0.020309176209047358,0.28942661247167517,0.002992969358281973,2,29,24,-6.032108192572898e-06,155,-1.969989612205388e-08
0.020309176209047358,0.345510729459222,0.0026676953019779837,2,35,22,-5.79258084987245e-06,159,-1.946431737188323e-08
0.020309176209047358,0.41246263829013524,0.0023613379051961145,2,41,19,-5.497741006255311e-06,162,-1.9516297501793792e-08
0.020309176209047358,0.49238826317067413,0.0020766445157594524,2,49,17,-5.214341600589189e-06,168,-1.895434969316317e-08
0.020309176209047358,0.5878016072274915,0.0018153645178341578,2,59,15,-4.893254071200934e-06,176,-1.808966384917166e-08
0.020309176209047358,0.701703828670383,0.0015783047071932974,2,70,13,-4.561638219920755e-06,185,-1.7091188534734938e-08
0.020309176209047358,0.837677640068292,0.0013654458826247886,2,84,11,-4.187320845508458e-06,197,-1.5724073772093344e-08
0.020309176209047358,1.0,0.0011760953926090315,2,100,10,-3.8540805658342646e-06,212,-1.4014838421215507e-08
0.020309176209047358,1.1937766417144369,0.0010090522429531208,2,119,8,-3.44651850547315e-06,229,-1.2335427721807983e-08
0.020309176209047358,1.4251026703029992,0.0008627663645044353,2,143,7,-3.0580849581630812e-06,252,-1.0327878953607163e-08
0.020309176209047358,1.7012542798525891,0.0007354797967056311,2,170,6,-2.676982761316586e-06,278,-8.476829516518639e-09
0.020309176209047358,2.030917620904737,0.0006253433666994944,2,203,5,-2.280420561853603e-06,310,-6.677659039102791e-09
0.020309176209047358,2.8942661247167516,0.00044918566932753334,2,289,4,-1.5455365805334518e-06,395,-3.6780975262576197e-09
0.020309176209047358,4.1246263829013525,0.0003205154164078444,2,412,3,-8.981073609326218e-07,517,-1.675886099892931e-09
0.020309176209047358,7.01703828670383,0.00019153420501780887,2,702,2,-1.000043893110289e-07,806,-1.2216514697169424e-10
0.024244620170823284,0.01,0.009069809680665349,2,1,74,-9.17916330077095e-06,177,-1.4271087221347871e-08
0.024244620170823284,0.011937766417144363,0.008973841784353365,2,1,73,-9.125043336029755e-06,176,-1.4349808674366654e-08
0.024244620170823284,0.017012542798525893,0.008731877687375987,2,2,71,-9.013584445044567e-06,175,-1.4484307319692379e-08
0.024244620170823284,0.020309176209047358,0.008581565978313029,2,2,70,-8.959464480303368e-06,174,-1.4568234927322549e-08
0.024244620170823284,0.024244620170823284,0.008408767236094928,2,2,69,-8.905344515562173e-06,173,-1.4654178896761844e-08
0.024244620170823284,0.028942661247167517,0.008211382577452811,2,3,67,-8.792154692052856e-06,172,-1.4799115792043187e-08
0.024244620170823284,0.0345510729459222,0.007987552789965015,2,3,65,-8.68391476257048e-06,170,-1.4985185095031026e-08
0.024244620170823284,0.04124626382901352,0.007735824918016491,2,4,63,-8.569139517915101e-06,169,-1.514249782278689e-08
0.024244620170823284,0.04923882631706739,0.007455340883623326,2,5,61,-8.45291179849872e-06,168,-1.5304928116057795e-08
0.024244620170823284,0.05878016072274912,0.007146033943087739,2,6,58,-8.281233246440661e-06,166,-1.5583803625217656e-08
0.024244620170823284,0.07017038286703829,0.006808811442952542,2,7,56,-8.162455148528495e-06,165,-1.5763721800943405e-08
0.024244620170823284,0.0837677640068292,0.006445696280547706,2,8,53,-7.988439654315003e-06,163,-1.6076553943077085e-08
0.024244620170823284,0.1,0.0060598970145832156,2,10,50,-7.799783303060904e-06,162,-1.6351746966584704e-08
0.024244620170823284,0.1193776641714437,0.0056557799930970825,2,12,46,-7.553566106756861e-06,160,-1.6793166088832504e-08
0.024244620170823284,0.14251026703029984,0.005238727443416255,2,14,43,-7.358588216627564e-06,159,-1.7116976544841972e-08
0.024244620170823284,0.17012542798525893,0.004814882466566437,2,17,39,-7.088801260971611e-06,158,-1.7559577064581647e-08
0.024244620170823284,0.20309176209047358,0.004390802090917902,2,20,36,-6.869026913883334e-06,158,-1.7850901543355857e-08
0.024244620170823284,0.24244620170823283,0.003973057867505262,2,24,33,-6.625496855300733e-06,159,-1.8058045394659944e-08
0.024244620170823284,0.28942661247167517,0.0035678345945928196,2,29,29,-6.302708016038729e-06,160,-1.8391327738659847e-08
0.024244620170823284,0.345510729459222,0.003180578163119738,2,35,26,-6.009060708645114e-06,163,-1.8387578667824708e-08
0.024244620170823284,0.41246263829013524,0.002815733088067624,2,41,23,-5.7142208650279835e-06,166,-1.8379610373200335e-08
0.024244620170823284,0.49238826317067413,0.0024765923099270425,2,49,20,-5.376701494668686e-06,171,-1.8103372035921502e-08
0.024244620170823284,0.5878016072274915,0.002165261589433599,2,59,18,-5.0556139652804315e-06,179,-1.729006144076755e-08
0.024244620170823284,0.701703828670383,0.00188272345872038,2,70,15,-4.6698778416944505e-06,187,-1.658926409127691e-08
0.024244620170823284,0.837677640068292,0.0016289746062749797,2,84,13,-4.295560606495749e-06,199,-1.5292134590586508e-08
0.024244620170823284,1.0,0.0014032066668220329,2,100,11,-3.90820048547101e-06,213,-1.384413916213606e-08
0.024244620170823284,1.1937766417144369,0.0012040024991442915,2,119,10,-3.554758399399697e-06,231,-1.2091014963944547e-08
0.024244620170823284,1.4251026703029992,0.0010295259181796461,2,143,8,-3.112204916269699e-06,253,-1.0257761754349702e-08
0.024244620170823284,1.7012542798525891,0.0008776901606659494,2,170,7,-2.7310970455124407e-06,279,-8.452791846216157e-09
0.024244620170823284,2.030917620904737,0.0007462973114982008,2,203,6,-2.3345405016863844e-06,311,-6.6930633649265605e-09
0.024244620170823284,2.424462017082328,0.0006331464746264293,2,242,5,-1.939679537321432e-06,349,-5.09771231884739e-09
0.024244620170823284,3.4551072945922217,0.00045319764610945757,2,346,4,-1.212030883042088e-06,452,-2.5398803081351383e-09
0.024244620170823284,4.923882631706742,0.0003225529029627983,2,492,3,-6.397389788393885e-07,597,-1.0387059244023194e-09
0.024244620170823284,8.376776400682925,0.00019225994329030672,2,838,2,1.199554534282051e-07,942,
0.028942661247167517,0.01,0.010780607069052744,3,1,88,-1.2435945696223446e-05,192,-1.6661234855604833e-08
0.028942661247167517,0.011937766417144363,0.010667024205540736,3,1,87,-1.2381825731482287e-05,191,-1.675257168378066e-08
0.028942661247167517,0.014251026703029978,0.010534526700240302,3,1,86,-1.2327705766741077e-05,190,-1.6845730755317134e-08
0.028942661247167517,0.017012542798525893,0.010380601398822475,3,2,85,-1.2269022176600206e-05,190,-1.6911126363335913e-08
0.028942661247167517,0.020309176209047358,0.010202638061367801,3,2,84,-1.2214902211859006e-05,189,-1.7007661113699536e-08
0.028942661247167517,0.024244620170823284,0.009998019474059944,3,2,82,-1.2106662282376637e-05,187,-1.7206740026118016e-08
0.028942661247167517,0.028942661247167517,0.009764246441488118,3,3,80,-1.1991347266327408e-05,186,-1.7378764154097694e-08
0.028942661247167517,0.0345510729459222,0.009499099901371585,3,3,78,-1.1883107336845034e-05,184,-1.759417728286206e-08
0.028942661247167517,0.04124626382901352,0.00920083805905068,3,4,75,-1.171136865634468e-05,182,-1.789361139242885e-08
0.028942661247167517,0.04923882631706739,0.008868420028612448,3,5,73,-1.159163633781583e-05,181,-1.808649764053024e-08
0.028942661247167517,0.05878016072274912,0.00850173933247909,3,6,70,-1.1415844580889497e-05,179,-1.8412652549821767e-08
0.028942661247167517,0.07017038286703829,0.008101841883954077,3,7,66,-1.1184153058755784e-05,176,-1.8898535077316297e-08
0.028942661247167517,0.0837677640068292,0.007671095806028197,3,8,63,-1.100494826787267e-05,174,-1.927649022223274e-08
0.028942661247167517,0.1,0.007213277369656236,3,10,59,-1.0750406772375564e-05,172,-1.9772681207238484e-08
0.028942661247167517,0.1193776641714437,0.006733541193443363,3,12,55,-1.0490813444667185e-05,170,-2.0311352264602487e-08
0.028942661247167517,0.14251026703029984,0.0062382551950157464,3,14,51,-1.0226977228689564e-05,168,-2.0901241015102317e-08
0.028942661247167517,0.17012542798525893,0.005734700821664832,3,17,47,-9.932985856025732e-06,167,-2.1448900574445546e-08
0.028942661247167517,0.20309176209047358,0.0052306630778472,3,20,43,-9.632890123781304e-06,166,-2.2048272199087445e-08
0.028942661247167517,0.24244620170823283,0.004733956788160973,3,24,39,-9.298007787638118e-06,166,-2.2584425036769782e-08
0.028942661247167517,0.28942661247167517,0.004251949019150458,3,29,35,-8.926178354084936e-06,167,-2.3035298978283707e-08
0.028942661247167517,0.345510729459222,0.003791138412903694,3,35,31,-8.517488657763128e-06,169,-2.338042453407392e-08
0.028942661247167517,0.41246263829013524,0.0033568400938591195,3,41,27,-8.106713376126204e-06,171,-2.3766383395268847e-08
0.028942661247167517,0.49238826317067413,0.0029530036012537907,3,49,24,-7.687017068030287e-06,176,-2.3493328447525327e-08
0.028942661247167517,0.5878016072274915,0.0025821672098172636,3,59,21,-7.211361976918478e-06,183,-2.2871430310556545e-08
0.028942661247167517,0.701703828670383,0.0022455312202914217,3,70,18,-6.719609799891472e-06,191,-2.207493363959091e-08
0.028942661247167517,0.837677640068292,0.001943119409170234,3,84,16,-6.2183146292427425e-06,203,-2.0468448417520548e-08
0.028942661247167517,1.0,0.0016739929736984606,3,100,14,-5.697042988758914e-06,217,-1.866658908505542e-08
0.028942661247167517,1.1937766417144369,0.0014364836637944128,3,119,12,-5.14516600210362e-06,234,-1.6618753236768796e-08
0.028942661247167517,1.4251026703029992,0.0012284197046804276,3,143,10,-4.5406462329793405e-06,256,-1.423400073034276e-08
0.028942661247167517,1.7012542798525891,0.0010473267908544654,3,170,9,-4.000451003058102e-06,282,-1.1811192805013587e-08
0.028942661247167517,2.030917620904737,0.0008905947188944788,3,203,7,-3.382496662161214e-06,313,-9.472127309328517e-09
0.028942661247167517,2.424462017082328,0.0007556068805468284,3,242,6,-2.820579114725489e-06,351,-7.254575912359797e-09
0.028942661247167517,2.8942661247167516,0.000639834433563734,3,289,5,-2.2591801750728695e-06,397,-5.2722991250242e-09
0.028942661247167517,3.4551072945922217,0.0005408996349632867,3,346,4,-1.7069824929841171e-06,453,-3.5695995252700067e-09
0.028942661247167517,4.1246263829013525,0.0004566139668166501,3,412,4,-1.3185971063577533e-06,519,-2.4230009304626117e-09
0.028942661247167517,4.923882631706742,0.000384996785267348,3,492,3,-8.779891569702709e-07,598,-1.423227681909987e-09
0.028942661247167517,5.878016072274912,0.00032427970487278705,3,588,3,-5.038769594255141e-07,694,-7.067989331259842e-10
0.028942661247167517,7.01703828670383,0.00027290111664403485,3,702,2,-9.691417310275673e-08,807,-1.182456968066822e-10
0.028942661247167517,8.376776400682925,0.00022949434698823072,3,838,2,2.3259955828408118e-07,943,
0.028942661247167517,10.0,0.00019287212460651564,3,1000,2,5.35466184976902e-07,1105,
0.0345510729459222,0.01,0.012803683318777594,3,1,105,-1.3355985096823646e-05,209,-1.534288925539764e-08
0.0345510729459222,0.011937766417144363,0.012669469695870598,3,1,104,-1.3301865132082435e-05,208,-1.5409945704451384e-08
0.0345510729459222,0.014251026703029978,0.01251288753083068,3,1,102,-1.3193625202600073e-05,206,-1.5547519682536026e-08
0.0345510729459222,0.017012542798525893,0.012330957771899242,3,2,101,-1.3134941612459186e-05,206,-1.559413702060927e-08
0.0345510729459222,0.020309176209047358,0.01212058341341343,3,2,99,-1.3026701682976822e-05,204,-1.573843383227839e-08
0.0345510729459222,0.024244620170823284,0.011878655293291789,3,2,97,-1.2918461753494447e-05,202,-1.5887912622671808e-08
0.0345510729459222,0.028942661247167517,0.011602199166335135,3,3,95,-1.2803146737445219e-05,201,-1.60139421356413e-08
0.0345510729459222,0.0345510729459222,0.011288566835763547,3,3,92,-1.2640786843221656e-05,198,-1.6256155919780934e-08
0.0345510729459222,0.04124626382901352,0.010935669041403,3,4,90,-1.2523168127462477e-05,197,-1.6391581318668162e-08
0.0345510729459222,0.04923882631706739,0.010542240265023204,3,5,86,-1.229519587945126e-05,194,-1.670996993673724e-08
0.0345510729459222,0.05878016072274912,0.010108116002863227,3,6,83,-1.211940412252493e-05,192,-1.6952586547104394e-08
0.0345510729459222,0.07017038286703829,0.00963449268422315,3,7,79,-1.188771260039122e-05,189,-1.7311362458702813e-08
0.0345510729459222,0.0837677640068292,0.009124131683075704,3,8,75,-1.1654387844766918e-05,186,-1.769838700799836e-08
0.0345510729459222,0.1,0.008581465020113399,3,10,70,-1.1345726384286819e-05,183,-1.8182253820972465e-08
0.0345510729459222,0.1193776641714437,0.008012564643147611,3,12,66,-1.108613305657843e-05,181,-1.8575960215446434e-08
0.0345510729459222,0.14251026703029984,0.007424951522573943,3,14,61,-1.0768176875881615e-05,178,-1.915023452939999e-08
0.0345510729459222,0.17012542798525893,0.006827244357240641,3,17,56,-1.042006553849858e-05,176,-1.9705116373862672e-08
0.0345510729459222,0.20309176209047358,0.006228676122407245,3,20,51,-1.0065849841534941e-05,174,-2.0322733376811914e-08
0.0345510729459222,0.24244620170823283,0.005638532911653888,3,24,46,-9.676847540672552e-06,173,-2.0909350779327034e-08
0.0345510729459222,0.28942661247167517,0.005065585937037533,3,29,41,-9.250898142243914e-06,173,-2.14488711853557e-08
0.0345510729459222,0.345510729459222,0.004517589029338144,3,35,37,-8.842208445922126e-06,175,-2.1666769041710676e-08
0.0345510729459222,0.41246263829013524,0.004000900049118472,3,41,33,-8.431433164285195e-06,177,-2.1905516145194066e-08
0.0345510729459222,0.49238826317067413,0.003520259667471057,3,49,29,-7.957616891496118e-06,181,-2.187961751854858e-08
0.0345510729459222,0.5878016072274915,0.0030787323613715935,3,59,25,-7.427841835691141e-06,187,-2.156122448676674e-08
0.0345510729459222,0.701703828670383,0.002677789585539499,3,70,22,-6.936089658664132e-06,195,-2.079163566745843e-08
0.0345510729459222,0.837677640068292,0.002317498874819102,3,84,19,-6.380674523322239e-06,206,-1.9590649442192935e-08
0.0345510729459222,1.0,0.0019967765690201904,3,100,16,-5.805282150209451e-06,219,-1.8152852252062072e-08
0.0345510729459222,1.1937766417144369,0.0017136644289938976,3,119,14,-5.253406079516507e-06,236,-1.6204213693758506e-08
0.0345510729459222,1.4251026703029992,0.0014655985048903921,3,143,12,-4.648899421574113e-06,258,-1.3935549824862449e-08
0.0345510729459222,1.7012542798525891,0.0012496488986126631,3,170,10,-4.054562846326413e-06,283,-1.1718389729267089e-08
0.0345510729459222,2.030917620904737,0.0010627189432478416,3,203,9,-3.4907275136781304e-06,315,-9.391249700506135e-09
0.0345510729459222,2.424462017082328,0.0009017002938107538,3,242,7,-2.8746990545582705e-06,352,-7.257508342737365e-09
0.0345510729459222,2.8942661247167516,0.0007635859556961456,3,289,6,-2.3133001149056507e-06,398,-5.308169148475564e-09
0.0345510729459222,3.4551072945922217,0.000645546508078607,3,346,5,-1.7611087128459034e-06,454,-3.6274123848525304e-09
0.0345510729459222,4.923882631706742,0.00045951563806613467,3,492,4,-9.320994339082673e-07,599,-1.4932704804682268e-09
0.0345510729459222,7.01703828670383,0.0003257405031615102,3,702,3,-1.5103924471344256e-07,808,-1.8265720729645974e-10
0.04124626382901352,0.01,0.015191797713777279,4,1,124,-1.6827549490055135e-05,229,-1.665764154628305e-08
0.04124626382901352,0.011937766417144363,0.015033509092877739,4,1,123,-1.6773429525313947e-05,228,-1.6724927236328594e-08
0.04124626382901352,0.014251026703029978,0.014848813994300296,4,1,122,-1.671930956057276e-05,227,-1.679319963898429e-08
0.04124626382901352,0.017012542798525893,0.014634185860635031,4,2,120,-1.6605320367090208e-05,226,-1.690969487483728e-08
0.04124626382901352,0.020309176209047358,0.014385954503607343,4,2,118,-1.6497080437607833e-05,224,-1.7053008515203465e-08
0.04124626382901352,0.024244620170823284,0.014100429920312673,4,2,115,-1.633472054338426e-05,221,-1.7276277676768122e-08
0.04124626382901352,0.028942661247167517,0.013774074868264463,4,3,113,-1.6217490541207247e-05,220,-1.740260815667695e-08
0.04124626382901352,0.0345510729459222,0.013403729666120244,4,3,110,-1.605513064698368e-05,217,-1.7643000710971078e-08
0.04124626382901352,0.04124626382901352,0.012986886760884284,4,4,106,-1.5826683799939022e-05,214,-1.7948155817576575e-08
0.04124626382901352,0.04923882631706739,0.012522003765314626,4,5,102,-1.5595501833217233e-05,211,-1.8270269251660302e-08
0.04124626382901352,0.05878016072274912,0.01200883234015602,4,6,98,-1.5361806535725837e-05,208,-1.8611347874637554e-08
0.04124626382901352,0.07017038286703829,0.011448727985203244,4,7,94,-1.5125801556024146e-05,205,-1.897365975416978e-08
0.04124626382901352,0.0837677640068292,0.010844895311990522,4,8,89,-1.483355410671768e-05,201,-1.947427347606365e-08
0.04124626382901352,0.1,0.010202518522149873,4,10,84,-1.4513966694437433e-05,198,-1.995870007485896e-08
0.04124626382901352,0.1193776641714437,0.009528731497841367,4,12,78,-1.4133665578125718e-05,194,-2.062104694795115e-08
0.04124626382901352,0.14251026703029984,0.008832398488878,4,14,72,-1.37478094909892e-05,190,-2.136079784181044e-08
0.04124626382901352,0.17012542798525893,0.008123703991467017,4,17,66,-1.3322873087366407e-05,187,-2.2101647457475793e-08
0.04124626382901352,0.20309176209047358,0.00741358406501925,4,20,61,-1.294399550587959e-05,185,-2.2736686291725965e-08
0.04124626382901352,0.24244620170823283,0.006713062693810131,4,24,55,-1.2465708740120716e-05,183,-2.3542414995506546e-08
0.04124626382901352,0.28942661247167517,0.006032576825107992,4,29,49,-1.1939147389579456e-05,182,-2.4330848562419923e-08
0.04124626382901352,0.345510729459222,0.005381376160453997,4,35,44,-1.1418354302451772e-05,183,-2.481172164809164e-08
0.04124626382901352,0.41246263829013524,0.004767067858205098,4,41,39,-1.089441058836144e-05,184,-2.5353527084853244e-08
0.04124626382901352,0.49238826317067413,0.004195347044378664,4,49,34,-1.0287691980652005e-05,187,-2.5642303042502505e-08
0.04124626382901352,0.5878016072274915,0.003669920083981937,4,59,30,-9.66124336351215e-06,193,-2.5291212993487306e-08
0.04124626382901352,0.701703828670383,0.0031925977635167127,4,70,26,-9.012955080284588e-06,200,-2.4774477955702553e-08
0.04124626382901352,0.837677640068292,0.002763515880725768,4,84,23,-8.334428022791128e-06,211,-2.3417892730517362e-08
0.04124626382901352,1.0,0.0023814331232719565,4,100,19,-7.574622774298433e-06,223,-2.2102780199295105e-08
0.04124626382901352,1.1937766417144369,0.0020440588600508774,4,119,17,-6.8818727363978915e-06,240,-1.9826772504747598e-08
0.04124626382901352,1.4251026703029992,0.0017483729006920342,4,143,14,-6.064658397276714e-06,261,-1.736729208842129e-08
0.04124626382901352,1.7012542798525891,0.0014909114398326071,4,170,12,-5.314081288658947e-06,286,-1.4696021262884255e-08
0.04124626382901352,2.030917620904737,0.001268005178907749,4,203,10,-4.5313960347073565e-06,317,-1.1924726407124622e-08
0.04124626382901352,2.424462017082328,0.0010759651728564146,4,242,9,-3.804608064404538e-06,355,-9.241214632996205e-09
0.04124626382901352,2.8942661247167516,0.0009112186167998417,4,289,7,-3.0236398842259117e-06,400,-6.808466300891492e-09
0.04124626382901352,3.4551072945922217,0.0007704007107331163,4,346,6,-2.3083142996799564e-06,456,-4.674593559497684e-09
0.04124626382901352,4.1246263829013525,0.0006504104760504518,4,412,5,-1.7380798995487081e-06,521,-3.145845972033861e-09
0.04124626382901352,4.923882631706742,0.0005484386180100842,4,492,4,-1.1700532524018137e-06,600,-1.871486328217872e-09
0.04124626382901352,5.878016072274912,0.00046197484040021175,4,588,4,-6.723723712501471e-07,696,-9.32296687812184e-10
0.04124626382901352,7.01703828670383,0.00038880088945941846,4,702,3,-1.4862982925587363e-07,809,-1.7952630662625154e-10
0.04124626382901352,8.376776400682925,0.0003269743495377029,4,838,3,2.902692518002741e-07,945,
0.04124626382901352,10.0,0.00027480702137496204,4,1000,2,7.477599106928851e-07,1106,
0.04923882631706739,0.01,0.018004917776018686,5,1,147,-2.0461795400210736e-05,253,-1.7353740480205865e-08
0.04923882631706739,0.011937766417144363,0.017818656241439985,5,1,146,-2.0407675435469555e-05,252,-1.7415664307449697e-08
0.04923882631706739,0.014251026703029978,0.01760128628515121,5,1,144,-2.029943550598718e-05,250,-1.754185577772829e-08
0.04923882631706739,0.017012542798525893,0.01734863990611648,5,2,142,-2.0184407803615307e-05,249,-1.764988440330125e-08
0.04923882631706739,0.020309176209047358,0.017056373799894404,5,2,140,-2.0076167874132905e-05,247,-1.7782256752996374e-08
0.04923882631706739,0.024244620170823284,0.016720113710225214,5,2,137,-1.9913807979909345e-05,244,-1.7987361557139687e-08
0.04923882631706739,0.028942661247167517,0.016335656259064628,5,3,134,-1.9740737687879665e-05,242,-1.8174127865843923e-08
0.04923882631706739,0.0345510729459222,0.015899232590809314,5,3,130,-1.952425782891491e-05,238,-1.8471388674470113e-08
0.04923882631706739,0.04124626382901352,0.015407831291460228,5,4,126,-1.9293459431833482e-05,235,-1.8753362589262718e-08
0.04923882631706739,0.04923882631706739,0.014859567720679995,5,5,122,-1.9059341437187814e-05,232,-1.904791268957407e-08
0.04923882631706739,0.05878016072274912,0.014254073574451928,5,6,117,-1.8768048899569134e-05,228,-1.9446740130109973e-08
0.04923882631706739,0.07017038286703829,0.013592865904431331,5,7,111,-1.841982547761782e-05,223,-1.9971620381240185e-08
0.04923882631706739,0.0837677640068292,0.012879642210710054,5,8,105,-1.806901537794714e-05,218,-2.0544645114209372e-08
0.04923882631706739,0.1,0.012120442091520252,5,10,99,-1.7685164981925136e-05,214,-2.1111573334039794e-08
0.04923882631706739,0.1193776641714437,0.011323620914650142,5,12,93,-1.7293245156655195e-05,210,-2.1727911994792305e-08
0.04923882631706739,0.14251026703029984,0.010499599994555181,5,14,86,-1.6840386998409635e-05,205,-2.255006293306057e-08
0.04923882631706739,0.17012542798525893,0.009660389991262827,5,17,79,-1.634003339024706e-05,201,-2.3386336611202318e-08
0.04923882631706739,0.20309176209047358,0.00881892398823558,5,20,72,-1.5829703428074294e-05,197,-2.433093056882e-08
0.04923882631706739,0.24244620170823283,0.007988274205277299,5,24,65,-1.526408449696574e-05,194,-2.5292600657772562e-08
0.04923882631706739,0.28942661247167517,0.007180850796078276,5,29,59,-1.4693445168095176e-05,193,-2.6019913525934433e-08
0.04923882631706739,0.345510729459222,0.006407685047494268,5,35,52,-1.4009222372898515e-05,192,-2.6961551910890142e-08
0.04923882631706739,0.41246263829013524,0.005677881299586108,5,41,46,-1.3374749294955046e-05,192,-2.7759961176743558e-08
0.04923882631706739,0.49238826317067413,0.004998287728104745,5,49,41,-1.2692496986145932e-05,195,-2.800021395575983e-08
0.04923882631706739,0.5878016072274915,0.004373395927542129,5,59,36,-1.1918880217287995e-05,200,-2.792614858783504e-08
0.04923882631706739,0.701703828670383,0.0038054435359415263,5,70,31,-1.1117526663527075e-05,206,-2.770377937584619e-08
0.04923882631706739,0.837677640068292,0.0032946702574550408,5,84,27,-1.0265508224681099e-05,216,-2.6587692889616934e-08
0.04923882631706739,1.0,0.002839668018674688,5,100,23,-9.378924577837145e-06,228,-2.5151312893100417e-08
0.04923882631706739,1.1937766417144369,0.00243776879393206,5,119,20,-8.494534188790807e-06,244,-2.2958200510245425e-08
0.04923882631706739,1.4251026703029992,0.0020854245667576428,5,143,17,-7.522018974771638e-06,265,-2.021504696256823e-08
0.04923882631706739,1.7012542798525891,0.0017785482484072223,5,170,15,-6.617989483134698e-06,290,-1.721193623702132e-08
0.04923882631706739,2.030917620904737,0.001512798401109733,5,203,12,-5.619002715033378e-06,320,-1.4203748015756768e-08
0.04923882631706739,2.424462017082328,0.001283802071492465,5,242,11,-4.729439671024756e-06,358,-1.1068194877193437e-08
0.04923882631706739,2.8942661247167516,0.0010873180880210523,5,289,9,-3.784820872459198e-06,403,-8.2332409668462e-09
0.04923882631706739,3.4551072945922217,0.0009193479525906887,5,346,8,-2.9077822599682493e-06,459,-5.708249430640458e-09
0.04923882631706739,4.1246263829013525,0.0007762036082089512,5,412,6,-2.1565836838890843e-06,523,-3.845548651728039e-09
0.04923882631706739,4.923882631706742,0.0006545416873175754,5,492,5,-1.4618491167861508e-06,602,-2.3075755592520137e-09
0.04923882631706739,5.878016072274912,0.000551373064127695,5,588,5,-8.41110536152783e-07,698,-1.152995937152547e-09
0.04923882631706739,7.01703828670383,0.0004640552102105835,5,702,4,-2.0101457129847748e-07,811,-2.403905420933718e-10
0.04923882631706739,8.376776400682925,0.00039027336717461467,5,838,3,4.0102053828688134e-07,946,
0.04923882631706739,10.0,0.00032801513239335547,5,1000,3,9.049250145254179e-07,1108,
0.05878016072274912,0.01,0.021310515290277842,6,1,174,-2.4260641096798693e-05,281,-1.7615917148416127e-08
0.05878016072274912,0.011937766417144363,0.021091918369086835,6,1,173,-2.4206521132057454e-05,280,-1.7670283328752068e-08
0.05878016072274912,0.014251026703029978,0.02083676375027247,6,1,171,-2.40982812025751e-05,278,-1.7780772672157528e-08
0.05878016072274912,0.017012542798525893,0.020540134676102766,6,2,168,-2.39282311587599e-05,276,-1.793182790674453e-08
0.05878016072274912,0.020309176209047358,0.02019689993498982,6,2,165,-2.376587126453635e-05,273,-1.8107330487265792e-08
0.05878016072274912,0.024244620170823284,0.01980188139068477,6,2,162,-2.3603511370312784e-05,270,-1.8288789222309612e-08
0.05878016072274912,0.028942661247167517,0.01935008909940056,6,3,158,-2.337478110744584e-05,267,-1.8516144730232766e-08
0.05878016072274912,0.0345510729459222,0.018837029455426358,6,3,154,-2.315830124848109e-05,263,-1.87790311778147e-08
0.05878016072274912,0.04124626382901352,0.018259083875193195,6,4,149,-2.2871250820038582e-05,259,-1.9095976304615997e-08
0.05878016072274912,0.04923882631706739,0.017613943523803185,6,5,144,-2.2580330978766286e-05,255,-1.9428954550650736e-08
0.05878016072274912,0.05878016072274912,0.016901069976432394,6,6,138,-2.223172597125738e-05,250,-1.9860394828709468e-08
0.05878016072274912,0.07017038286703829,0.016122134443764997,6,7,132,-2.187983581337804e-05,245,-2.0323087324334055e-08
0.05878016072274912,0.0837677640068292,0.015281373033605779,6,8,125,-2.1470798562145554e-05,239,-2.091651102011257e-08
0.05878016072274912,0.1,0.014385787734073617,6,10,118,-2.102341601595866e-05,234,-2.1509531426190568e-08
0.05878016072274912,0.1193776641714437,0.01344512791305488,6,12,110,-2.051243186189335e-05,228,-2.227191298794066e-08
0.05878016072274912,0.14251026703029984,0.0124716087573327,6,14,102,-1.9993413160301066e-05,222,-2.3124465834259848e-08
0.05878016072274912,0.17012542798525893,0.011479360521077975,6,17,94,-1.941896500705214e-05,217,-2.3997732336940364e-08
0.05878016072274912,0.20309176209047358,0.010483649263762546,6,20,86,-1.8832667888067675e-05,212,-2.4983640074380043e-08
0.05878016072274912,0.24244620170823283,0.009499954573531479,6,24,78,-1.818156104130293e-05,208,-2.59959408654603e-08
0.05878016072274912,0.28942661247167517,0.008543019804764814,6,29,70,-1.746089106697582e-05,205,-2.7029243137733468e-08
0.05878016072274912,0.345510729459222,0.007625996289870373,6,35,62,-1.6670014976612904e-05,203,-2.8082909327178078e-08
0.05878016072274912,0.41246263829013524,0.006759782915085277,6,41,55,-1.5927530390057715e-05,202,-2.9038341640943873e-08
0.05878016072274912,0.49238826317067413,0.005952622730698318,6,49,49,-1.5118734331503565e-05,204,-2.948846173493966e-08
0.05878016072274912,0.5878016072274915,0.005209970749943659,6,59,43,-1.4201432814515151e-05,208,-2.9654276079588957e-08
0.05878016072274912,0.701703828670383,0.004534604333480687,6,70,37,-1.3250361051207403e-05,213,-2.9702669919765534e-08
0.05878016072274912,0.837677640068292,0.003926918465298222,6,84,32,-1.2228471203013068e-05,222,-2.886796790135285e-08
0.05878016072274912,1.0,0.00338533600018593,6,100,28,-1.1218522333375525e-05,234,-2.7335580734345824e-08
0.05878016072274912,1.1937766417144369,0.002906765632501029,6,119,24,-1.0145758466754941e-05,249,-2.5351720306733988e-08
0.05878016072274912,1.4251026703029992,0.0024870529163581664,6,143,20,-8.967036964670217e-06,269,-2.2701359404228396e-08
0.05878016072274912,1.7012542798525891,0.0021213865626933046,6,170,17,-7.85817442958629e-06,293,-1.9640525942480105e-08
0.05878016072274912,2.030917620904737,0.0018046389322525548,6,203,15,-6.753599619209485e-06,324,-1.6137633498708446e-08
0.05878016072274912,2.424462017082328,0.0015316333901163252,6,242,13,-5.649265895338141e-06,361,-1.275517248890978e-08
0.05878016072274912,2.8942661247167516,0.0012973409183815795,6,289,11,-4.542729609355487e-06,406,-9.557604900811039e-09
0.05878016072274912,3.4551072945922217,0.0010970142164033899,6,346,9,-3.451283245478897e-06,461,-6.666569915933739e-09
0.05878016072274912,4.1246263829013525,0.0009262701996244299,6,412,8,-2.628198420208424e-06,526,-4.559678036447648e-09
0.05878016072274912,4.923882631706742,0.0007811322780867772,6,492,6,-1.7533382603871217e-06,604,-2.731907541893303e-09
0.05878016072274912,5.878016072274912,0.0006580429203845992,6,588,5,-9.560056415366816e-07,699,-1.3087003990919666e-09
0.05878016072274912,7.01703828670383,0.0005538554625013212,6,702,5,-2.540144608087712e-07,813,-3.007868097202738e-10
0.05878016072274912,8.376776400682925,0.0004658123655438483,6,838,4,4.5654388169580165e-07,948,
0.05878016072274912,10.0,0.0003915154406819034,6,1000,3,1.1149876989919992e-06,1109,
0.07017038286703829,0.01,0.025183563861245057,7,1,206,-2.828003005814992e-05,314,-1.7545619840023526e-08
0.07017038286703829,0.011937766417144363,0.02492781580164297,7,1,204,-2.8171790128667536e-05,312,-1.7638235742967403e-08
0.07017038286703829,0.014251026703029978,0.0246292300564395,7,1,202,-2.8063550199185154e-05,310,-1.7732560469597597e-08
0.07017038286703829,0.017012542798525893,0.02428201965529133,7,2,199,-2.7892723738499767e-05,308,-1.7860487762374187e-08
0.07017038286703829,0.020309176209047358,0.023880134707524408,7,2,195,-2.767624387953502e-05,304,-1.8059539236238187e-08
0.07017038286703829,0.024244620170823284,0.023417455780440837,7,2,192,-2.7513883985311436e-05,301,-1.8213877919575956e-08
0.07017038286703829,0.028942661247167517,0.022888066514319492,7,3,187,-2.7229660829344994e-05,297,-1.8459535509012944e-08
0.07017038286703829,0.0345510729459222,0.022286612319898296,7,3,182,-2.6959061005639072e-05,292,-1.8739789382482326e-08
0.07017038286703829,0.04124626382901352,0.02160874291841239,7,4,177,-2.6670082149186752e-05,288,-1.9007969602442275e-08
0.07017038286703829,0.04923882631706739,0.020851622593787904,7,5,171,-2.6322596564423925e-05,283,-1.9350581904303407e-08
0.07017038286703829,0.05878016072274912,0.02001447380034013,7,6,164,-2.5916943969618703e-05,277,-1.978090670860838e-08
0.07017038286703829,0.07017038286703829,0.01909909939368086,7,7,156,-2.5453437485823838e-05,270,-2.031723937246475e-08
0.07017038286703829,0.0837677640068292,0.018110310537471995,7,8,148,-2.4986485906668137e-05,263,-2.0902196676148686e-08
0.07017038286703829,0.1,0.017056177423303013,7,10,140,-2.4476253758017648e-05,257,-2.1489248251112947e-08
0.07017038286703829,0.1193776641714437,0.015948024896692444,7,12,131,-2.3901068638926916e-05,250,-2.222734924107404e-08
0.07017038286703829,0.14251026703029984,0.01480011940862872,7,14,121,-2.326255858341015e-05,242,-2.3162957864592403e-08
0.07017038286703829,0.17012542798525893,0.013629036956692224,7,17,112,-2.261525910823218e-05,236,-2.401790474536128e-08
0.07017038286703829,0.20309176209047358,0.01245275663494698,7,20,102,-2.190016143750107e-05,229,-2.5126389900758455e-08
0.07017038286703829,0.24244620170823283,0.01128957792389147,7,24,92,-2.1111189011769938e-05,223,-2.6303499890069696e-08
0.07017038286703829,0.28942661247167517,0.010156996758767254,7,29,83,-2.02967770155906e-05,219,-2.7357833960898503e-08
0.07017038286703829,0.345510729459222,0.009070684304915077,7,35,74,-1.9401774508654882e-05,216,-2.8440009540684382e-08
0.07017038286703829,0.41246263829013524,0.008043690396341329,7,41,66,-1.8553681375217218e-05,214,-2.9459640163888886e-08
0.07017038286703829,0.49238826317067413,0.007085947726598599,7,49,58,-1.7567199510169683e-05,214,-3.0319640162529655e-08
0.07017038286703829,0.5878016072274915,0.006204096876030638,7,59,51,-1.650956102365823e-05,217,-3.066981427393318e-08
0.07017038286703829,0.701703828670383,0.005401601060174652,7,70,44,-1.541199938896911e-05,221,-3.0935366095883405e-08
0.07017038286703829,0.837677640068292,0.004679083973137192,7,84,38,-1.4223742029046385e-05,229,-3.0366656765684e-08
0.07017038286703829,1.0,0.004034808471959689,7,100,33,-1.3039623175881852e-05,240,-2.9112800124764128e-08
0.07017038286703829,1.1937766417144369,0.003465216084191832,7,119,28,-1.1781669267955057e-05,254,-2.7373766886512682e-08
0.07017038286703829,1.4251026703029992,0.002965461664477654,7,143,24,-1.0454002901903165e-05,274,-2.458608396496511e-08
0.07017038286703829,1.7012542798525891,0.002529897343109996,7,170,21,-9.197116421747084e-06,298,-2.1373730935968124e-08
0.07017038286703829,2.030917620904737,0.0021524797541197832,7,203,18,-7.881149795291527e-06,328,-1.7854893056845326e-08
0.07017038286703829,2.424462017082328,0.0018270910297535161,7,242,15,-6.5641207130777445e-06,364,-1.4316511915109584e-08
0.07017038286703829,2.8942661247167516,0.0015477758345088174,7,289,13,-5.297424339910607e-06,409,-1.0791249419251594e-08
0.07017038286703829,3.4551072945922217,0.0013089038584787756,7,346,11,-4.047067864294109e-06,464,-7.588726540960267e-09
0.07017038286703829,4.1246263829013525,0.0011052705506429917,7,412,9,-3.044703163779948e-06,528,-5.207291198529071e-09
0.07017038286703829,4.923882631706742,0.0009321495548439457,7,492,8,-2.0986929251469263e-06,607,-3.1924139415073418e-09
0.07017038286703829,5.878016072274912,0.0007853093481817741,7,588,6,-1.1253019744848622e-06,701,-1.5231483141376045e-09
0.07017038286703829,7.01703828670383,0.0006610047852249101,7,702,5,-2.536043538590475e-07,814,-2.9994601284334417e-10
0.07017038286703829,8.376776400682925,0.0005559521818073427,7,838,5,5.112547245733121e-07,950,
0.07017038286703829,10.0,0.00046729457015367144,7,1000,4,1.2699170071393857e-06,1111,
0.0837677640068292,0.01,0.0297060939580848,8,1,243,-3.2521697002193825e-05,352,-1.7272131819105543e-08
0.0837677640068292,0.011937766417144363,0.029407968931361276,8,1,241,-3.241345707271142e-05,350,-1.7349171478194843e-08
0.0837677640068292,0.014251026703029978,0.029059816977668317,8,1,238,-3.22510971784879e-05,347,-1.7467015369631664e-08
0.0837677640068292,0.017012542798525893,0.028654845024526192,8,2,235,-3.207961084704787e-05,345,-1.757305442182847e-08
0.0837677640068292,0.020309176209047358,0.028185937041717485,8,2,231,-3.1863130988083156e-05,341,-1.773820129604362e-08
0.0837677640068292,0.024244620170823284,0.02764587582285077,8,2,226,-3.1592531164377224e-05,336,-1.7952341836786694e-08
0.0837677640068292,0.028942661247167517,0.027027657324838795,8,3,221,-3.130708992425207e-05,332,-1.8156405453953528e-08
0.0837677640068292,0.0345510729459222,0.02632490619592042,8,3,215,-3.0982370135804936e-05,326,-1.843639996180002e-08
0.0837677640068292,0.04124626382901352,0.025532390799748218,8,4,209,-3.063753189047289e-05,321,-1.8707658234397563e-08
0.0837677640068292,0.04923882631706739,0.024646620073759628,8,5,202,-3.023369999521044e-05,315,-1.904365079063394e-08
0.0837677640068292,0.05878016072274912,0.02366648338189224,8,6,194,-2.9771246321997786e-05,308,-1.9455787689189506e-08
0.0837677640068292,0.07017038286703829,0.022593870545573748,8,7,185,-2.9250513988002024e-05,300,-1.9959409067213935e-08
0.0837677640068292,0.0837677640068292,0.02143418736345129,8,8,175,-2.8671819921318154e-05,291,-2.057540001529828e-08
0.0837677640068292,0.1,0.02019666928008297,8,10,165,-2.804525598162078e-05,283,-2.1206242708219873e-08
0.0837677640068292,0.1193776641714437,0.018894400231642662,8,12,155,-2.7406565997201213e-05,275,-2.189897402892626e-08
0.0837677640068292,0.14251026703029984,0.01754397067616932,8,14,144,-2.6703424955332366e-05,266,-2.2761187312761987e-08
0.0837677640068292,0.17012542798525893,0.016164758386585012,8,17,132,-2.5876203338583758e-05,257,-2.377016657962866e-08
0.0837677640068292,0.20309176209047358,0.014777879830506872,8,20,121,-2.508763803973305e-05,249,-2.4807315375984425e-08
0.0837677640068292,0.24244620170823283,0.013404923762628565,8,24,110,-2.4216567271394995e-05,242,-2.5900071948016036e-08
0.0837677640068292,0.28942661247167517,0.012066624093439353,8,29,99,-2.325634968562338e-05,236,-2.7051703717137815e-08
0.0837677640068292,0.345510729459222,0.01078164218343559,8,35,88,-2.220550525193974e-05,231,-2.8272861283345736e-08
0.0837677640068292,0.41246263829013524,0.009565605259535313,8,41,78,-2.1199977618677873e-05,227,-2.95099911173133e-08
0.0837677640068292,0.49238826317067413,0.008430495113717596,8,49,69,-2.0092782181725135e-05,226,-3.041135489893315e-08
0.0837677640068292,0.5878016072274915,0.007384415470302068,8,59,60,-1.8843904935600442e-05,227,-3.114695030677759e-08
0.0837677640068292,0.701703828670383,0.0064317051428422,8,70,53,-1.7657087825047203e-05,231,-3.125701509125014e-08
0.0837677640068292,0.837677640068292,0.005573320661544814,8,84,46,-1.6305855046324777e-05,238,-3.089400349815229e-08
0.0837677640068292,1.0,0.0048073919648468815,8,100,39,-1.4896666713965856e-05,247,-3.023476093762098e-08
0.0837677640068292,1.1937766417144369,0.004129856076483767,8,119,34,-1.3510745189913957e-05,261,-2.8431702840728025e-08
0.0837677640068292,1.4251026703029992,0.003535089843929728,8,143,29,-1.1983086027730726e-05,280,-2.58981759838572e-08
0.0837677640068292,1.7012542798525891,0.0030164859528280926,8,170,25,-1.0526689225908273e-05,303,-2.28592599911146e-08
0.0837677640068292,2.030917620904737,0.0025669399846266323,8,203,21,-9.001730693233906e-06,332,-1.9387746485535015e-08
0.0837677640068292,2.424462017082328,0.002179236093337943,8,242,18,-7.5281673869046755e-06,368,-1.563807101558927e-08
0.0837677640068292,2.8942661247167516,0.0018463331796968294,8,289,15,-6.048913316922393e-06,412,-1.1942573182472641e-08
0.0837677640068292,3.4551072945922217,0.001561562228706697,8,346,13,-4.6410071719159196e-06,467,-8.455105068165275e-09
0.0837677640068292,4.1246263829013525,0.001318749714060082,8,412,11,-3.5143422460111822e-06,531,-5.854309921724442e-09
0.0837677640068292,4.923882631706742,0.0011122829592987093,8,492,9,-2.3895979552332088e-06,609,-3.5896018555403464e-09
0.0837677640068292,5.878016072274912,0.0009371323134103636,8,588,8,-1.3489489431328593e-06,704,-1.788108355160206e-09
0.0837677640068292,7.01703828670383,0.0007888429258152965,8,702,6,-3.0804606522650807e-07,816,-3.607941733737504e-10
0.0837677640068292,8.376776400682925,0.0006635064729775052,8,838,5,6.191454403548111e-07,951,
0.0837677640068292,10.0,0.0005577208144107774,8,1000,5,1.423522194781988e-06,1113,
0.1,0.01,0.03496613067372383,10,1,286,-3.918887398214999e-05,397,-1.7822846089753498e-08
0.1,0.011937766417144363,0.03462007943085995,10,1,283,-3.9026514087926426e-05,394,-1.792756400749985e-08
0.1,0.014251026703029978,0.03421583590936752,10,1,280,-3.8864154193702897e-05,391,-1.803441029870204e-08
0.1,0.017012542798525893,0.03374545106222864,10,2,276,-3.8637543573431495e-05,388,-1.816698494142914e-08
0.1,0.020309176209047358,0.0332005785523649,10,2,272,-3.842106371446675e-05,384,-1.831667797219048e-08
0.1,0.024244620170823284,0.0325727271650955,10,2,267,-3.815046389076079e-05,379,-1.850975881362418e-08
0.1,0.028942661247167517,0.031853620870975013,10,3,261,-3.7808886656770745e-05,374,-1.873303604854122e-08
0.1,0.0345510729459222,0.031035677428979204,10,3,254,-3.7430046903582464e-05,367,-1.9027067356436795e-08
0.1,0.04124626382901352,0.03011260480822767,10,4,246,-3.697400379742685e-05,360,-1.9360144411680203e-08
0.1,0.04923882631706739,0.029080096487312697,10,5,238,-3.6512197056530604e-05,353,-1.971075202792626e-08
0.1,0.05878016072274912,0.027936582224478475,10,6,229,-3.599093386256267e-05,345,-2.013253558346628e-08
0.1,0.07017038286703829,0.026683962788780057,10,7,218,-3.5356489345310995e-05,335,-2.0695673931931047e-08
0.1,0.0837677640068292,0.02532823091498512,10,8,207,-3.471746912993159e-05,325,-2.1310827530496344e-08
0.1,0.1,0.023879864595582254,10,10,195,-3.396823162880484e-05,315,-2.2007276727440777e-08
0.1,0.1193776641714437,0.022353881964517666,10,12,183,-3.3204447359301997e-05,305,-2.2775531490021263e-08
0.1,0.14251026703029984,0.020769476411737223,10,14,170,-3.2374086982186785e-05,294,-2.3717279840429878e-08
0.1,0.17012542798525893,0.019149206862755556,10,17,157,-3.1460856003545675e-05,284,-2.4712006915046482e-08
0.1,0.20309176209047358,0.01751779286099385,10,20,143,-3.047460310652082e-05,273,-2.5960135536690368e-08
0.1,0.24244620170823283,0.015900639989395386,10,24,130,-2.9443925314119698e-05,264,-2.7187373327903693e-08
0.1,0.28942661247167517,0.014322277174447225,10,29,117,-2.8306089580300724e-05,256,-2.8502758614742446e-08
0.1,0.345510729459222,0.012804906380757757,10,35,105,-2.711267791814091e-05,250,-2.9745121138936817e-08
0.1,0.41246263829013524,0.011367241070752977,10,41,93,-2.590699508532003e-05,244,-3.1217008176069447e-08
0.1,0.49238826317067413,0.010023750258928888,10,49,82,-2.4566456526400635e-05,241,-3.242668496093009e-08
0.1,0.5878016072274915,0.008784348109491899,10,59,72,-2.3106626049884597e-05,241,-3.3266089907694496e-08
0.1,0.701703828670383,0.007654495809908802,10,70,63,-2.1641968467497954e-05,243,-3.3820860239878034e-08
0.1,0.837677640068292,0.006635629214890873,10,84,54,-1.9974534186630265e-05,248,-3.395874564200997e-08
0.1,1.0,0.005725799806664532,10,100,47,-1.8340984672980283e-05,257,-3.3160341119110984e-08
0.1,1.1937766417144369,0.004920416214400143,10,119,40,-1.6599883274612012e-05,269,-3.186158018159695e-08
0.1,1.4251026703029992,0.004212991430526873,10,143,34,-1.47353013021059e-05,287,-2.9400042502206505e-08
0.1,1.7012542798525891,0.0035958277183896093,10,170,29,-1.2941705933790014e-05,309,-2.6320329334533283e-08
0.1,2.030917620904737,0.0030605990967563002,10,203,25,-1.1114036287059685e-05,338,-2.2429942052592704e-08
0.1,2.424462017082328,0.0025988150694565924,10,242,21,-9.279302607466173e-06,373,-1.8363947372780872e-08
0.1,2.8942661247167516,0.002202166656652813,10,289,18,-7.48824692014869e-06,417,-1.4118112594548814e-08
0.1,3.4551072945922217,0.00186276663098132,10,346,15,-5.71524184259249e-06,471,-1.010652845728115e-08
0.1,4.1246263829013525,0.0015733012377699889,10,412,13,-4.3424385741116284e-06,535,-7.039128828191974e-09
0.1,4.923882631706742,0.0013271121007381158,10,492,11,-2.9705219150692608e-06,613,-4.353688868634414e-09
0.1,5.878016072274912,0.0011182259507883452,10,588,9,-1.6346922288200007e-06,707,-2.1404900207149413e-09
0.1,7.01703828670383,0.0009413474448251572,10,702,8,-4.18761660302116e-07,820,-4.811140398691591e-10
0.1,8.376776400682925,0.0007918274930711784,10,838,6,7.781263850184002e-07,954,
0.1,10.0,0.0006656167022010737,10,1000,5,1.8358662495952633e-06,1115,
0.1193776641714437,0.01,0.04105581574998548,12,1,336,-4.60604319256579e-05,449,-1.795168443591001e-08
0.1193776641714437,0.011937766417144363,0.04065610834784115,12,1,333,-4.589807203143438e-05,446,-1.8042404194911112e-08
0.1193776641714437,0.014251026703029978,0.04018902110032122,12,1,329,-4.568159217246962e-05,442,-1.8165821836588708e-08
0.1193776641714437,0.017012542798525893,0.0396452866571638,12,2,324,-4.540022690879369e-05,438,-1.831245035043308e-08
0.1193776641714437,0.020309176209047358,0.0390151485298078,12,2,319,-4.51296270850877e-05,433,-1.8475304820521434e-08
0.1193776641714437,0.024244620170823284,0.03828864575329831,12,2,313,-4.480490729664065e-05,427,-1.867727178983728e-08
0.1193776641714437,0.028942661247167517,0.037456022101710895,12,3,307,-4.44618083102681e-05,422,-1.8870934302562752e-08
0.1193776641714437,0.0345510729459222,0.036508273590621025,12,3,299,-4.402884859251443e-05,414,-1.916213978870803e-08
0.1193776641714437,0.04124626382901352,0.03543783509739054,12,4,290,-4.351632697082547e-05,406,-1.9487831155765995e-08
0.1193776641714437,0.04923882631706739,0.03423938633613614,12,5,280,-4.294313254188056e-05,397,-1.9871879936085404e-08
0.1193776641714437,0.05878016072274912,0.032910729360435965,12,6,269,-4.230973748685943e-05,387,-2.0324608486746136e-08
0.1193776641714437,0.07017038286703829,0.031453656990098465,12,7,257,-4.1616579437088984e-05,376,-2.0859395236874837e-08
0.1193776641714437,0.0837677640068292,0.02987470018870971,12,8,245,-4.0918184288192966e-05,365,-2.143997080858945e-08
0.1193776641714437,0.1,0.028185621822871702,12,10,231,-4.004836282130341e-05,353,-2.2146968324560863e-08
0.1193776641714437,0.1193776641714437,0.026403525245994992,12,12,216,-3.9107659301069926e-05,340,-2.29936849136112e-08
0.1193776641714437,0.14251026703029984,0.02455047739588469,12,14,201,-3.815253488873876e-05,327,-2.39456065328179e-08
0.1193776641714437,0.17012542798525893,0.022652609279435652,12,17,185,-3.704895784382417e-05,314,-2.50415396038014e-08
0.1193776641714437,0.20309176209047358,0.02073874298272347,12,20,170,-3.5977337127440206e-05,302,-2.6203450202068614e-08
0.1193776641714437,0.24244620170823283,0.018838684334453234,12,24,154,-3.4738517063939996e-05,290,-2.7565876102158384e-08
0.1193776641714437,0.28942661247167517,0.016981389397984503,12,29,139,-3.343009898691946e-05,280,-2.892627756936875e-08
0.1193776641714437,0.345510729459222,0.015193240073634163,12,35,124,-3.19941885747942e-05,271,-3.0406945993912e-08
0.1193776641714437,0.41246263829013524,0.013496640619552793,12,41,110,-3.059635293165095e-05,263,-3.200455327578551e-08
0.1193776641714437,0.49238826317067413,0.011909080339434695,12,49,97,-2.9032517025632854e-05,258,-3.340526639700018e-08
0.1193776641714437,0.5878016072274915,0.010442718385675079,12,59,85,-2.731906831721388e-05,256,-3.451556325611355e-08
0.1193776641714437,0.701703828670383,0.009104459316100292,12,70,75,-2.5641891902341788e-05,257,-3.5149954629666604e-08
0.1193776641714437,0.837677640068292,0.007896422709328466,12,84,65,-2.3724701830500154e-05,261,-3.5383597062640053e-08
0.1193776641714437,1.0,0.0068166764824063595,12,100,56,-2.177037190626856e-05,268,-3.5068253714994465e-08
0.1193776641714437,1.1937766417144369,0.005860100547464786,12,119,48,-1.9739706671472372e-05,279,-3.395202385874161e-08
0.1193776641714437,1.4251026703029992,0.005019266813188663,12,143,41,-1.7549689539158042e-05,296,-3.1660995019227936e-08
0.1193776641714437,1.7012542798525891,0.004285252464256197,12,170,35,-1.542883595199784e-05,317,-2.870481107348435e-08
0.1193776641714437,2.030917620904737,0.0036483363777881075,12,203,30,-1.3253452673800882e-05,345,-2.4819199763672063e-08
0.1193776641714437,2.424462017082328,0.0030985570798140087,12,242,25,-1.1065380227547508e-05,379,-2.062512623960393e-08
0.1193776641714437,2.8942661247167516,0.002626131822708706,12,289,21,-8.915043051349986e-06,422,-1.6083426035269687e-08
0.1193776641714437,3.4551072945922217,0.002221749805024168,12,346,18,-6.836414208415368e-06,476,-1.159893825655814e-08
0.1193776641714437,4.1246263829013525,0.00187675941834287,12,412,15,-5.166638074058939e-06,539,-8.155703352894931e-09
0.1193776641714437,4.923882631706742,0.0015832714509903276,12,492,13,-3.550261490158359e-06,617,-5.0797846475294885e-09
0.1193776641714437,5.878016072274912,0.0013341991499707339,12,588,11,-1.9754557710857885e-06,711,-2.5316618878454293e-09
0.1193776641714437,7.01703828670383,0.0011232533627624833,12,702,9,-4.77942912335295e-07,823,-5.433021624818631e-10
0.1193776641714437,8.376776400682925,0.0009449076620718908,12,838,8,8.792222270144e-07,958,
0.1193776641714437,10.0,0.0007943450363425644,12,1000,7,2.135578593759503e-06,1119,
0.14251026703029984,0.01,0.04806850880590307,14,1,393,-5.314756367949013e-05,508,-1.7811442635306188e-08
0.14251026703029984,0.011937766417144363,0.04760944569233391,14,1,390,-5.2985203785266556e-05,505,-1.7888319981521457e-08
0.14251026703029984,0.014251026703029978,0.04707277897383637,14,1,385,-5.271460396156058e-05,500,-1.8019006652387823e-08
0.14251026703029984,0.017012542798525893,0.046447751212638395,14,2,380,-5.2432920128934195e-05,496,-1.814287893734747e-08
0.14251026703029984,0.020309176209047358,0.04572300277054576,14,2,374,-5.210820034061895e-05,490,-1.8307989719843635e-08
0.14251026703029984,0.024244620170823284,0.04488688936765054,14,2,367,-5.172936058758453e-05,483,-1.8507159166965235e-08
0.14251026703029984,0.028942661247167517,0.04392794285574912,14,3,360,-5.133104484416257e-05,477,-1.869983418730877e-08
0.14251026703029984,0.0345510729459222,0.04283549248846422,14,3,351,-5.084396516168977e-05,468,-1.897658536247892e-08
0.14251026703029984,0.04124626382901352,0.04160044984517408,14,4,340,-5.0221368613154654e-05,458,-1.9315911005059484e-08
0.14251026703029984,0.04923882631706739,0.04021623754821591,14,5,329,-4.95915191151168e-05,448,-1.9673709332771374e-08
0.14251026703029984,0.05878016072274912,0.03867981000088477,14,6,317,-4.890080523007727e-05,437,-2.0089891635543843e-08
0.14251026703029984,0.07017038286703829,0.03699267638822365,14,7,303,-4.80955792626097e-05,424,-2.061621983908856e-08
0.14251026703029984,0.0837677640068292,0.03516179880502904,14,8,288,-4.7230400103834714e-05,410,-2.123287183232994e-08
0.14251026703029984,0.1,0.033200212186071554,14,10,272,-4.624182626081182e-05,396,-2.1919712865382925e-08
0.14251026703029984,0.1193776641714437,0.031127210365984474,14,12,255,-4.5180343647302845e-05,381,-2.273224837600143e-08
0.14251026703029984,0.14251026703029984,0.0289679747542874,14,14,237,-4.404850498964931e-05,365,-2.3706207948791406e-08
0.14251026703029984,0.17012542798525893,0.02675259197130352,14,17,219,-4.281216668709992e-05,350,-2.4751209277389094e-08
0.14251026703029984,0.20309176209047358,0.024514505523585254,14,20,201,-4.155057823991612e-05,335,-2.594802862668839e-08
0.14251026703029984,0.24244620170823283,0.02228855278625703,14,24,182,-4.01086234709269e-05,320,-2.7348031822533003e-08
0.14251026703029984,0.28942661247167517,0.02010882358538918,14,29,165,-3.863597044240463e-05,308,-2.8672334280077645e-08
0.14251026703029984,0.345510729459222,0.018006614902459302,14,35,147,-3.696510559057875e-05,296,-3.024720202158477e-08
0.14251026703029984,0.41246263829013524,0.016008735507689414,14,41,131,-3.5382428958563454e-05,286,-3.1838773471217004e-08
0.14251026703029984,0.49238826317067413,0.014136341295821132,14,49,116,-3.360453255165135e-05,279,-3.327840419058363e-08
0.14251026703029984,0.5878016072274915,0.012404379240761081,14,59,102,-3.1648071460191205e-05,275,-3.449005172209155e-08
0.14251026703029984,0.701703828670383,0.010821614118306929,14,70,89,-2.966057868254958e-05,273,-3.5577040521230156e-08
0.14251026703029984,0.837677640068292,0.00939113192930956,14,84,77,-2.7451080555848333e-05,275,-3.611509085100425e-08
0.14251026703029984,1.0,0.008111170154072884,14,100,66,-2.5187137682271686e-05,280,-3.619881816940455e-08
0.14251026703029984,1.1937766417144369,0.006976117694043243,14,119,57,-2.287783736482698e-05,290,-3.524547429491139e-08
0.14251026703029984,1.4251026703029992,0.005977547625589543,14,143,49,-2.03733725742953e-05,306,-3.314360269122385e-08
0.14251026703029984,1.7012542798525891,0.0051051811301748495,14,170,42,-1.7934822940111118e-05,326,-3.036712316307335e-08
0.14251026703029984,2.030917620904737,0.00434771966588442,14,203,36,-1.5420542321274492e-05,353,-2.6596313075671772e-08
0.14251026703029984,2.424462017082328,0.0036935166705959247,14,242,30,-1.2886742864434944e-05,386,-2.2411726720756423e-08
0.14251026703029984,2.8942661247167516,0.003131085920860873,14,289,26,-1.043772362163544e-05,429,-1.7607495987914037e-08
0.14251026703029984,3.4551072945922217,0.002649460389449878,14,346,22,-8.004602523188479e-06,482,-1.2898167133722975e-08
0.14251026703029984,4.1246263829013525,0.002238424260442948,14,412,18,-6.041058768681351e-06,544,-9.189319696807653e-09
0.14251026703029984,4.923882631706742,0.001888643694667596,14,492,15,-4.128812503154944e-06,621,-5.770527607484198e-09
0.14251026703029984,5.878016072274912,0.0015917210567546625,14,588,13,-2.3172525456253313e-06,715,-2.907833536987491e-09
0.14251026703029984,7.01703828670383,0.0013401943343104472,14,702,11,-5.939446937260813e-07,827,-6.626628291041853e-10
0.14251026703029984,8.376776400682925,0.0011274996389965047,14,838,9,1.030745468894609e-06,961,
0.14251026703029984,10.0,0.0009479107699434887,14,1000,8,2.485510228853357e-06,1122,
0.17012542798525893,0.01,0.056094686984105836,17,1,459,-6.243889173876375e-05,577,-1.800066069096888e-08
0.17012542798525893,0.011937766417144363,0.05557088804752869,17,1,455,-6.222241187988686e-05,573,-1.8090539869134136e-08
0.17012542798525893,0.014251026703029978,0.05495825712785781,17,1,450,-6.19518120562909e-05,568,-1.820505790663852e-08
0.17012542798525893,0.017012542798525893,0.05424437037276285,17,2,444,-6.16160238816036e-05,563,-1.8337010856973872e-08
0.17012542798525893,0.020309176209047358,0.05341606337907639,17,2,437,-6.123718412856923e-05,556,-1.8505691616623622e-08
0.17012542798525893,0.024244620170823284,0.05245978088645814,17,2,429,-6.080422441081558e-05,548,-1.8704963365064628e-08
0.17012542798525893,0.028942661247167517,0.0513620899200751,17,3,420,-6.029669248380012e-05,540,-1.8925515531638457e-08
0.17012542798525893,0.0345510729459222,0.0501103780407916,17,3,410,-5.975549283660802e-05,530,-1.9195468306009642e-08
0.17012542798525893,0.04124626382901352,0.04869374317980663,17,4,399,-5.91309723476908e-05,520,-1.949137104779339e-08
0.17012542798525893,0.04923882631706739,0.04710405615783273,17,5,386,-5.839005402999253e-05,508,-1.986191374583051e-08
0.17012542798525893,0.05878016072274912,0.045337141086156565,17,6,371,-5.753328765260626e-05,494,-2.032044914089156e-08
0.17012542798525893,0.07017038286703829,0.04339397517829578,17,7,355,-5.66153051960131e-05,479,-2.0848943176583723e-08
0.17012542798525893,0.0837677640068292,0.04128176520842156,17,8,338,-5.5636583847677494e-05,463,-2.1461419475265194e-08
0.17012542798525893,0.1,0.039014724723189814,17,10,319,-5.4472834225104736e-05,446,-2.2182202315064845e-08
0.17012542798525893,0.1193776641714437,0.036614368791324604,17,12,300,-5.328757598088565e-05,429,-2.297868735700114e-08
0.17012542798525893,0.14251026703029984,0.0341091746593003,17,14,279,-5.1975377180141025e-05,410,-2.3977200341440713e-08
0.17012542798525893,0.17012542798525893,0.03153353244178742,17,17,258,-5.054556526581918e-05,392,-2.5054805822255965e-08
0.17012542798525893,0.20309176209047358,0.02892602168612947,17,20,237,-4.908619224158833e-05,374,-2.6290071362855943e-08
0.17012542798525893,0.24244620170823283,0.026327174118318978,17,24,215,-4.7429004276066313e-05,356,-2.7728152163733594e-08
0.17012542798525893,0.28942661247167517,0.023776987268555833,17,29,195,-4.5720575814209135e-05,341,-2.9130663150181036e-08
0.17012542798525893,0.345510729459222,0.0213125068640169,17,35,174,-4.379112373679269e-05,326,-3.079111498860406e-08
0.17012542798525893,0.41246263829013524,0.018965781035620837,17,41,155,-4.194354684309069e-05,313,-3.252698475617735e-08
0.17012542798525893,0.49238826317067413,0.016762411269291327,17,49,137,-3.9860287323976244e-05,303,-3.418256352283359e-08
0.17012542798525893,0.5878016072274915,0.014720807890652431,17,59,120,-3.755750912424575e-05,296,-3.570105430061383e-08
0.17012542798525893,0.701703828670383,0.012852135171746895,17,70,105,-3.525790238368557e-05,292,-3.69773491176566e-08
0.17012542798525893,0.837677640068292,0.011160832728126268,17,84,91,-3.2684222718726885e-05,292,-3.7772128416418453e-08
0.17012542798525893,1.0,0.009645542786161357,17,100,79,-3.0083711065339835e-05,296,-3.790312594851939e-08
0.17012542798525893,1.1937766417144369,0.008300259121276816,17,119,68,-2.7348727043696778e-05,304,-3.7341243915478945e-08
0.17012542798525893,1.4251026703029992,0.007115533591695574,17,143,58,-2.4365099691536227e-05,318,-3.565276513247911e-08
0.17012542798525893,1.7012542798525891,0.0060796157665564815,17,170,50,-2.149420860867158e-05,337,-3.296657762066194e-08
0.17012542798525893,2.030917620904737,0.005179446358755421,17,203,42,-1.8460425683095374e-05,362,-2.946126026666993e-08
0.17012542798525893,2.424462017082328,0.004401466133384302,17,242,36,-1.5503016828890065e-05,395,-2.493248123012233e-08
0.17012542798525893,2.8942661247167516,0.0037322335101369368,17,289,31,-1.256367187696935e-05,437,-1.9869795788343116e-08
0.17012542798525893,3.4551072945922217,0.003158864950530208,17,346,26,-9.635503141185387e-06,489,-1.4760268292257028e-08
0.17012542798525893,4.1246263829013525,0.0026693236109746987,17,412,22,-7.3184888706269644e-06,551,-1.0612657875039101e-08
0.17012542798525893,4.923882631706742,0.0022525859412189588,17,492,18,-4.994405527241866e-06,627,-6.745550414967405e-09
0.17012542798525893,5.878016072274912,0.0018987153515508744,17,588,16,-2.8315884464582257e-06,721,-3.4455931448749404e-09
0.17012542798525893,7.01703828670383,0.0015988688309613644,17,702,13,-7.183534708680485e-07,832,-7.860307154700171e-10
0.17012542798525893,8.376776400682925,0.0013452579925441969,17,838,11,1.224262286870329e-06,966,
0.17012542798525893,10.0,0.0011310814388493285,17,1000,9,3.028611459369507e-06,1126,
0.20309176209047358,0.01,0.06521653399851782,20,1,534,-7.190359160575872e-05,655,-1.7890025777706687e-08
0.20309176209047358,0.011937766417144363,0.06462330909254071,20,1,529,-7.163299178216267e-05,650,-1.798603755797893e-08
0.20309176209047358,0.014251026703029978,0.06392911101866079,20,1,523,-7.13082719938475e-05,644,-1.8103600496038868e-08
0.20309176209047358,0.017012542798525893,0.0631196758893393,20,2,517,-7.097297856511912e-05,639,-1.8216416048129957e-08
0.20309176209047358,0.020309176209047358,0.062179831397488755,20,2,509,-7.054001884736553e-05,631,-1.8380805911708977e-08
0.20309176209047358,0.024244620170823284,0.06109387598000542,20,2,500,-7.00529391648927e-05,622,-1.8571829046896265e-08
0.20309176209047358,0.028942661247167517,0.05984614287470526,20,3,490,-6.949096770135046e-05,613,-1.878134262198661e-08
0.20309176209047358,0.0345510729459222,0.05842177604423549,20,3,478,-6.884152812472016e-05,601,-1.905700590320013e-08
0.20309176209047358,0.04124626382901352,0.056807728991041403,20,4,465,-6.810766320670326e-05,589,-1.935701668515085e-08
0.20309176209047358,0.04923882631706739,0.05499396997277489,20,5,450,-6.725664454639216e-05,575,-1.9723356171962513e-08
0.20309176209047358,0.05878016072274912,0.052974837259271365,20,6,434,-6.634317041879023e-05,560,-2.013938753530151e-08
0.20309176209047358,0.07017038286703829,0.050750438378402714,20,7,415,-6.525954090045751e-05,542,-2.0674652590038813e-08
0.20309176209047358,0.0837677640068292,0.048327935208059065,20,8,396,-6.416862045119108e-05,524,-2.1256333791967364e-08
0.20309176209047358,0.1,0.045722515188502885,20,10,374,-6.283268276201856e-05,504,-2.1967933278098933e-08
0.20309176209047358,0.1193776641714437,0.042957834596577496,20,12,352,-6.14728598980723e-05,484,-2.275424189297909e-08
0.20309176209047358,0.14251026703029984,0.04006574868153802,20,14,328,-5.998391348384944e-05,462,-2.372406007113172e-08
0.20309176209047358,0.17012542798525893,0.037085223556412215,20,17,304,-5.8366461557922236e-05,441,-2.477143772087354e-08
0.20309176209047358,0.20309176209047358,0.03406044926156224,20,20,279,-5.666138467682109e-05,419,-2.6030865381918083e-08
0.20309176209047358,0.24244620170823283,0.031038317973185615,20,24,254,-5.479760520064344e-05,398,-2.7423483735683838e-08
0.20309176209047358,0.28942661247167517,0.028065558813651463,20,29,230,-5.281039446247439e-05,379,-2.8889712506824063e-08
0.20309176209047358,0.345510729459222,0.025185893665218798,20,35,206,-5.063577205121619e-05,361,-3.0525543797453695e-08
0.20309176209047358,0.41246263829013524,0.022437573852337217,20,41,184,-4.853649450728253e-05,345,-3.2267314524187294e-08
0.20309176209047358,0.49238826317067413,0.01985157699514196,20,49,162,-4.611068119182519e-05,331,-3.4115626806618225e-08
0.20309176209047358,0.5878016072274915,0.01745061195912087,20,59,143,-4.3535471503358115e-05,322,-3.5600189306859204e-08
0.20309176209047358,0.701703828670383,0.015248935815854557,20,70,125,-4.088941488888751e-05,315,-3.7087904661122454e-08
0.20309176209047358,0.837677640068292,0.013252866273651909,20,84,108,-3.791970825371818e-05,312,-3.821010505211425e-08
0.20309176209047358,1.0,0.01146179865057588,20,100,94,-3.49503594122968e-05,314,-3.856804172621585e-08
0.20309176209047358,1.1937766417144369,0.009869513042656168,20,119,81,-3.181140249447194e-05,320,-3.831314283327947e-08
0.20309176209047358,1.4251026703029992,0.008465575579467019,20,143,69,-2.8370766238100507e-05,332,-3.7003738408895925e-08
0.20309176209047358,1.7012542798525891,0.007236681205583491,20,170,59,-2.5032964827625007e-05,349,-3.473423730765229e-08
0.20309176209047358,2.030917620904737,0.00616783779245568,20,203,50,-2.1552060021884137e-05,373,-3.13256686364595e-08
0.20309176209047358,2.424462017082328,0.005243340248876327,20,242,43,-1.8132872355583307e-05,405,-2.6827744275163942e-08
0.20309176209047358,2.8942661247167516,0.004447521835102079,20,289,36,-1.4662820956241606e-05,445,-2.1826169925932727e-08
0.20309176209047358,3.4551072945922217,0.003765296024948181,20,346,31,-1.1304982671930766e-05,497,-1.6329600855020606e-08
0.20309176209047358,4.1246263829013525,0.0031825170528303175,20,412,26,-8.587395504988836e-06,558,-1.1897195213340033e-08
0.20309176209047358,4.923882631706742,0.002686193275092018,20,492,22,-5.911375959302087e-06,634,-7.651276157522764e-09
0.20309176209047358,5.878016072274912,0.002264587521356767,20,588,19,-3.347923199496532e-06,727,-3.9540843267940615e-09
0.20309176209047358,7.01703828670383,0.0019072352038598738,20,702,16,-9.023842165062632e-07,838,-9.612102860100801e-10
0.20309176209047358,8.376776400682925,0.001604905958851864,20,838,13,1.4092884084381721e-06,971,
0.20309176209047358,10.0,0.001349529250821857,20,1000,11,3.5084624775713103e-06,1131,
0.24244620170823283,0.01,0.0755012449700832,24,1,618,-8.321570222773131e-05,743,-1.7948344022890887e-08
0.24244620170823283,0.011937766417144363,0.0748350390386558,24,1,613,-8.294510240413531e-05,738,-1.8031935999507667e-08
0.24244620170823283,0.014251026703029978,0.07405497243781776,24,1,606,-8.256626265110099e-05,731,-1.81512184864362e-08
0.24244620170823283,0.017012542798525893,0.0731447802357803,24,2,599,-8.217807699363941e-05,725,-1.826707204162078e-08
0.24244620170823283,0.020309176209047358,0.07208708769115746,24,2,590,-8.169099731116663e-05,716,-1.8427926305248507e-08
0.24244620170823283,0.024244620170823284,0.07086381381119594,24,2,580,-8.114979766397458e-05,706,-1.861233891375564e-08
0.24244620170823283,0.028942661247167517,0.06945678187049759,24,3,569,-8.053407296150457e-05,696,-1.8813295246456087e-08
0.24244620170823283,0.0345510729459222,0.06784857019254634,24,3,555,-7.977639345543578e-05,682,-1.9092112828870595e-08
0.24244620170823283,0.04124626382901352,0.0660236202145799,24,4,540,-7.893381638274919e-05,668,-1.9394058079299556e-08
0.24244620170823283,0.04923882631706739,0.06396958962738047,24,5,524,-7.802738927827367e-05,653,-1.9732787739182052e-08
0.24244620170823283,0.05878016072274912,0.06167889481257711,24,6,505,-7.694947365483279e-05,635,-2.0162314595790067e-08
0.24244620170823283,0.07017038286703829,0.059150330966540404,24,7,484,-7.575475287806781e-05,615,-2.0674295310863985e-08
0.24244620170823283,0.0837677640068292,0.056390597658809036,24,8,462,-7.449787499012196e-05,594,-2.125716914629971e-08
0.24244620170823283,0.1,0.053415505937966686,24,10,437,-7.299023758086556e-05,571,-2.1957894642419172e-08
0.24244620170823283,0.1193776641714437,0.0502506193103221,24,12,411,-7.140189028329292e-05,547,-2.2766282014887902e-08
0.24244620170823283,0.14251026703029984,0.04693110412440248,24,14,384,-6.973601728696583e-05,522,-2.3710056197118807e-08
0.24244620170823283,0.17012542798525893,0.04350064671528872,24,17,356,-6.787588666013015e-05,497,-2.4774029732144737e-08
0.24244620170823283,0.20309176209047358,0.04000943079243292,24,20,327,-6.592341258579224e-05,471,-2.6045360746628836e-08
0.24244620170823283,0.24244620170823283,0.03651133435543331,24,24,299,-6.384960554406975e-05,447,-2.739503391430461e-08
0.24244620170823283,0.28942661247167517,0.03306065981845061,24,29,271,-6.157752528724631e-05,424,-2.8892002668440063e-08
0.24244620170823283,0.345510729459222,0.029708809475227735,24,35,243,-5.909391337277231e-05,402,-3.0572669756724255e-08
0.24244620170823283,0.41246263829013524,0.026501330239316806,24,41,217,-5.6676820730615134e-05,382,-3.240341931885835e-08
0.24244620170823283,0.49238826317067413,0.02347567296419712,24,49,192,-5.394358464187339e-05,365,-3.425859560642283e-08
0.24244620170823283,0.5878016072274915,0.020659867384971907,24,59,169,-5.096015971429936e-05,352,-3.597103106818618e-08
0.24244620170823283,0.701703828670383,0.018072146506350292,24,70,148,-4.793379270524497e-05,342,-3.76128316896147e-08
0.24244620170823283,0.837677640068292,0.015721407554679333,24,84,129,-4.457558153109037e-05,337,-3.8771489546047125e-08
0.24244620170823283,1.0,0.013608299940576933,24,100,111,-4.107330750868194e-05,335,-3.971121290600594e-08
0.24244620170823283,1.1937766417144369,0.011726693318019107,24,119,96,-3.746292212552585e-05,339,-3.96937085457998e-08
0.24244620170823283,1.4251026703029992,0.010065292444055855,24,143,82,-3.34810851344538e-05,349,-3.867962700375901e-08
0.24244620170823283,1.7012542798525891,0.008609212064988062,24,170,70,-2.9585372842815844e-05,364,-3.67520159538085e-08
0.24244620170823283,2.030917620904737,0.007341384974096436,24,203,60,-2.555324082510012e-05,387,-3.3402929183137416e-08
0.24244620170823283,2.424462017082328,0.006243734377608468,24,242,51,-2.1505950116835453e-05,417,-2.912901275475478e-08
0.24244620170823283,2.8942661247167516,0.005298088738440238,24,289,43,-1.7439031791874048e-05,456,-2.3990964082919312e-08
0.24244620170823283,3.4551072945922217,0.004486850075912804,24,346,37,-1.3471141604923901e-05,507,-1.8201785711287534e-08
0.24244620170823283,4.1246263829013525,0.003793445992885102,24,412,31,-1.024814217147999e-05,567,-1.3443712674117789e-08
0.24244620170823283,4.923882631706742,0.003202604228862213,24,492,26,-7.057711334605466e-06,642,-8.758639035251261e-09
0.24244620170823283,5.878016072274912,0.002700489607618617,24,588,22,-3.985286227286958e-06,734,-4.567139843326791e-09
0.24244620170823283,7.01703828670383,0.0022747398511995262,24,702,19,-1.1020343477485905e-06,845,-1.1423596431518508e-09
0.24244620170823283,8.376776400682925,0.0019144311662277033,24,838,16,1.6262049680389553e-06,978,
0.24244620170823283,10.0,0.0016099983281121356,24,1000,13,4.169007701635549e-06,1137,
0.28942661247167517,0.01,0.08699328198356694,29,1,712,-9.612765696798404e-05,842,-1.8043332263680465e-08
0.28942661247167517,0.011937766417144363,0.08625217300183673,29,1,706,-9.580293717966883e-05,836,-1.813144653084311e-08
0.28942661247167517,0.014251026703029978,0.08538382255576149,29,1,699,-9.542409742663432e-05,829,-1.8236110884750574e-08
0.28942661247167517,0.017012542798525893,0.08436982891400051,29,2,691,-9.498397774520596e-05,822,-1.8353327873786245e-08
0.28942661247167517,0.020309176209047358,0.08319044242343801,29,2,681,-9.4442778098014e-05,812,-1.850984420712502e-08
0.28942661247167517,0.024244620170823284,0.08182498552955962,29,2,670,-9.38474584861027e-05,801,-1.8687267719255817e-08
0.28942661247167517,0.028942661247167517,0.08025250159786226,29,3,657,-9.312488805184962e-05,789,-1.889671233372895e-08
0.28942661247167517,0.0345510729459222,0.07845267318965053,29,3,642,-9.231308858106159e-05,774,-1.915765753145345e-08
0.28942661247167517,0.04124626382901352,0.07640703442854872,29,4,625,-9.136288226765951e-05,758,-1.9457540681005113e-08
0.28942661247167517,0.04923882631706739,0.07410047181669696,29,5,607,-9.034805253824034e-05,741,-1.9791034706411766e-08
0.28942661247167517,0.05878016072274912,0.07152296117009593,29,6,585,-8.910685265247874e-05,720,-2.022627457779565e-08
0.28942661247167517,0.07017038286703829,0.06867142659928203,29,7,562,-8.780221893834134e-05,698,-2.07149103332094e-08
0.28942661247167517,0.0837677640068292,0.06555153779384823,29,8,537,-8.638057363061177e-05,674,-2.129121136541169e-08
0.28942661247167517,0.1,0.06217919864865616,29,10,509,-8.47036192187989e-05,648,-2.1974114514436635e-08
0.28942661247167517,0.1193776641714437,0.05858144426654945,29,12,479,-8.288908451915278e-05,620,-2.2786124342071304e-08
0.28942661247167517,0.14251026703029984,0.05479647719016618,29,14,449,-8.104852831385657e-05,592,-2.3693550534643956e-08
0.28942661247167517,0.17012542798525893,0.0508726533788943,29,17,416,-7.889471243735044e-05,562,-2.4787832234934788e-08
0.28942661247167517,0.20309176209047358,0.04686637350285482,29,20,384,-7.675168554536468e-05,533,-2.59981320863643e-08
0.28942661247167517,0.24244620170823283,0.042839022134821665,29,24,351,-7.436252888435723e-05,504,-2.738648727004649e-08
0.28942661247167517,0.28942661247167517,0.038853282170812006,29,29,318,-7.175383687351285e-05,476,-2.8940000352308157e-08
0.28942661247167517,0.345510729459222,0.034969282287339684,29,35,286,-6.896214418855741e-05,450,-3.0625341588310424e-08
0.28942661247167517,0.41246263829013524,0.03124107123115418,29,41,256,-6.622605096027415e-05,426,-3.24828580342722e-08
0.28942661247167517,0.49238826317067413,0.027713842722085533,29,49,227,-6.312664135490915e-05,405,-3.4399564794784564e-08
0.28942661247167517,0.5878016072274915,0.024422180971261483,29,59,200,-5.972487409525936e-05,388,-3.624082165974476e-08
0.28942661247167517,0.701703828670383,0.021389405592219645,29,70,175,-5.62483112296852e-05,374,-3.8095706894470165e-08
0.28942661247167517,0.837677640068292,0.018627917452749988,29,84,152,-5.236788715000097e-05,365,-3.9594652313625417e-08
0.28942661247167517,1.0,0.01614032208026716,29,100,132,-4.840656222571498e-05,361,-4.058910131285845e-08
0.28942661247167517,1.1937766417144369,0.013921050192872646,29,119,114,-4.422524533021871e-05,362,-4.094171943178922e-08
0.28942661247167517,1.4251026703029992,0.01195819980752065,29,143,98,-3.964128721947708e-05,370,-4.0147141198579176e-08
0.28942661247167517,1.7012542798525891,0.010235371885430633,29,170,84,-3.5117840543426165e-05,383,-3.849796156920211e-08
0.28942661247167517,2.030917620904737,0.008733338851740957,29,203,71,-3.034247770723651e-05,403,-3.568443808918795e-08
0.28942661247167517,2.424462017082328,0.007431453605948336,29,242,61,-2.5627241625966462e-05,432,-3.139439130952648e-08
0.28942661247167517,2.8942661247167516,0.006308763888739314,29,289,52,-2.0859275664366213e-05,470,-2.6152552237169277e-08
0.28942661247167517,3.4551072945922217,0.005344838088575111,29,346,44,-1.6114465253195425e-05,519,-2.0239217851287898e-08
0.28942661247167517,4.1246263829013525,0.0045203338082395305,29,412,37,-1.2289838821324685e-05,578,-1.5152063643600895e-08
0.28942661247167517,4.923882631706742,0.003817352601885005,29,492,31,-8.483867849454226e-06,652,-1.001282644807533e-08
0.28942661247167517,5.878016072274912,0.0032196270145633623,29,588,26,-4.800004762987004e-06,743,-5.29334446734341e-09
0.28942661247167517,7.01703828670383,0.0027125829775719898,29,702,22,-1.3241202391443702e-06,853,-1.33533707053688e-09
0.28942661247167517,8.376776400682925,0.0022833145579844788,29,838,19,1.918725452708299e-06,986,
0.28942661247167517,10.0,0.0019205009900751747,29,1000,16,4.944207192428613e-06,1145,
0.345510729459222,0.01,0.09970609078321634,35,1,816,-0.0001103357631002376,952,-1.8109204815558956e-08
0.345510729459222,0.011937766417144363,0.09889030032090705,35,1,809,-0.0001099569233472031,945,-1.8199666211033832e-08
0.345510729459222,0.014251026703029978,0.09793374002265737,35,1,802,-0.0001095780835941688,938,-1.829167088341215e-08
0.345510729459222,0.017012542798525893,0.09681577590877209,35,2,792,-0.00010903295201612263,929,-1.842208495524662e-08
0.345510729459222,0.020309176209047358,0.09551414961453578,35,2,782,-0.0001084917523689306,919,-1.8559558021234878e-08
0.345510729459222,0.024244620170823284,0.09400540379746614,35,2,769,-0.00010778819282758081,906,-1.8743490849388912e-08
0.345510729459222,0.028942661247167517,0.09226555683342574,35,3,755,-0.00010701409304332795,893,-1.8942223744283202e-08
0.345510729459222,0.0345510729459222,0.09027107573364833,35,3,739,-0.00010614817360782077,877,-1.918560081114479e-08
0.345510729459222,0.04124626382901352,0.08800018121787426,35,4,720,-0.00010509167226433948,859,-1.947945732425199e-08
0.345510729459222,0.04923882631706739,0.08543448848481763,35,5,699,-0.00010391577657459216,839,-1.9821041939190144e-08
0.345510729459222,0.05878016072274912,0.08256093837439336,35,6,676,-0.00010262109731116513,817,-2.021771884454965e-08
0.345510729459222,0.07017038286703829,0.07937390666504397,35,7,650,-0.00010115409092866862,792,-2.069860669708791e-08
0.345510729459222,0.0837677640068292,0.07587730054959968,35,8,621,-9.951530038838325e-05,764,-2.128077762085051e-08
0.345510729459222,0.1,0.07208637529054555,35,10,590,-9.767271457092501e-05,735,-2.1939064369030774e-08
0.345510729459222,0.1193776641714437,0.06802895297003095,35,12,557,-9.569000331049841e-05,704,-2.271249277503463e-08
0.345510729459222,0.14251026703029984,0.06374572520869165,35,14,522,-9.357054933307766e-05,671,-2.3631313600635836e-08
0.345510729459222,0.17012542798525893,0.05928939391682238,35,17,485,-9.118332815050466e-05,637,-2.4694198551253803e-08
0.345510729459222,0.20309176209047358,0.0547225535111194,35,20,448,-8.874767273479767e-05,603,-2.590870343165694e-08
0.345510729459222,0.24244620170823283,0.050114424314242394,35,24,410,-8.605117527950859e-05,569,-2.73004997714177e-08
0.345510729459222,0.28942661247167517,0.045536764274526444,35,29,373,-8.316936461754997e-05,537,-2.880922949099379e-08
0.345510729459222,0.345510729459222,0.041059455432202185,35,35,336,-8.0025425980515e-05,506,-3.051144806333499e-08
0.345510729459222,0.41246263829013524,0.036746331379111916,35,41,301,-7.692451191345418e-05,477,-3.24124686779818e-08
0.345510729459222,0.49238826317067413,0.03265176007955844,35,49,267,-7.341313405087722e-05,451,-3.441617085503597e-08
0.345510729459222,0.5878016072274915,0.028818339414096037,35,59,236,-6.95990862304573e-05,430,-3.63100408130516e-08
0.345510729459222,0.701703828670383,0.025275848796657535,35,70,207,-6.567386423962707e-05,412,-3.826925251420493e-08
0.345510729459222,0.837677640068292,0.022041388769452188,35,84,180,-6.126651930332788e-05,399,-3.996511370080097e-08
0.345510729459222,1.0,0.019120480498586945,35,100,157,-5.677932742820932e-05,392,-4.111166999363502e-08
0.345510729459222,1.1937766417144369,0.016508812977362026,35,119,135,-5.195038966674013e-05,389,-4.1912375689181226e-08
0.345510729459222,1.4251026703029992,0.014194315932651538,35,143,116,-4.6673894708928085e-05,394,-4.14952833471978e-08
0.345510729459222,1.7012542798525891,0.012159281455803724,35,170,100,-4.147579300273414e-05,405,-4.00732299543325e-08
0.345510729459222,2.030917620904737,0.010382331236833416,35,203,85,-3.59499955179364e-05,423,-3.750651592898947e-08
0.345510729459222,2.424462017082328,0.008840105716353141,35,242,72,-3.0385111571415712e-05,449,-3.3663983571256054e-08
0.345510729459222,2.8942661247167516,0.007508620791693775,35,289,61,-2.4776202474940803e-05,485,-2.850132575053584e-08
0.345510729459222,3.4551072945922217,0.0063642894447661575,35,346,52,-1.9211540690482654e-05,533,-2.2323426319408155e-08
0.345510729459222,4.1246263829013525,0.0053846387089973285,35,412,44,-1.4699270430319562e-05,591,-1.6930742260216034e-08
0.345510729459222,4.923882631706742,0.004548769457753698,35,492,37,-1.0185304422502428e-05,664,-1.1353588699701737e-08
0.345510729459222,5.878016072274912,0.0038376117899479234,35,588,31,-5.794717533042135e-06,754,-6.104200498306263e-09
0.345510729459222,7.01703828670383,0.00323402652942419,35,702,26,-1.6307243988178219e-06,863,-1.5881616661646104e-09
0.345510729459222,8.376776400682925,0.0027227970049056725,35,838,22,2.2748033023759252e-06,995,
0.345510729459222,10.0,0.0022905473126134776,35,1000,19,5.874402775745163e-06,1154,
0.41246263829013524,0.01,0.11361409946499702,41,1,930,-0.00012432180778218244,1072,-1.793706648134215e-08
0.41246263829013524,0.011937766417144363,0.112726456637465,41,1,923,-0.00012394296802914798,1065,-1.8015228132552506e-08
0.41246263829013524,0.014251026703029978,0.1116848033746553,41,1,914,-0.00012345588834667518,1056,-1.81174442115986e-08
0.41246263829013524,0.017012542798525893,0.11046623486374561,41,2,904,-0.0001229143443427587,1047,-1.823059896513878e-08
0.41246263829013524,0.020309176209047358,0.10904590794797182,41,2,893,-0.0001223190247308474,1036,-1.8360981811622423e-08
0.41246263829013524,0.024244620170823284,0.10739745770343773,41,2,879,-0.00012156134522477857,1022,-1.853154034861024e-08
0.41246263829013524,0.028942661247167517,0.10549368106143868,41,3,863,-0.00012068220467782653,1007,-1.872813120591979e-08
0.41246263829013524,0.0345510729459222,0.10330754538005087,41,3,846,-0.00011976216527804274,990,-1.895030938922794e-08
0.41246263829013524,0.04124626382901352,0.10081356677651737,41,4,825,-0.00011860021301831712,970,-1.9229868345085873e-08
0.41246263829013524,0.04923882631706739,0.09798957371188025,41,5,802,-0.00011731844041756761,948,-1.955111829109883e-08
0.41246263829013524,0.05878016072274912,0.09481882170125308,41,6,776,-0.00011586332435718298,923,-1.993587603791992e-08
0.41246263829013524,0.07017038286703829,0.09129235415468347,41,7,747,-0.00011423542996637603,895,-2.0395177726942216e-08
0.41246263829013524,0.0837677640068292,0.0874114173022754,41,8,715,-0.00011243529256533398,864,-2.0943521014312003e-08
0.41246263829013524,0.1,0.08318964766845989,41,10,681,-0.00011043097013541749,832,-2.1558864208542547e-08
0.41246263829013524,0.1193776641714437,0.07865468177656101,41,12,644,-0.00010823050911290294,797,-2.22962607871334e-08
0.41246263829013524,0.14251026703029984,0.07384881894468945,41,14,604,-0.00010583728555112923,759,-2.3188573145595993e-08
0.41246263829013524,0.17012542798525893,0.06882842603085593,41,17,563,-0.00010322529905312517,721,-2.4186438073320644e-08
0.41246263829013524,0.20309176209047358,0.06366191975156775,41,20,521,-0.00010050661670535026,682,-2.5352929068271894e-08
0.41246263829013524,0.24244620170823283,0.058426383121388925,41,24,478,-9.751677750909211e-05,643,-2.6684757418206026e-08
0.41246263829013524,0.28942661247167517,0.05320312278080223,41,29,435,-9.427254611967794e-05,605,-2.817891081144162e-08
0.41246263829013524,0.345510729459222,0.04807268818317658,41,35,393,-9.080048135824187e-05,569,-2.9820513435003405e-08
0.41246263829013524,0.41246263829013524,0.043109988288290955,41,41,353,-8.73597054979887e-05,535,-3.166468719344257e-08
0.41246263829013524,0.49238826317067413,0.03838012035781602,41,49,314,-8.347003876297787e-05,504,-3.362744289862939e-08
0.41246263829013524,0.5878016072274915,0.03393537541572288,41,59,278,-7.923116495779729e-05,478,-3.553923251000148e-08
0.41246263829013524,0.701703828670383,0.02981365265579958,41,70,244,-7.484711999136474e-05,455,-3.7570083320632836e-08
0.41246263829013524,0.837677640068292,0.026038267380410728,41,84,213,-6.996509238834778e-05,438,-3.930844001817394e-08
0.41246263829013524,1.0,0.022618934994771193,41,100,185,-6.489785723482636e-05,426,-4.07777927959952e-08
0.41246263829013524,1.1937766417144369,0.019553593302177194,41,119,160,-5.953192865661144e-05,420,-4.1689025669895966e-08
0.41246263829013524,1.4251026703029992,0.016830692595931954,41,143,138,-5.362351032231306e-05,422,-4.152354833693128e-08
0.41246263829013524,1.7012542798525891,0.014431620007123683,41,170,118,-4.769859308412073e-05,429,-4.068457274319407e-08
0.41246263829013524,2.030917620904737,0.01233300247658726,41,203,101,-4.1477071906087844e-05,445,-3.835852391203907e-08
0.41246263829013524,2.424462017082328,0.010508723499379601,41,242,86,-3.5166462983416594e-05,469,-3.4790723173146615e-08
0.41246263829013524,2.8942661247167516,0.008931571993838679,41,289,73,-2.8761188461386648e-05,503,-2.986934101296775e-08
0.41246263829013524,3.4551072945922217,0.007574506337416822,41,346,62,-2.236048783829047e-05,549,-2.3797879776809784e-08
0.41246263829013524,4.1246263829013525,0.0064115598434978565,41,412,52,-1.7131043913647244e-05,605,-1.8369122789671075e-08
0.41246263829013524,4.923882631706742,0.005418437900501832,41,492,44,-1.1929975010744333e-05,677,-1.2502593807109969e-08
0.41246263829013524,5.878016072274912,0.004572866184993836,41,588,37,-6.849808001734307e-06,766,-6.8559783822783585e-09
0.41246263829013524,7.01703828670383,0.0038547487093405376,41,702,32,-2.065101095667744e-06,875,-1.9181693253462235e-09
0.41246263829013524,8.376776400682925,0.0032461881910054056,41,838,27,2.493679301449765e-06,1006,
0.41246263829013524,10.0,0.0027314124593993865,41,1000,22,6.76935618313604e-06,1163,
0.49238826317067413,0.01,0.12864610115223696,49,1,1053,-0.00014039028912589017,1203,-1.7914007978395816e-08
0.49238826317067413,0.011937766417144363,0.12769238592805923,49,1,1045,-0.00013995732940834437,1195,-1.7992843017078405e-08
0.49238826317067413,0.014251026703029978,0.12657221692598689,49,1,1036,-0.0001394702497261058,1186,-1.8082959460391273e-08
0.49238826317067413,0.017012542798525893,0.12526045323888807,49,2,1025,-0.00013887957247656616,1176,-1.8193433218912183e-08
0.49238826317067413,0.020309176209047358,0.12372966843078405,49,2,1013,-0.00013823013290024762,1164,-1.8318574709477682e-08
0.49238826317067413,0.024244620170823284,0.1219505413343514,49,2,998,-0.0001374183334298507,1149,-1.847914762920912e-08
0.49238826317067413,0.028942661247167517,0.11989252737000655,49,3,981,-0.00013648980867116592,1133,-1.8663231191276977e-08
0.49238826317067413,0.0345510729459222,0.11752487755380862,49,3,962,-0.0001354615293419956,1114,-1.888070824045879e-08
0.49238826317067413,0.04124626382901352,0.11481806212468074,49,4,940,-0.00013424990755812812,1093,-1.9137549188614128e-08
0.49238826317067413,0.04923882631706739,0.11174562887180806,49,5,915,-0.00013286402757314825,1069,-1.9443042009679996e-08
0.49238826317067413,0.05878016072274912,0.10828647764980505,49,6,886,-0.00013125033849362302,1041,-1.9817952904152777e-08
0.49238826317067413,0.07017038286703829,0.10442745973345378,49,7,855,-0.0001295176211811677,1011,-2.0245036526950792e-08
0.49238826317067413,0.0837677640068292,0.1001661168327079,49,8,820,-0.0001275581500758049,977,-2.076479734263469e-08
0.49238826317067413,0.1,0.09551327200992263,49,10,782,-0.00012534215835803105,941,-2.1361742170228215e-08
0.49238826317067413,0.1193776641714437,0.09049509640480546,49,12,741,-0.00012292828193741464,902,-2.2068520894281212e-08
0.49238826317067413,0.14251026703029984,0.08515423323722587,49,14,697,-0.00012031981863469432,860,-2.291325981883688e-08
0.49238826317067413,0.17012542798525893,0.07954959658013556,49,17,651,-0.00011743557048998266,817,-2.3877268668032176e-08
0.49238826317067413,0.20309176209047358,0.07375459721448097,49,20,604,-0.00011444034465192543,773,-2.4996798884261376e-08
0.49238826317067413,0.24244620170823283,0.06785377534395862,49,24,555,-0.00011111123866094891,728,-2.6301630645271374e-08
0.49238826317067413,0.28942661247167517,0.061938099586081166,49,29,507,-0.00010756790093938239,685,-2.7730118052997447e-08
0.49238826317067413,0.345510729459222,0.05609945469388269,49,35,459,-0.00010372268863845498,643,-2.9344127829364583e-08
0.49238826317067413,0.41246263829013524,0.05042501130844526,49,41,413,-9.98946436919315e-05,603,-3.11693480894666e-08
0.49238826317067413,0.49238826317067413,0.044992196510876874,49,49,368,-9.557762051213427e-05,566,-3.313604926921865e-08
0.49238826317067413,0.5878016072274915,0.039864855869981425,49,59,326,-9.08599434069266e-05,534,-3.5110883146659945e-08
0.49238826317067413,0.701703828670383,0.035090956515461576,49,70,287,-8.600989220684686e-05,506,-3.716775083481564e-08
0.49238826317067413,0.837677640068292,0.030701898079502476,49,84,251,-8.058027361045629e-05,484,-3.901625604534754e-08
0.49238826317067413,1.0,0.02671324806490392,49,100,219,-7.495490225003634e-05,468,-4.056659752667442e-08
0.49238826317067413,1.1937766417144369,0.02312655133428269,49,119,189,-6.889432707846983e-05,457,-4.181242160494618e-08
0.49238826317067413,1.4251026703029992,0.019931796847476382,49,143,163,-6.22257014624084e-05,455,-4.19904861747813e-08
0.49238826317067413,1.7012542798525891,0.01711014525732941,49,170,140,-5.55354378811926e-05,459,-4.1413451067257715e-08
0.49238826317067413,2.030917620904737,0.014636598267779213,49,203,120,-4.844497784621598e-05,472,-3.945030769235829e-08
0.49238826317067413,2.424462017082328,0.012482391672635531,49,242,102,-4.1192896363510876e-05,493,-3.627412501189757e-08
0.49238826317067413,2.8942661247167516,0.010616992478182088,49,289,87,-3.382618357843154e-05,525,-3.152193046168255e-08
0.49238826317067413,3.4551072945922217,0.00900966082291355,49,346,74,-2.6402307998094923e-05,569,-2.5504547911606382e-08
0.49238826317067413,4.1246263829013525,0.007630593727327278,49,412,62,-2.0289144319406155e-05,623,-2.001691428512841e-08
0.49238826317067413,4.923882631706742,0.006451701057398511,49,492,53,-1.4221194401110106e-05,694,-1.383519252953605e-08
0.49238826317067413,5.878016072274912,0.005447079043355086,49,588,45,-8.265428304339645e-06,782,-7.757323608014684e-09
0.49238826317067413,7.01703828670383,0.004593248853142413,49,702,38,-2.564874286629415e-06,889,-2.2730186871937387e-09
0.49238826317067413,8.376776400682925,0.003869222167318961,49,838,32,2.8323272218044576e-06,1019,
0.49238826317067413,10.0,0.0032564463680236216,49,1000,27,7.854976102936351e-06,1176,
0.5878016072274915,0.01,0.14468128176760756,59,1,1184,-0.00015788922105873542,1344,-1.7935434962142793e-08
0.5878016072274915,0.011937766417144363,0.1436703692747882,59,1,1176,-0.0001574562613411896,1336,-1.8005701827507733e-08
0.5878016072274915,0.014251026703029978,0.1424819107682471,59,1,1166,-0.00015691506169425792,1326,-1.8094866313136597e-08
0.5878016072274915,0.017012542798525893,0.14108865139126264,59,2,1155,-0.00015633053891846396,1316,-1.819383635943718e-08
0.5878016072274915,0.020309176209047358,0.1394606787745446,59,2,1141,-0.00015557285941275958,1302,-1.8323599803629977e-08
0.5878016072274915,0.024244620170823284,0.13756576928202566,59,2,1126,-0.00015476105994236214,1287,-1.8466144036650696e-08
0.5878016072274915,0.028942661247167517,0.13537002240143323,59,3,1108,-0.00015378454094470482,1270,-1.863964667709503e-08
0.5878016072274915,0.0345510729459222,0.13283885943151047,59,3,1087,-0.00015264802168614883,1249,-1.885218432354162e-08
0.5878016072274915,0.04124626382901352,0.12993845615625996,59,4,1064,-0.00015138832625928488,1227,-1.9090101921677246e-08
0.5878016072274915,0.04923882631706739,0.1266376563116807,59,5,1037,-0.00014990012749348093,1201,-1.93817157126855e-08
0.5878016072274915,0.05878016072274912,0.12291036719868484,59,6,1006,-0.0001481839531774011,1171,-1.973470503641076e-08
0.5878016072274915,0.07017038286703829,0.11873836658550553,59,7,972,-0.00014629442704474697,1138,-2.014630756923364e-08
0.5878016072274915,0.0837677640068292,0.11411435202547397,59,8,934,-0.00014417791011949878,1101,-2.0640484183630933e-08
0.5878016072274915,0.1,0.10904494974102809,59,10,893,-0.0001418093592164902,1062,-2.1203869557931517e-08
0.5878016072274915,0.1193776641714437,0.10355329185910507,59,12,848,-0.00013918753667482503,1019,-2.1880016454683722e-08
0.5878016072274915,0.14251026703029984,0.0976807007839103,59,14,800,-0.00013636970092197075,973,-2.2679145338761143e-08
0.5878016072274915,0.17012542798525893,0.0914870254560709,59,17,749,-0.0001332225791954816,925,-2.3605538776951573e-08
0.5878016072274915,0.20309176209047358,0.08504928569758104,59,20,696,-0.00012990659004658033,875,-2.4698009438872265e-08
0.5878016072274915,0.24244620170823283,0.07845850285113079,59,24,642,-0.00012630601399735665,825,-2.5937656891193665e-08
0.5878016072274915,0.28942661247167517,0.07181489570916914,59,29,588,-0.00012242680889373335,776,-2.732497296976461e-08
0.5878016072274915,0.345510729459222,0.06522193230752546,59,35,534,-0.0001182289528055728,728,-2.8891293877516447e-08
0.5878016072274915,0.41246263829013524,0.05877996480763154,59,41,481,-0.00011397902756251519,681,-3.071134846617498e-08
0.5878016072274915,0.49238826317067413,0.05258026430614432,59,49,430,-0.0001092583441900631,638,-3.2643664233660924e-08
0.5878016072274915,0.5878016072274915,0.046700186412742414,59,59,382,-0.00010408693649326307,600,-3.461948263595526e-08
0.5878016072274915,0.701703828670383,0.04119996426365291,59,70,337,-9.873799448329213e-05,566,-3.671785894287759e-08
0.5878016072274915,0.837677640068292,0.03612131474585192,59,84,296,-9.277828649954873e-05,539,-3.8596508236770425e-08
0.5878016072274915,1.0,0.03148774187924399,59,100,258,-8.649457450004907e-05,517,-4.037274761951507e-08
0.5878016072274915,1.1937766417144369,0.02730619715558385,59,119,224,-7.97889155280126e-05,502,-4.170443002718618e-08
0.5878016072274915,1.4251026703029992,0.02356964277835331,59,143,193,-7.228299921240503e-05,495,-4.224852370822669e-08
0.5878016072274915,1.7012542798525891,0.020260055798876655,59,170,166,-6.473081598991104e-05,495,-4.2011173409859196e-08
0.5878016072274915,2.030917620904737,0.017351479921970718,59,203,142,-5.664984041600828e-05,504,-4.050467640212233e-08
0.5878016072274915,2.424462017082328,0.014812839679948378,59,242,121,-4.836405851836894e-05,522,-3.765791366376154e-08
0.5878016072274915,2.8942661247167516,0.012610345797338763,59,289,103,-3.986302485185811e-05,551,-3.322195587287116e-08
0.5878016072274915,3.4551072945922217,0.010709419064133485,59,346,88,-3.127006226758501e-05,593,-2.7252973912833372e-08
0.5878016072274915,4.1246263829013525,0.009076132827145667,59,412,74,-2.4134545966323783e-05,645,-2.1719353821385697e-08
0.5878016072274915,4.923882631706742,0.007678220196129608,59,492,63,-1.6990275448095e-05,714,-1.5294153792506075e-08
0.5878016072274915,5.878016072274912,0.006485715363023483,59,588,53,-9.939286665969441e-06,800,-8.765576034896764e-09
0.5878016072274915,7.01703828670383,0.005471305176822101,59,702,45,-3.20632502794098e-06,906,-2.695523352619571e-09
0.5878016072274915,8.376776400682925,0.004610463338233061,59,838,38,3.202159536329559e-06,1035,
0.5878016072274915,10.0,0.0038814301789448515,59,1000,32,9.19782965571157e-06,1191,
0.701703828670383,0.01,0.16154909049876037,70,1,1322,-0.00017538770511916813,1493,-1.78573455566474e-08
0.701703828670383,0.011937766417144363,0.1604928298918244,70,1,1314,-0.00017495474540162338,1485,-1.7919815777780174e-08
0.701703828670383,0.014251026703029978,0.15924983701667053,70,1,1303,-0.00017435942578999784,1474,-1.8006942733065285e-08
0.701703828670383,0.017012542798525893,0.15779096160634704,70,2,1292,-0.00017378124124723011,1464,-1.8095426844852983e-08
0.701703828670383,0.020309176209047358,0.1560840119824868,70,2,1278,-0.00017302356174152516,1450,-1.821032287257932e-08
0.701703828670383,0.024244620170823284,0.15409403756631834,70,2,1261,-0.0001721035223417414,1433,-1.8353206396483148e-08
0.701703828670383,0.028942661247167517,0.15178389991922045,70,3,1242,-0.00017107940965920763,1415,-1.8515889179099488e-08
0.701703828670383,0.0345510729459222,0.14911521646401568,70,3,1221,-0.00016994289040065058,1394,-1.8703200466708185e-08
0.701703828670383,0.04124626382901352,0.14604975911651077,70,4,1195,-0.0001685274938561916,1369,-1.8940993970912236e-08
0.701703828670383,0.04923882631706739,0.1425513725660526,70,5,1167,-0.0001669919153728238,1342,-1.920749880641168e-08
0.701703828670383,0.05878016072274912,0.13858843689097447,70,6,1134,-0.00016517427601231606,1310,-1.9537540632149237e-08
0.701703828670383,0.07017038286703829,0.1341368307013002,70,7,1098,-0.0001631832765273873,1275,-1.9918860959839276e-08
0.701703828670383,0.0837677640068292,0.12918325239804457,70,8,1057,-0.000160911118635644,1235,-2.0383719313872895e-08
0.701703828670383,0.1,0.12372863503811056,70,10,1013,-0.00015839336184514407,1193,-2.091029080847854e-08
0.701703828670383,0.1193776641714437,0.1177912634103092,70,12,964,-0.00015556762981259076,1146,-2.1549150849483428e-08
0.701703828670383,0.14251026703029984,0.11140910230736498,70,14,912,-0.00015254509156768055,1096,-2.2296698369925246e-08
0.701703828670383,0.17012542798525893,0.10464081372054838,70,17,856,-0.00014914318050367396,1043,-2.317399243352403e-08
0.701703828670383,0.20309176209047358,0.09756501628772749,70,20,799,-0.00014562390341736617,989,-2.4179172699514532e-08
0.701703828670383,0.24244620170823283,0.0902775412146044,70,24,739,-0.00014171157689950534,933,-2.5356805142431218e-08
0.701703828670383,0.28942661247167517,0.08288674663865948,70,29,678,-0.00013746166761292278,877,-2.669988105293349e-08
0.701703828670383,0.345510729459222,0.0755073057201527,70,35,618,-0.00013293646106632293,823,-2.8186002261539083e-08
0.701703828670383,0.41246263829013524,0.06825319123571334,70,41,559,-0.00012834562914905767,770,-2.990554538971915e-08
0.701703828670383,0.49238826317067413,0.061230750381211625,70,49,501,-0.00012320424298430127,720,-3.178398033802886e-08
0.701703828670383,0.5878016072274915,0.05453274400941301,70,59,446,-0.00011757171343714206,675,-3.37384393472056e-08
0.701703828670383,0.701703828670383,0.04823402088088505,70,70,395,-0.00011177399088524339,635,-3.5784853813108175e-08
0.701703828670383,0.837677640068292,0.04238917329233452,70,84,347,-0.00010523580438483023,601,-3.7758173149449334e-08
0.701703828670383,1.0,0.03703216947272654,70,100,303,-9.83552045836351e-05,573,-3.962899576277654e-08
0.701703828670383,1.1937766417144369,0.03217766784918173,70,119,263,-9.095879890466334e-05,552,-4.117832355682165e-08
0.701703828670383,1.4251026703029992,0.027823541907384015,70,143,228,-8.273324743608675e-05,541,-4.183940904019761e-08
0.701703828670383,1.7012542798525891,0.02395409212541673,70,170,196,-7.431831464037785e-05,536,-4.1968779444532336e-08
0.701703828670383,2.030917620904737,0.020543469499279782,70,203,168,-6.529071773155409e-05,541,-4.082200683478435e-08
0.701703828670383,2.424462017082328,0.017558943234843312,70,242,144,-5.60002950166102e-05,556,-3.827248155864557e-08
0.701703828670383,2.8942661247167516,0.01496377325289275,70,289,122,-4.6322752780229544e-05,581,-3.4323320080193796e-08
0.701703828670383,3.4551072945922217,0.012719566690662017,70,346,104,-3.64978754433786e-05,620,-2.8621295046564154e-08
0.701703828670383,4.1246263829013525,0.010788090468812853,70,412,88,-2.8314849827508e-05,670,-2.3125489895057168e-08
0.701703828670383,4.923882631706742,0.0091325745786394,70,492,75,-2.005539128483485e-05,737,-1.658155542359227e-08
0.701703828670383,5.878016072274912,0.007718575827794831,70,588,63,-1.1859285809682307e-05,821,-9.737487322179412e-09
0.701703828670383,7.01703828670383,0.006514485665611125,70,702,53,-3.980626376113939e-06,925,-3.1619877481245047e-09
0.701703828670383,8.376776400682925,0.005491765350871745,70,838,45,3.505889841164917e-06,1053,
0.701703828670383,10.0,0.004624983155139952,70,1000,38,1.0546802129003266e-05,1208,
0.837677640068292,0.01,0.17903379338633135,84,1,1465,-0.00019417349577523379,1650,-1.7847648860263227e-08
0.837677640068292,0.011937766417144363,0.17794658566735821,84,1,1456,-0.00019368641609299593,1641,-1.7911041085741916e-08
0.837677640068292,0.014251026703029978,0.17666586846446142,84,1,1446,-0.00019314521644606366,1631,-1.798238645594962e-08
0.837677640068292,0.017012542798525893,0.17516091226956573,84,2,1434,-0.00019252008242949485,1620,-1.8069876896387796e-08
0.837677640068292,0.020309176209047358,0.1733975672990537,84,2,1419,-0.0001917082829590967,1605,-1.818053457747463e-08
0.837677640068292,0.024244620170823284,0.17133846448349616,84,2,1402,-0.00019078824355931289,1588,-1.8308757994675247e-08
0.837677640068292,0.028942661247167517,0.1689434971778134,84,3,1383,-0.00018977171916882192,1570,-1.8455077766857785e-08
0.837677640068292,0.0345510729459222,0.16617067399155125,84,3,1360,-0.00018852695998087976,1547,-1.863835491654768e-08
0.837677640068292,0.04124626382901352,0.16297743623540709,84,4,1334,-0.00018711950455265643,1522,-1.885107136191659e-08
0.837677640068292,0.04923882631706739,0.15932252254961685,84,5,1304,-0.00018548391967143955,1493,-1.9105902193139775e-08
0.837677640068292,0.05878016072274912,0.15516843076134137,84,6,1270,-0.00018362063015341397,1460,-1.9408163001100726e-08
0.837677640068292,0.07017038286703829,0.15048446554215247,84,7,1232,-0.00018153004467296826,1423,-1.9764610834763437e-08
0.837677640068292,0.0837677640068292,0.14525026563155136,84,8,1189,-0.00017915843649446688,1381,-2.01943749782417e-08
0.837677640068292,0.1,0.13945957901344272,84,10,1141,-0.00017644200980286933,1335,-2.070113803372747e-08
0.837677640068292,0.1193776641714437,0.13312391295323678,84,12,1090,-0.00017352589264784497,1286,-2.1283686084612407e-08
0.837677640068292,0.14251026703029984,0.1262755574039101,84,14,1034,-0.00017030449844956033,1232,-2.1985554007069316e-08
0.837677640068292,0.17012542798525893,0.11896940714743372,84,17,974,-0.00016671160461802296,1175,-2.280222188122647e-08
0.837677640068292,0.20309176209047358,0.11128303605715834,84,20,911,-0.0001628914112705614,1115,-2.376484998768093e-08
0.837677640068292,0.24244620170823283,0.1033146385983112,84,24,846,-0.00015873673191216117,1054,-2.486555529812356e-08
0.837677640068292,0.28942661247167517,0.09517874822178299,84,29,779,-0.00015419062373961512,992,-2.6135332938897762e-08
0.837677640068292,0.345510729459222,0.08700002206726903,84,35,712,-0.00014930948234975053,931,-2.7565166774314245e-08
0.837677640068292,0.41246263829013524,0.07890575660054266,84,41,646,-0.00014434951228493005,871,-2.9215817739015957e-08
0.837677640068292,0.49238826317067413,0.07101806383668541,84,49,581,-0.00013882134775976116,814,-3.102638351468636e-08
0.837677640068292,0.5878016072274915,0.063446710959209,84,59,519,-0.0001327675987369398,762,-3.2930922126383365e-08
0.837677640068292,0.701703828670383,0.05628348402878771,84,70,461,-0.0001265061392929264,715,-3.495320622576918e-08
0.837677640068292,0.837677640068292,0.04959862422753565,84,84,406,-0.00011943075452520172,674,-3.695487175109899e-08
0.837677640068292,1.0,0.04343949675442394,84,100,356,-0.00011198807789430403,640,-3.884698137030111e-08
0.837677640068292,1.1937766417144369,0.03783129254495876,84,119,310,-0.00010392582459238109,613,-4.050110077645405e-08
0.837677640068292,1.4251026703029992,0.0327793092260557,84,143,268,-9.482722058996603e-05,595,-4.152895707715076e-08
0.837677640068292,1.7012542798525891,0.028272241831654246,84,170,231,-8.553509968222667e-05,585,-4.192280531403552e-08
0.837677640068292,2.030917620904737,0.024285923675777674,84,203,199,-7.551682889119105e-05,586,-4.104844751382891e-08
0.837677640068292,2.424462017082328,0.02078705423836619,84,242,170,-6.503581106703641e-05,596,-3.901368390344116e-08
0.837677640068292,2.8942661247167516,0.01773658774112599,84,289,145,-5.411993955643877e-05,618,-3.533786454876838e-08
0.837677640068292,3.4551072945922217,0.01509259475672746,84,346,124,-4.2904445612042635e-05,654,-2.989440190359716e-08
0.837677640068292,4.1246263829013525,0.012812525465911332,84,412,105,-3.345616088220047e-05,701,-2.4554980464000345e-08
0.837677640068292,4.923882631706742,0.010854886893481894,84,492,89,-2.383474655525406e-05,765,-1.797898963208423e-08
0.837677640068292,5.878016072274912,0.009180397715404374,84,588,75,-1.428063087435811e-05,847,-1.0822759283333164e-08
0.837677640068292,7.01703828670383,0.007752708790093719,84,702,63,-5.029433116230588e-06,949,-3.736854978995904e-09
0.837677640068292,8.376776400682925,0.00653878309893677,84,838,54,3.771678011538721e-06,1076,
0.837677640068292,10.0,0.005509022531950171,84,1000,45,1.215233228561191e-05,1229,
1.0,0.01,0.19688390234098369,100,1,1611,-0.0002128458068697903,1812,-1.7794537957395126e-08
1.0,0.011937766417144363,0.19578198829095914,100,1,1602,-0.00021235872718755104,1803,-1.7851871884356486e-08
1.0,0.014251026703029978,0.19448259289150785,100,1,1592,-0.0002118175275406201,1793,-1.7916323612455812e-08
1.0,0.017012542798525893,0.1929538127538344,100,2,1579,-0.00021114517747763275,1781,-1.8002436542637527e-08
1.0,0.020309176209047358,0.1911599701816881,100,2,1565,-0.00021038749797192772,1767,-1.8095514382826105e-08
1.0,0.024244620170823284,0.18906171821218468,100,2,1547,-0.00020941333860745068,1749,-1.8217617820414843e-08
1.0,0.028942661247167517,0.18661641007564186,100,3,1527,-0.00020835018527827915,1730,-1.8356682785022083e-08
1.0,0.0345510729459222,0.18377882726107178,100,3,1504,-0.00020710542609033683,1707,-1.8520991047408995e-08
1.0,0.04124626382901352,0.18050236857171034,100,4,1477,-0.0002056518647753753,1681,-1.8719278431415635e-08
1.0,0.04923882631706739,0.17674079888984462,100,5,1447,-0.0002040247568859086,1652,-1.894714544682057e-08
1.0,0.05878016072274912,0.17245063309217043,100,6,1412,-0.0002021162308597955,1618,-1.9224264843611654e-08
1.0,0.07017038286703829,0.16759417919507727,100,7,1372,-0.00019992664239722,1579,-1.9557318333615715e-08
1.0,0.0837677640068292,0.1621431785122609,100,8,1327,-0.00019745633502629736,1535,-1.9954961043981097e-08
1.0,0.1,0.15608285802772984,100,10,1278,-0.0001947055976513317,1488,-2.0410675477632944e-08
1.0,0.1193776641714437,0.14941606047226721,100,12,1223,-0.00019159350245997873,1435,-2.0962319331719028e-08
1.0,0.14251026703029984,0.14216696486966907,100,14,1164,-0.00018823064505546274,1378,-2.1607889275353886e-08
1.0,0.17012542798525893,0.13438379474586304,100,17,1100,-0.00018445279509816058,1317,-2.2366047665594832e-08
1.0,0.20309176209047358,0.12613988302698625,100,20,1032,-0.00018039308835927185,1252,-2.3265720227929202e-08
1.0,0.24244620170823283,0.11753256734191994,100,24,962,-0.00017600754543629622,1186,-2.4288293190778603e-08
1.0,0.28942661247167517,0.10867964610944866,100,29,890,-0.0001712362316755544,1119,-2.5458850977632234e-08
1.0,0.345510729459222,0.09971350751915219,100,35,816,-0.00016602246391223268,1051,-2.681327948451705e-08
1.0,0.41246263829013524,0.09077347178056488,100,41,743,-0.00016071928133647092,984,-2.837107121687425e-08
1.0,0.49238826317067413,0.08199724933574046,100,49,671,-0.00015484180385925254,920,-3.0082140900909705e-08
1.0,0.5878016072274915,0.07351260633079974,100,59,602,-0.0001484164324609347,861,-3.189282114082317e-08
1.0,0.701703828670383,0.06543028390415463,100,70,536,-0.00014169292189387177,806,-3.387513672512953e-08
1.0,0.837677640068292,0.057838954110012365,100,84,473,-0.0001340961361588237,757,-3.5884325552951294e-08
1.0,1.0,0.0508025945472792,100,100,416,-0.00012611257828384537,716,-3.779446723922482e-08
1.0,1.1937766417144369,0.0443602408416216,100,119,363,-0.00011741069498416739,682,-3.954686752136056e-08
1.0,1.4251026703029992,0.03852773447395891,100,143,315,-0.00010757864531356234,658,-4.071093483956948e-08
1.0,1.7012542798525891,0.033300883071546744,100,170,273,-9.748441036761211e-05,643,-4.125625729722465e-08
1.0,2.030917620904737,0.028659399252069562,100,203,235,-8.643188112606789e-05,638,-4.079862219781349e-08
1.0,2.424462017082328,0.024571050852948823,100,242,201,-7.480511097599735e-05,643,-3.917933848844988e-08
1.0,2.8942661247167516,0.020995590362745953,100,289,172,-6.261644217761078e-05,661,-3.589157524797133e-08
1.0,3.4551072945922217,0.017888186851321125,100,346,146,-4.988853633713558e-05,692,-3.095206374062265e-08
1.0,4.1246263829013525,0.01520222524086433,100,412,124,-3.913297147866145e-05,736,-2.579288918973204e-08
1.0,4.923882631706742,0.012891447209981644,100,492,106,-2.8136219681436294e-05,798,-1.919512872249713e-08
1.0,5.878016072274912,0.010911480745003215,100,588,89,-1.7081229530224317e-05,877,-1.1880941455257925e-08
1.0,7.01703828670383,0.009220845290455547,100,702,75,-6.349984197847577e-06,977,-4.38081007095383e-09
1.0,8.376776400682925,0.007781534431023889,100,838,64,3.943227369270213e-06,1102,
1.0,10.0,0.006559276456851084,100,1000,54,1.374512088550721e-05,1254,
1.1937766417144369,0.01,0.2148258380186676,119,1,1758,-0.00023161279033329685,1978,-1.774348371560642e-08
1.1937766417144369,0.011937766417144363,0.21372636062213085,119,1,1749,-0.00023112571065105842,1969,-1.7795738325574076e-08
1.1937766417144369,0.014251026703029978,0.21242847744252924,119,1,1739,-0.0002305845110041259,1959,-1.7854422557560448e-08
1.1937766417144369,0.017012542798525893,0.21089958716106916,119,2,1726,-0.0002299187224809642,1947,-1.793325864852148e-08
1.1937766417144369,0.020309176209047358,0.20910300560879932,119,2,1712,-0.00022916104297526077,1933,-1.8017788355264003e-08
1.1937766417144369,0.024244620170823284,0.20699796557171735,119,2,1694,-0.00022818688361078284,1915,-1.8128486367959743e-08
1.1937766417144369,0.028942661247167517,0.20453985672761626,119,3,1674,-0.00022713102812039413,1896,-1.8254892874282215e-08
1.1937766417144369,0.0345510729459222,0.20168080070042252,119,3,1651,-0.00022588626893245206,1873,-1.8403189504285545e-08
1.1937766417144369,0.04124626382901352,0.19837066914905854,119,4,1624,-0.00022444067923189047,1847,-1.858229531154398e-08
1.1937766417144369,0.04923882631706739,0.194558656504333,119,5,1592,-0.0002227139176286739,1816,-1.880140454081464e-08
1.1937766417144369,0.05878016072274912,0.19019550591875417,119,6,1557,-0.00022081453642005866,1782,-1.9050352116715295e-08
1.1937766417144369,0.07017038286703829,0.18523644817437324,119,7,1516,-0.00021858047842334205,1742,-1.9355738029836892e-08
1.1937766417144369,0.0837677640068292,0.17964483990510263,119,8,1470,-0.00021606615699758957,1697,-1.9717663533271542e-08
1.1937766417144369,0.1,0.17339637431376326,119,10,1419,-0.00021322857081682513,1648,-2.013927206256554e-08
1.1937766417144369,0.1193776641714437,0.1664835878895768,119,12,1363,-0.00021008503220534784,1594,-2.063521223127109e-08
1.1937766417144369,0.14251026703029984,0.1589202177372,119,14,1301,-0.0002065834645653096,1534,-2.1230945044377832e-08
1.1937766417144369,0.17012542798525893,0.1507448108482584,119,17,1234,-0.00020267995193272358,1470,-2.192509378125999e-08
1.1937766417144369,0.20309176209047358,0.14202289933122092,119,20,1162,-0.0001984412138575322,1401,-2.2752845103826386e-08
1.1937766417144369,0.24244620170823283,0.13284708906410106,119,24,1087,-0.0001938350001500955,1330,-2.3701715575756655e-08
1.1937766417144369,0.28942661247167517,0.12333460230583264,119,29,1009,-0.00018879956413857152,1257,-2.4797347431415938e-08
1.1937766417144369,0.345510729459222,0.11362216641478402,119,35,930,-0.00018338273243432345,1184,-2.6037588021343668e-08
1.1937766417144369,0.41246263829013524,0.10385859417254631,119,41,850,-0.0001777603794887328,1110,-2.749580502532603e-08
1.1937766417144369,0.49238826317067413,0.09419584912653257,119,49,771,-0.000171568799426353,1039,-2.909770524334803e-08
1.1937766417144369,0.5878016072274915,0.08477970574801978,119,59,694,-0.00016476496534058573,972,-3.083061362609665e-08
1.1937766417144369,0.701703828670383,0.07574120153671109,119,70,620,-0.00015763332163532472,909,-3.273796918698333e-08
1.1937766417144369,0.837677640068292,0.06718990854787432,119,84,550,-0.00014963764754022957,853,-3.4654388036181004e-08
1.1937766417144369,1.0,0.05920967906400384,119,100,485,-0.00014113353803747576,804,-3.656782952130477e-08
1.1937766417144369,1.1937766417144369,0.0518570565532614,119,119,424,-0.00013181785287194505,762,-3.83950404497102e-08
1.1937766417144369,1.4251026703029992,0.045162113366037274,119,143,370,-0.00012133744060398058,732,-3.961392118967698e-08
1.1937766417144369,1.7012542798525891,0.03913117368559984,119,170,320,-0.00011035248485019922,709,-4.049632471566944e-08
1.1937766417144369,2.030917620904737,0.0337507419075306,119,203,276,-9.832658130412892e-05,698,-4.035069817142519e-08
1.1937766417144369,2.424462017082328,0.028991968406603015,119,242,237,-8.559090105468913e-05,698,-3.9062982545155e-08
1.1937766417144369,2.8942661247167516,0.024815099799812636,119,289,203,-7.20804904988844e-05,711,-3.622317226940269e-08
1.1937766417144369,3.4551072945922217,0.02117352414907482,119,346,173,-5.785660786676931e-05,738,-3.165195462922989e-08
1.1937766417144369,4.1246263829013525,0.018017187083443038,119,412,147,-4.566833533241865e-05,778,-2.679909355813547e-08
1.1937766417144369,4.923882631706742,0.015295293622576336,119,492,125,-3.308155169363264e-05,836,-2.0376687215049364e-08
1.1937766417144369,5.878016072274912,0.012958310421890884,119,588,106,-2.0444034395114818e-05,913,-1.2932714065735589e-08
1.1937766417144369,7.01703828670383,0.010959344354298323,119,702,90,-8.07069873363921e-06,1011,-5.1145112380476615e-09
1.1937766417144369,8.376776400682925,0.009255002663628076,119,838,76,3.950624267645482e-06,1133,
1.1937766417144369,10.0,0.007805846528747864,119,1000,64,1.542890919704672e-05,1283,
1.4251026703029992,0.01,0.23258036284137468,143,1,1904,-0.0002508536402842967,2148,-1.773669610019633e-08
1.4251026703029992,0.011937766417144363,0.2315003143562678,143,1,1895,-0.0002503665606020574,2139,-1.7784873777450358e-08
1.4251026703029992,0.014251026703029978,0.23022404025480417,143,1,1884,-0.0002497712409904324,2128,-1.784437180224848e-08
1.4251026703029992,0.017012542798525893,0.2287187604433239,143,2,1872,-0.00024916575744519053,2117,-1.7911934599887173e-08
1.4251026703029992,0.020309176209047358,0.22694736797777446,143,2,1858,-0.0002484080779394854,2103,-1.7989635145236627e-08
1.4251026703029992,0.024244620170823284,0.22486832073488308,143,2,1841,-0.0002474880385397014,2086,-1.8085546103176737e-08
1.4251026703029992,0.028942661247167517,0.22243574226784718,143,3,1821,-0.00024643926639355185,2067,-1.8201773089713048e-08
1.4251026703029992,0.0345510729459222,0.21959982441353082,143,3,1797,-0.0002451403872409159,2043,-1.834320210421322e-08
1.4251026703029992,0.04124626382901352,0.21630764108388414,143,4,1770,-0.00024370271754734442,2017,-1.8507193009366984e-08
1.4251026703029992,0.04923882631706739,0.21250449316567835,143,5,1739,-0.00024203877379450395,1987,-1.8700794563306262e-08
1.4251026703029992,0.05878016072274912,0.20813590171404922,143,6,1704,-0.00024014881231786123,1953,-1.8926940962300505e-08
1.4251026703029992,0.07017038286703829,0.2031503416992392,143,7,1663,-0.00023792484249254403,1913,-1.9203128555722323e-08
1.4251026703029992,0.0837677640068292,0.1975027514864463,143,8,1617,-0.00023542122677632418,1868,-1.9528765980898058e-08
1.4251026703029992,0.1,0.1911587556184042,143,10,1565,-0.00023255259290714611,1818,-1.9914587275285474e-08
1.4251026703029992,0.1193776641714437,0.1840993979508796,143,12,1507,-0.00022932580373361344,1762,-2.0373468939829374e-08
1.4251026703029992,0.14251026703029984,0.17632600818575653,143,14,1443,-0.00022574257464403894,1700,-2.0919717043438355e-08
1.4251026703029992,0.17012542798525893,0.16786464402439558,143,17,1374,-0.0002217730260565913,1634,-2.1551867413324458e-08
1.4251026703029992,0.20309176209047358,0.15876940919428584,143,20,1300,-0.00021747027446980042,1563,-2.2297782679155175e-08
1.4251026703029992,0.24244620170823283,0.1491239030558322,143,24,1221,-0.0002127083847983482,1488,-2.3170090824738647e-08
1.4251026703029992,0.28942661247167517,0.139040165239796,143,29,1138,-0.0002074792062476145,1410,-2.4183416817914366e-08
1.4251026703029992,0.345510729459222,0.12865476505332174,143,35,1053,-0.00020182807411532592,1331,-2.533968714175017e-08
1.4251026703029992,0.41246263829013524,0.11812212396748177,143,41,967,-0.00019596657956771001,1251,-2.668717293346271e-08
1.4251026703029992,0.49238826317067413,0.10760566300917448,143,49,881,-0.00018949902964149397,1173,-2.8185419309192505e-08
1.4251026703029992,0.5878016072274915,0.09726780508671631,143,59,796,-0.00018236825117957386,1098,-2.98338324793178e-08
1.4251026703029992,0.701703828670383,0.08726010587292107,143,70,714,-0.00017488760177236952,1027,-3.165271877440989e-08
1.4251026703029992,0.837677640068292,0.07771475910676437,143,84,636,-0.00016651437417962176,963,-3.350524652493496e-08
1.4251026703029992,1.0,0.06873843195679989,143,100,563,-0.0001575722267888196,906,-3.5386428347553197e-08
1.4251026703029992,1.1937766417144369,0.06040892405084251,143,119,494,-0.0001477314298400899,856,-3.722882663174485e-08
1.4251026703029992,1.4251026703029992,0.05277464360269577,143,143,432,-0.00013658814994532904,818,-3.8588583440312196e-08
1.4251026703029992,1.7012542798525891,0.045856480375991854,143,170,375,-0.0001248458906687845,788,-3.962732603357705e-08
1.4251026703029992,2.030917620904737,0.03965140386950036,143,203,325,-0.00011190763044727362,771,-3.970467640492234e-08
1.4251026703029992,2.424462017082328,0.03413704065261543,143,242,279,-9.798265849583448e-05,764,-3.8855795096892765e-08
1.4251026703029992,2.8942661247167516,0.029276553240711847,143,289,240,-8.313341810635202e-05,772,-3.6398169048315246e-08
1.4251026703029992,3.4551072945922217,0.025023296891673975,143,346,205,-6.7280009787134e-05,794,-3.226085341027763e-08
1.4251026703029992,4.1246263829013525,0.021324913220506045,143,412,175,-5.353438400878708e-05,830,-2.7702139202477145e-08
1.4251026703029992,4.923882631706742,0.018126688455959522,143,492,148,-3.9124349397100004e-05,883,-2.1551365758014767e-08
1.4251026703029992,5.878016072274912,0.01537413653457554,143,588,126,-2.4625402429405547e-05,957,-1.4065228712248999e-08
1.4251026703029992,7.01703828670383,0.0130148564187603,143,702,107,-1.0289839335628387e-05,1052,-5.961322829284739e-09
1.4251026703029992,8.376776400682925,0.010999763023126585,143,838,90,3.7623608712424384e-06,1171,
1.4251026703029992,10.0,0.009283810917713022,143,1000,76,1.724558511409435e-05,1319,
1.7012542798525891,0.01,0.24987974171599991,170,1,2045,-0.0002689498872844203,2316,-1.7694653592843206e-08
1.7012542798525891,0.011937766417144363,0.24883493022792727,170,1,2037,-0.0002685169275668748,2308,-1.7734307782583485e-08
1.7012542798525891,0.014251026703029978,0.24759904275828232,170,1,2027,-0.0002679757279199433,2298,-1.7784307770717162e-08
1.7012542798525891,0.017012542798525893,0.24613964982170064,170,2,2015,-0.0002673750561509371,2287,-1.784701506197224e-08
1.7012542798525891,0.020309176209047358,0.24441983061673522,170,2,2001,-0.00026661737664523293,2273,-1.7918677400498204e-08
1.7012542798525891,0.024244620170823284,0.24239796049605503,170,2,1984,-0.0002656973372454499,2256,-1.8007030555021274e-08
1.7012542798525891,0.028942661247167517,0.24002767201801542,170,3,1965,-0.0002647084132503524,2238,-1.8109007234503327e-08
1.7012542798525891,0.0345510729459222,0.23725807663634105,170,3,1942,-0.00026346365406240945,2215,-1.8233283555420874e-08
1.7012542798525891,0.04124626382901352,0.23403435375225984,170,4,1916,-0.0002620866968485768,2190,-1.8378120221065917e-08
1.7012542798525891,0.04923882631706739,0.23029882997417905,170,5,1885,-0.0002604301599818923,2160,-1.855510384253445e-08
1.7012542798525891,0.05878016072274912,0.22599267813859353,170,6,1850,-0.00025854837184288075,2126,-1.8761219929096638e-08
1.7012542798525891,0.07017038286703829,0.22105835465327522,170,7,1809,-0.0002563332958427352,2086,-1.901201508916873e-08
1.7012542798525891,0.0837677640068292,0.2154428547907479,170,8,1763,-0.0002538392503522599,2041,-1.9306448204828142e-08
1.7012542798525891,0.1,0.20910178823501582,170,10,1711,-0.0002509916187243262,1991,-1.965432438739311e-08
1.7012542798525891,0.1193776641714437,0.2020041543362968,170,12,1653,-0.0002477880520411152,1935,-2.006559710104667e-08
1.7012542798525891,0.14251026703029984,0.1941375297759425,170,14,1589,-0.0002442299732782438,1873,-2.0551677783707415e-08
1.7012542798525891,0.17012542798525893,0.18551318744323447,170,17,1518,-0.0002401929427699677,1805,-2.1128122054991706e-08
1.7012542798525891,0.20309176209047358,0.17617048096812668,170,20,1442,-0.0002358256294099928,1732,-2.1802195644656618e-08
1.7012542798525891,0.24244620170823283,0.16617971026762748,170,24,1360,-0.00023096292801945246,1654,-2.2594690669091418e-08
1.7012542798525891,0.28942661247167517,0.15564269360812333,170,29,1274,-0.00022565161966437545,1573,-2.3507335993038532e-08
1.7012542798525891,0.345510729459222,0.1446904612914153,170,35,1184,-0.00021982793515229154,1489,-2.4566721257045166e-08
1.7012542798525891,0.41246263829013524,0.1334778637663128,170,41,1093,-0.00021379281688294462,1404,-2.5789553177112466e-08
1.7012542798525891,0.49238826317067413,0.12217539868239131,170,49,1000,-0.0002070699244772478,1319,-2.7178097450747843e-08
1.7012542798525891,0.5878016072274915,0.11095909147843348,170,59,908,-0.00019969977418762833,1237,-2.8703218758103364e-08
1.7012542798525891,0.701703828670383,0.09999966669856766,170,70,818,-0.0001919149856307794,1158,-3.040767272408331e-08
1.7012542798525891,0.837677640068292,0.0894523996866083,170,84,732,-0.00018323039794334152,1086,-3.215922457584624e-08
1.7012542798525891,1.0,0.07944889200459172,170,100,650,-0.00017387979124127377,1020,-3.3994094084315496e-08
1.7012542798525891,1.1937766417144369,0.07009161553331321,170,119,574,-0.00016367269514055367,963,-3.574263957471909e-08
1.7012542798525891,1.4251026703029992,0.06145154130528296,170,143,503,-0.00015194505493622507,916,-3.719676245103309e-08
1.7012542798525891,1.7012542798525891,0.05356865563495742,170,170,438,-0.00013953320208073795,878,-3.8360697773337535e-08
1.7012542798525891,2.030917620904737,0.04645478477743559,170,203,380,-0.00012572987520203746,853,-3.8721858700966267e-08
1.7012542798525891,2.424462017082328,0.04009795565127025,170,242,328,-0.00011082383130874892,840,-3.813096315329924e-08
1.7012542798525891,2.8942661247167516,0.03446750663789116,170,289,282,-9.46707164814814e-05,841,-3.616699132085934e-08
1.7012542798525891,3.4551072945922217,0.02951927947902893,170,346,242,-7.731753524774942e-05,858,-3.245090877518233e-08
1.7012542798525891,4.1246263829013525,0.025200406902282414,170,412,206,-6.194784901323291e-05,888,-2.8341041729908e-08
1.7012542798525891,4.923882631706742,0.021453404758143658,170,492,176,-4.584865964388677e-05,938,-2.2400165938971454e-08
1.7012542798525891,5.878016072274912,0.01821944501759201,170,588,149,-2.935778196215591e-05,1007,-1.5088544977209183e-08
1.7012542798525891,7.01703828670383,0.015440809816692136,170,702,126,-1.294963114551077e-05,1098,-6.8451375121634264e-09
1.7012542798525891,8.376776400682925,0.013062604970316073,170,838,107,3.1728944702248303e-06,1215,
1.7012542798525891,10.0,0.011033851019249377,170,1000,90,1.884429032400274e-05,1360,
2.030917620904737,0.01,0.2664834311392601,203,1,2181,-0.00028670811806040715,2485,-1.7670435558073327e-08
2.030917620904737,0.011937766417144363,0.2654875972127345,203,1,2173,-0.0002862751583428621,2477,-1.7707486181201226e-08
2.030917620904737,0.014251026703029978,0.2643084964846141,203,1,2163,-0.0002857339586959305,2467,-1.7754177588771554e-08
2.030917620904737,0.017012542798525893,0.2629145555307898,203,2,2152,-0.0002851910970618198,2457,-1.7808193589713124e-08
2.030917620904737,0.020309176209047358,0.261269633690771,203,2,2138,-0.00028443341755611545,2443,-1.7874953970244303e-08
2.030917620904737,0.024244620170823284,0.25933271663666346,203,2,2123,-0.00028362161808571793,2428,-1.7947441171286152e-08
2.030917620904737,0.028942661247167517,0.2570577456719634,203,3,2104,-0.00028263735376464147,2410,-1.8042371228241038e-08
2.030917620904737,0.0345510729459222,0.2543936616853714,203,3,2082,-0.0002814467145413919,2388,-1.81524653677871e-08
2.030917620904737,0.04124626382901352,0.2512847638447797,203,4,2057,-0.00028012946011489643,2364,-1.828151353935538e-08
2.030917620904737,0.04923882631706739,0.24767150327480553,203,5,2027,-0.000278533504478001,2335,-1.8439699470907244e-08
2.030917620904737,0.05878016072274912,0.2434918464505496,203,6,1993,-0.00027671313289544426,2302,-1.8623973300092494e-08
2.030917620904737,0.07017038286703829,0.23868334471870142,203,7,1954,-0.0002746143871612985,2264,-1.8842501623505818e-08
2.030917620904737,0.0837677640068292,0.23318602556714876,203,8,1909,-0.00027218330561482447,2220,-1.9105007167612465e-08
2.030917620904737,0.1,0.226946166734836,203,10,1858,-0.0002694095895164959,2171,-1.9414948366759097e-08
2.030917620904737,0.1193776641714437,0.21992091556469595,203,12,1800,-0.00026622838648617154,2115,-1.9786576476118286e-08
2.030917620904737,0.14251026703029984,0.212083568078991,203,14,1736,-0.0002626949668306523,2053,-2.022317255313033e-08
2.030917620904737,0.17012542798525893,0.20342913169314897,203,17,1665,-0.000258698679296445,1985,-2.0738200272271036e-08
2.030917620904737,0.20309176209047358,0.1939795871552189,203,20,1588,-0.00025432180571016634,1911,-2.134395871814344e-08
2.030917620904737,0.24244620170823283,0.18378808589399226,203,24,1504,-0.00024941501436146954,1831,-2.206002143615623e-08
2.030917620904737,0.28942661247167517,0.17294123277611373,203,29,1416,-0.00024408124829982,1748,-2.2878041419824162e-08
2.030917620904737,0.345510729459222,0.1615586774304604,203,35,1322,-0.0002381490923120051,1660,-2.3842089212903218e-08
2.030917620904737,0.41246263829013524,0.14978951110562072,203,41,1226,-0.00023195372650710054,1570,-2.4957899514418275e-08
2.030917620904737,0.49238826317067413,0.13780542799095685,203,49,1128,-0.00022510642003349617,1480,-2.62166239673782e-08
2.030917620904737,0.5878016072274915,0.12579117785472455,203,59,1030,-0.0002175861477446115,1392,-2.7608951623475638e-08
2.030917620904737,0.701703828670383,0.11393337106095325,203,70,933,-0.00020959699938122246,1306,-2.9175934990913357e-08
2.030917620904737,0.837677640068292,0.10240904400064203,203,84,838,-0.00020061275179360878,1225,-3.08426221932244e-08
2.030917620904737,1.0,0.09137544469714841,203,100,748,-0.00019098947335133073,1151,-3.2573161195096826e-08
2.030917620904737,1.1937766417144369,0.08096223824117285,203,119,663,-0.00018040823313754268,1085,-3.42857585924367e-08
2.030917620904737,1.4251026703029992,0.07126684192165275,203,143,583,-0.00016822086084192957,1029,-3.577720939235832e-08
2.030917620904737,1.7012542798525891,0.06235302580488287,203,170,510,-0.00015526908171658798,983,-3.7004070952475686e-08
2.030917620904737,2.030917620904737,0.05425240620661271,203,203,444,-0.0001407370216971951,950,-3.7557915696305275e-08
2.030917620904737,2.424462017082328,0.04696812061555266,203,242,384,-0.0001248672566349139,929,-3.729384643537241e-08
2.030917620904737,2.8942661247167516,0.040479837433833266,203,289,331,-0.00010751149859645576,923,-3.573829026242588e-08
2.030917620904737,3.4551072945922217,0.03474929549934988,203,346,284,-8.859140598814148e-05,933,-3.254404745725571e-08
2.030917620904737,4.1246263829013525,0.02972572533213655,203,412,243,-7.164804199221242e-05,958,-2.878703121548171e-08
2.030917620904737,4.923882631706742,0.02535070919899002,203,492,207,-5.361975886585572e-05,1002,-2.3251272219702408e-08
2.030917620904737,5.878016072274912,0.021562237104953048,203,588,176,-3.5060826864670924e-05,1067,-1.611399341146747e-08
2.030917620904737,7.01703828670383,0.018297878923630197,203,702,150,-1.6441154771490926e-05,1155,-7.829121319757584e-09
2.030917620904737,8.376776400682925,0.01549710725879412,203,838,127,2.108866932719716e-06,1268,
2.030917620904737,10.0,0.013102873362280356,203,1000,107,2.026989999096378e-05,1410,
2.424462017082328,0.01,0.28219041257305766,242,1,2310,-0.00030354494780225865,2653,-1.764180796246999e-08
2.424462017082328,0.011937766417144363,0.28125459483407445,242,1,2302,-0.0003031119880847133,2645,-1.7676642100627102e-08
2.424462017082328,0.014251026703029978,0.28014553290508104,242,1,2293,-0.0003026249084024738,2636,-1.7716115209811194e-08
2.424462017082328,0.017012542798525893,0.2788329602340626,242,2,2282,-0.00030208434105042595,2626,-1.776694982240516e-08
2.424462017082328,0.020309176209047358,0.2772820577161843,242,2,2270,-0.00030143490147410717,2614,-1.782056763074828e-08
2.424462017082328,0.024244620170823284,0.27545306875789893,242,2,2255,-0.0003006231020037106,2599,-1.788837594857104e-08
2.424462017082328,0.028942661247167517,0.273301012437812,242,3,2237,-0.0002996962053461171,2582,-1.797267814562534e-08
2.424462017082328,0.0345510729459222,0.27077556366716005,242,3,2216,-0.0002985596860875606,2561,-1.8070651266058215e-08
2.424462017082328,0.04124626382901352,0.26782119059724685,242,4,2192,-0.0002973007141668148,2538,-1.8186199452324182e-08
2.424462017082328,0.04923882631706739,0.2643776619381136,242,5,2164,-0.00029581803846039095,2511,-1.8323486977390703e-08
2.424462017082328,0.05878016072274912,0.26038105693319064,242,6,2131,-0.00029405766807661586,2479,-1.8489192738857787e-08
2.424462017082328,0.07017038286703829,0.25576542277565545,242,7,2093,-0.0002920197296665603,2442,-1.8685794615179284e-08
2.424462017082328,0.0837677640068292,0.25046521985194226,242,8,2050,-0.0002897043475112178,2400,-1.8916379204127834e-08
2.424462017082328,0.1,0.24441866345625932,242,10,2001,-0.0002870559757046424,2353,-1.9189131557268213e-08
2.424462017082328,0.1193776641714437,0.2375719995345426,242,12,1945,-0.0002840028227722246,2299,-1.9515741128481333e-08
2.424462017082328,0.14251026703029984,0.22988463171918974,242,14,1882,-0.00028054580264374416,2238,-1.990448843129597e-08
2.424462017082328,0.17012542798525893,0.22133484509805815,242,17,1812,-0.00027664120260064264,2171,-2.0361326792622337e-08
2.424462017082328,0.20309176209047358,0.21192566110869976,242,20,1735,-0.0002723062632686816,2097,-2.0902418980516722e-08
2.424462017082328,0.24244620170823283,0.20169014098664248,242,24,1651,-0.00026746109545309885,2017,-2.153765776741574e-08
2.424462017082328,0.28942661247167517,0.1906952884329698,242,29,1561,-0.0002621034438981071,1932,-2.2275774363912795e-08
2.424462017082328,0.345510729459222,0.17904365653778948,242,35,1465,-0.00025617206798379826,1842,-2.3137972992259247e-08
2.424462017082328,0.41246263829013524,0.16687190460737078,242,41,1366,-0.00024992878171256394,1749,-2.4136514632109163e-08
2.424462017082328,0.49238826317067413,0.15434590637221923,242,49,1263,-0.00024296727790309923,1654,-2.5280387674733816e-08
2.424462017082328,0.5878016072274915,0.14165254667330746,242,59,1159,-0.00023531696495065026,1560,-2.6554381772193857e-08
2.424462017082328,0.701703828670383,0.12898895037222252,242,70,1056,-0.0002272081598155518,1468,-2.797854396310115e-08
2.424462017082328,0.837677640068292,0.11655040655915408,242,84,954,-0.00021808229705642476,1380,-2.9509661045225404e-08
2.424462017082328,1.0,0.10451852916182543,242,100,855,-0.00020820073650530067,1297,-3.1151453056826614e-08
2.424462017082328,1.1937766417144369,0.09305114401857313,242,119,762,-0.0001973917509685721,1223,-3.276973088660803e-08
2.424462017082328,1.4251026703029992,0.08227502873084953,242,143,673,-0.0001848701321854873,1158,-3.424852853618765e-08
2.424462017082328,1.7012542798525891,0.07228206845447176,242,170,592,-0.00017152190301948612,1104,-3.548533246844715e-08
2.424462017082328,2.030917620904737,0.06312879025443954,242,203,517,-0.00015637459225334094,1062,-3.620536506525455e-08
2.424462017082328,2.424462017082328,0.05483874876167702,242,242,449,-0.00013971768558946953,1033,-3.618035724926057e-08
2.424462017082328,2.8942661247167516,0.04740694425860402,242,289,388,-0.00012127927063278229,1019,-3.501740215764344e-08
2.424462017082328,3.4551072945922217,0.04080537492002579,242,346,334,-0.0001009396740462542,1022,-3.2288296988757666e-08
2.424462017082328,4.1246263829013525,0.034988914552236766,242,412,286,-8.239150186476594e-05,1040,-2.8992716540490515e-08
2.424462017082328,4.923882631706742,0.029900896061068098,242,492,245,-6.251428911915026e-05,1079,-2.383766982617741e-08
2.424462017082328,5.878016072274912,0.02547800097226633,242,588,209,-4.18016110347949e-05,1139,-1.702227920136617e-08
2.424462017082328,7.01703828670383,0.021654257051898152,242,702,177,-2.0712398124127515e-05,1221,-8.866229238528965e-09
2.424462017082328,8.376776400682925,0.018364102913216468,242,838,150,4.239544917584406e-07,1330,
2.424462017082328,10.0,0.015544583310810873,242,1000,127,2.1298316656612178e-05,1469,
2.8942661247167516,0.01,0.29684697313360037,289,1,2430,-0.00031945372818346197,2820,-1.7621144474789673e-08
2.8942661247167516,0.011937766417144363,0.2959791722424388,289,1,2423,-0.0003190748884306088,2813,-1.764999742396013e-08
2.8942661247167516,0.014251026703029978,0.2949498326024681,289,1,2414,-0.0003185878087483702,2804,-1.7687334625885243e-08
2.8942661247167516,0.017012542798525893,0.293730367232829,289,2,2404,-0.00031810229287149194,2795,-1.7731256779271798e-08
2.8942661247167516,0.020309176209047358,0.29228773713187844,289,2,2392,-0.00031745285329517277,2783,-1.778188349569098e-08
2.8942661247167516,0.024244620170823284,0.29058400652362365,289,2,2378,-0.0003166951737894687,2769,-1.784157955817721e-08
2.8942661247167516,0.028942661247167517,0.288575960981796,289,3,2362,-0.0003158783744135071,2754,-1.791242071912644e-08
2.8942661247167516,0.0345510729459222,0.2862148462818672,289,3,2343,-0.00031485009508433806,2735,-1.7995650128563725e-08
2.8942661247167516,0.04124626382901352,0.2834463062143942,289,4,2320,-0.00031364799449070334,2713,-1.8099601505609287e-08
2.8942661247167516,0.04923882631706739,0.2802106205509271,289,5,2294,-0.0003122771731069485,2688,-1.8218992375056796e-08
2.8942661247167516,0.05878016072274912,0.27644336766047833,289,6,2263,-0.0003106294899266158,2658,-1.8364252222987772e-08
2.8942661247167516,0.07017038286703829,0.2720766557513255,289,7,2227,-0.00030870504225752023,2623,-1.8537391972516843e-08
2.8942661247167516,0.0837677640068292,0.26704107562111223,289,8,2186,-0.0003065039258224932,2583,-1.874091556133326e-08
2.8942661247167516,0.1,0.26126851653763855,289,10,2138,-0.00030392394006725423,2537,-1.89876511937259e-08
2.8942661247167516,0.1193776641714437,0.25469594346782864,289,12,2085,-0.00030105018904888497,2486,-1.927152892160708e-08
2.8942661247167516,0.14251026703029984,0.2472701459041109,289,14,2024,-0.00029772102452374846,2427,-1.9615041607288643e-08
2.8942661247167516,0.17012542798525893,0.23895332716183387,289,17,1956,-0.0002939584971757113,2362,-2.0017875434170796e-08
2.8942661247167516,0.20309176209047358,0.22972920924706575,289,20,1880,-0.0002897162680362345,2289,-2.0499276023224686e-08
2.8942661247167516,0.24244620170823283,0.21960910061565805,289,24,1798,-0.000285037237510782,2211,-2.105398256151259e-08
2.8942661247167516,0.28942661247167517,0.20863715405704455,289,29,1708,-0.0002797606465880304,2126,-2.1709759637139185e-08
2.8942661247167516,0.345510729459222,0.19689389408110955,289,35,1612,-0.0002739365818487316,2036,-2.246928884221362e-08
2.8942661247167516,0.41246263829013524,0.18449709306701884,289,41,1510,-0.0002676462995209144,1940,-2.3369099757348676e-08
2.8942661247167516,0.49238826317067413,0.17159928436844632,289,49,1405,-0.0002607384332349735,1843,-2.438060996166006e-08
2.8942661247167516,0.5878016072274915,0.15838163288523252,289,59,1296,-0.00025302582166481424,1744,-2.5535465612870807e-08
2.8942661247167516,0.701703828670383,0.1450444806523932,289,70,1187,-0.00024482059357453856,1646,-2.6832300563840658e-08
2.8942661247167516,0.837677640068292,0.13179551426897385,289,84,1079,-0.00023564797985333935,1552,-2.822232892838537e-08
2.8942661247167516,1.0,0.11883699095673995,289,100,973,-0.00022567571122084345,1462,-2.9725854031381268e-08
2.8942661247167516,1.1937766417144369,0.10635366211817976,289,119,871,-0.00021466867175279483,1379,-3.126409736725672e-08
2.8942661247167516,1.4251026703029992,0.09450288311064468,289,143,774,-0.00020198611690878945,1306,-3.267220680482505e-08
2.8942661247167516,1.7012542798525891,0.08340794353680774,289,170,683,-0.00018827543811106743,1242,-3.3954703982230056e-08
2.8942661247167516,2.030917620904737,0.07315503294562851,289,203,599,-0.0001726862243602241,1191,-3.478281152138581e-08
2.8942661247167516,2.424462017082328,0.0637936448571377,289,242,522,-0.00015537903267863118,1153,-3.4982671262299886e-08
2.8942661247167516,2.8942661247167516,0.055339758995367416,289,289,453,-0.00013605586150505035,1131,-3.414285465257606e-08
2.8942661247167516,3.4551072945922217,0.047780898159663174,289,346,391,-0.00011442130198334682,1126,-3.187844481747049e-08
2.8942661247167516,4.1246263829013525,0.041082127767400625,289,412,336,-9.438718624410311e-05,1137,-2.9008293762401844e-08
2.8942661247167516,4.923882631706742,0.03519219641842928,289,492,288,-7.259225230799748e-05,1169,-2.433205480592528e-08
2.8942661247167516,5.878016072274912,0.03004922959435554,289,588,246,-4.9655177850991284e-05,1223,-1.790795508186356e-08
2.8942661247167516,7.01703828670383,0.025585618513755775,289,702,209,-2.6068239333287494e-05,1300,-9.962257550841708e-09
2.8942661247167516,8.376776400682925,0.02173194680074316,289,838,178,-2.1649159480506696e-06,1405,-8.569173321923171e-10
2.8942661247167516,10.0,0.01841994734787908,289,1000,151,2.1732872338529857e-05,1540,
3.4551072945922217,0.01,0.310349588913143,346,1,2540,-0.0003343299896045199,2987,-1.7606508484097103e-08
3.4551072945922217,0.011937766417144363,0.3095547266975622,346,1,2534,-0.0003340052698163609,2981,-1.7630073570949943e-08
3.4551072945922217,0.014251026703029978,0.3086111539828488,346,1,2526,-0.0003335723100988155,2973,-1.7661663706864874e-08
3.4551072945922217,0.017012542798525893,0.3074922439273874,346,2,2517,-0.0003331405258002332,2965,-1.7699434483943514e-08
3.4551072945922217,0.020309176209047358,0.3061670936044314,346,2,2506,-0.0003325452061886093,2954,-1.7743504155876668e-08
3.4551072945922217,0.024244620170823284,0.30460003942117964,346,2,2493,-0.0003318416466475972,2941,-1.779607584357707e-08
3.4551072945922217,0.028942661247167517,0.30275020428883787,346,3,2478,-0.00033107945695484193,2927,-1.7859117127413474e-08
3.4551072945922217,0.0345510729459222,0.30057112316194007,346,3,2460,-0.0003301052975903649,2909,-1.7933682707142116e-08
3.4551072945922217,0.04124626382901352,0.29801051211307616,346,4,2439,-0.0003290127790826431,2889,-1.802345582686339e-08
3.4551072945922217,0.04923882631706739,0.29501026815257925,346,5,2415,-0.00032775236714835686,2866,-1.812739510236757e-08
3.4551072945922217,0.05878016072274912,0.29150681132426065,346,6,2386,-0.0003262158962852074,2838,-1.8255150940984646e-08
3.4551072945922217,0.07017038286703829,0.2874319044575747,346,7,2353,-0.00032445755983493335,2806,-1.8403823041250002e-08
3.4551072945922217,0.0837677640068292,0.28271410438308425,346,8,2314,-0.0003223691902121054,2768,-1.858442714900701e-08
3.4551072945922217,0.1,0.2772810036800476,346,10,2270,-0.0003200168739226972,2726,-1.879467163462132e-08
3.4551072945922217,0.1193776641714437,0.27106240341782095,346,12,2219,-0.0003172653073666639,2677,-1.9047308732621948e-08
3.4551072945922217,0.14251026703029984,0.26399450201223756,346,14,2161,-0.0003141150337610823,2621,-1.934765811294416e-08
3.4551072945922217,0.17012542798525893,0.2560250807065948,346,17,2096,-0.0003105441628665248,2559,-1.969982890334341e-08
3.4551072945922217,0.20309176209047358,0.2471195048696345,346,20,2023,-0.0003064985377695245,2489,-2.0119505692536022e-08
3.4551072945922217,0.24244620170823283,0.23726714697323353,346,24,1942,-0.0003019261618264634,2412,-2.0614078477357435e-08
3.4551072945922217,0.28942661247167517,0.2264875964032626,346,29,1854,-0.0002968330791194079,2329,-2.118843896292493e-08
3.4551072945922217,0.345510729459222,0.2148358028228706,346,35,1758,-0.00029111102146437014,2239,-2.1864374020937493e-08
3.4551072945922217,0.41246263829013524,0.20240517541310263,346,41,1657,-0.0002849869941785598,2144,-2.264839301750441e-08
3.4551072945922217,0.49238826317067413,0.18932770805769933,346,49,1550,-0.00027813201522667604,2045,-2.3550551670336666e-08
3.4551072945922217,0.5878016072274915,0.17577047578467922,346,59,1439,-0.00027052454442517027,1944,-2.4571472830791964e-08
3.4551072945922217,0.701703828670383,0.16192834896079725,346,70,1325,-0.000262290370884962,1841,-2.5743767079055994e-08
3.4551072945922217,0.837677640068292,0.14801341787121994,346,84,1211,-0.00025309923108095776,1741,-2.7010792726055492e-08
3.4551072945922217,1.0,0.13424225864722245,346,100,1099,-0.00024313644938262985,1645,-2.8374951787625873e-08
3.4551072945922217,1.1937766417144369,0.12082262231764189,346,119,989,-0.00023205611637147053,1554,-2.980925615264179e-08
3.4551072945922217,1.4251026703029992,0.10794125310163592,346,143,883,-0.0002192662193354341,1472,-3.116834913579924e-08
3.4551072945922217,1.7012542798525891,0.09575430015025922,346,170,784,-0.0002054381526859645,1400,-3.240758339947698e-08
3.4551072945922217,2.030917620904737,0.08438125562365684,346,203,691,-0.00018958402777915966,1340,-3.3299497265058866e-08
3.4551072945922217,2.424462017082328,0.07390269128866973,346,242,605,-0.00017183406086310424,1293,-3.366325024255152e-08
3.4551072945922217,2.8942661247167516,0.06436145347405822,346,289,527,-0.00015180257696909152,1262,-3.3129477088909344e-08
3.4551072945922217,3.4551072945922217,0.055766544556598935,346,346,456,-0.0001290476589602577,1248,-3.131616651141956e-08
3.4551072945922217,4.1246263829013525,0.04809872206977875,346,412,394,-0.00010768415739988803,1252,-2.883727636438542e-08
3.4551072945922217,4.923882631706742,0.04131686338515588,346,492,338,-8.403611851737741e-05,1276,-2.467731206829665e-08
3.4551072945922217,5.878016072274912,0.03536430806421552,346,588,289,-5.886033639422007e-05,1323,-1.8723267612755695e-08
3.4551072945922217,7.01703828670383,0.03017462277279583,346,702,247,-3.2734229163836164e-05,1395,-1.1092212789751673e-08
3.4551072945922217,8.376776400682925,0.025676469563335746,346,838,210,-5.822982637620389e-06,1494,-2.067086488328147e-09
3.4551072945922217,10.0,0.0217974561318432,346,1000,178,2.1385306509199145e-05,1624,
4.1246263829013525,0.01,0.32264335463256205,412,1,2641,-0.00034780192399244263,3154,-1.7572587521028007e-08
4.1246263829013525,0.011937766417144363,0.32192348219927813,412,1,2635,-0.0003474772042042829,3148,-1.7595118829495045e-08
4.1246263829013525,0.014251026703029978,0.3210683104644078,412,1,2628,-0.0003470983644514318,3141,-1.7621532001758196e-08
4.1246263829013525,0.017012542798525893,0.3200533569655201,412,2,2620,-0.0003467192001337503,3134,-1.765372709438647e-08
4.1246263829013525,0.020309176209047358,0.31885010013140785,412,2,2610,-0.00034617800048681896,3124,-1.7691930315675317e-08
4.1246263829013525,0.024244620170823284,0.31742547433391105,412,2,2598,-0.00034552856091050094,3112,-1.7738152145882365e-08
4.1246263829013525,0.028942661247167517,0.31574137069750735,412,3,2584,-0.00034481977013451026,3099,-1.779421051152895e-08
4.1246263829013525,0.0345510729459222,0.3137541795987089,412,3,2568,-0.0003439538506994186,3083,-1.785715735613292e-08
4.1246263829013525,0.04124626382901352,0.3114144269455032,412,4,2549,-0.00034296961060640186,3065,-1.7934270596506003e-08
4.1246263829013525,0.04923882631706739,0.30866657638429235,412,5,2526,-0.0003417640976380641,3043,-1.8028575373378637e-08
4.1246263829013525,0.05878016072274912,0.3054490931020556,412,6,2500,-0.00034039148754634997,3018,-1.8136801339852407e-08
4.1246263829013525,0.07017038286703829,0.3016948903320209,412,7,2469,-0.0003387435955089775,2988,-1.8268299412112447e-08
4.1246263829013525,0.0837677640068292,0.29733230375747133,412,8,2434,-0.00033687459592707995,2954,-1.8420325451771084e-08
4.1246263829013525,0.1,0.29228675603866794,412,10,2392,-0.0003346382871658406,2914,-1.8607969881772316e-08
4.1246263829013525,0.1193776641714437,0.28648327497447873,412,12,2345,-0.0003321135047160575,2869,-1.8824628296219782e-08
4.1246263829013525,0.14251026703029984,0.2798500026583108,412,14,2291,-0.0003291924209384978,2817,-1.908328672188297e-08
4.1246263829013525,0.17012542798525893,0.2723227658317153,412,17,2229,-0.00032580721175149243,2758,-1.939247839384624e-08
4.1246263829013525,0.20309176209047358,0.2638506570804662,412,20,2160,-0.00032200609533936786,2692,-1.9754975174194346e-08
4.1246263829013525,0.24244620170823283,0.2544023968121528,412,24,2082,-0.0003176401498663843,2618,-2.0187367322104424e-08
4.1246263829013525,0.28942661247167517,0.24397301566193932,412,29,1997,-0.00031277411023913443,2538,-2.068734979192772e-08
4.1246263829013525,0.345510729459222,0.23259014685109905,412,35,1904,-0.0003073041422238357,2451,-2.1272316749306787e-08
4.1246263829013525,0.41246263829013524,0.22031900504776122,412,41,1803,-0.0003012808705554099,2356,-2.1967412854297872e-08
4.1246263829013525,0.49238826317067413,0.2072650301644866,412,49,1696,-0.0002945738553393111,2257,-2.276142849830094e-08
4.1246263829013525,0.5878016072274915,0.193573270250201,412,59,1584,-0.00028711325873970357,2155,-2.3661490558891695e-08
4.1246263829013525,0.701703828670383,0.1794239151151509,412,70,1469,-0.0002790590338405348,2051,-2.46830389839227e-08
4.1246263829013525,0.837677640068292,0.16502395381133458,412,84,1351,-0.0002699578068866323,1947,-2.5812780938262654e-08
4.1246263829013525,1.0,0.15059561295735271,412,100,1233,-0.0002600183469464297,1845,-2.7048897517547222e-08
4.1246263829013525,1.1937766417144369,0.13636286972330805,412,119,1116,-0.00024895303623434034,1747,-2.8361666503490666e-08
4.1246263829013525,1.4251026703029992,0.12253773936611394,412,143,1003,-0.0002362313115544549,1658,-2.9614425598221727e-08
4.1246263829013525,1.7012542798525891,0.10930808588706752,412,170,895,-0.00022233305422211878,1577,-3.0813256769748286e-08
4.1246263829013525,2.030917620904737,0.09682838006449139,412,203,793,-0.00020636371652239398,1508,-3.172922654444164e-08
4.1246263829013525,2.424462017082328,0.08521423408329831,412,242,697,-0.00018831467634063294,1451,-3.2234072737651353e-08
4.1246263829013525,2.8942661247167516,0.0745408522757509,412,289,610,-0.00016782256003951648,1411,-3.1941865253048435e-08
4.1246263829013525,3.4551072945922217,0.06484493237637498,412,346,531,-0.00014428649196540177,1389,-3.047683753995349e-08
4.1246263829013525,4.1246263829013525,0.056129152961338545,412,412,459,-0.00012168242713076804,1383,-2.8465723239237385e-08
4.1246263829013525,4.923882631706742,0.04836822864369459,412,492,396,-9.646695085534405e-05,1400,-2.476813979032147e-08
4.1246263829013525,5.878016072274912,0.04151557076637045,412,588,340,-6.925184430204389e-05,1440,-1.9333289866567252e-08
4.1246263829013525,7.01703828670383,0.035509783219242363,412,702,291,-4.0613471279404566e-05,1505,-1.216591417170553e-08
4.1246263829013525,8.376776400682925,0.030280470151193725,412,838,248,-1.0743321353766975e-05,1598,-3.3993549404401266e-09
4.1246263829013525,10.0,0.025753071541712046,412,1000,211,1.981680776570856e-05,1723,
4.923882631706742,0.01,0.33371695782444377,492,1,2731,-0.00036012990868435757,3324,-1.754224005126125e-08
4.923882631706742,0.011937766417144363,0.33307164095628006,492,1,2726,-0.0003598593088608916,3319,-1.756028014038548e-08
4.923882631706742,0.014251026703029978,0.33230453723494763,492,1,2720,-0.000359534589072733,3313,-1.7582013256038584e-08
4.923882631706742,0.017012542798525893,0.3313934009006599,492,2,2712,-0.00035915297399292034,3306,-1.7612790266233172e-08
4.923882631706742,0.020309176209047358,0.33031222881568695,492,2,2704,-0.0003587200142753761,3298,-1.7642083600976537e-08
4.923882631706742,0.024244620170823284,0.32903075264187476,492,2,2693,-0.0003581246946637517,3287,-1.7682637778478723e-08
4.923882631706742,0.028942661247167517,0.32751391632373805,492,3,2681,-0.00035752240417706067,3276,-1.772870601831078e-08
4.923882631706742,0.0345510729459222,0.3257213651985199,492,3,2666,-0.0003567106047066633,3261,-1.7785020776328394e-08
4.923882631706742,0.04124626382901352,0.32360698657690407,492,4,2649,-0.0003558335609015899,3245,-1.7850853624845857e-08
4.923882631706742,0.04923882631706739,0.3211185590554138,492,5,2628,-0.000354735925354406,3225,-1.7932801791299204e-08
4.923882631706742,0.05878016072274912,0.31819758924417735,492,6,2604,-0.00035347185920505883,3202,-1.802765612657895e-08
4.923882631706742,0.07017038286703829,0.31477943940523573,492,7,2576,-0.0003519872832331086,3175,-1.8140121173847833e-08
4.923882631706742,0.0837677640068292,0.31079387583047635,492,8,2544,-0.0003502822377568231,3144,-1.8271273460024573e-08
4.923882631706742,0.1,0.3061661918605482,492,10,2506,-0.0003482674561239109,3108,-1.843094529598699e-08
4.923882631706742,0.1193776641714437,0.3008190748415942,492,12,2462,-0.0003459124695152753,3066,-1.8620870854476888e-08
4.923882631706742,0.14251026703029984,0.29467538347540123,492,14,2412,-0.000343217585655936,3018,-1.8844027850393992e-08
4.923882631706742,0.17012542798525893,0.2876619683776719,492,17,2355,-0.0003401216190667712,2964,-1.910741940208259e-08
4.923882631706742,0.20309176209047358,0.2797145901256921,492,20,2289,-0.00033650609135853525,2901,-1.9426851369007387e-08
4.923882631706742,0.24244620170823283,0.27078385359754825,492,24,2216,-0.0003324483171840154,2832,-1.979707476918771e-08
4.923882631706742,0.28942661247167517,0.2608418810984173,492,29,2135,-0.0003278553623572977,2756,-2.022986840818793e-08
4.923882631706742,0.345510729459222,0.2498892020829202,492,35,2045,-0.00032262817951533173,2672,-2.074045704190362e-08
4.923882631706742,0.41246263829013524,0.23796108079721068,492,41,1948,-0.0003169135949608491,2581,-2.1336097793155042e-08
4.923882631706742,0.49238826317067413,0.225132298414617,492,49,1843,-0.0003104530420205992,2484,-2.2025913062213938e-08
4.923882631706742,0.5878016072274915,0.21151933566581876,492,59,1731,-0.000303184609375751,2382,-2.2817623548482462e-08
4.923882631706742,0.701703828670383,0.19727904405935226,492,70,1615,-0.00029530562540806767,2277,-2.3716469935997082e-08
4.923882631706742,0.837677640068292,0.18260328816237972,492,84,1495,-0.00028640484217797865,2171,-2.4712441621983574e-08
4.923882631706742,1.0,0.16770965454713493,492,100,1373,-0.0002766112235866412,2065,-2.5815567442219823e-08
4.923882631706742,1.1937766417144369,0.1528290347855598,492,119,1251,-0.0002657017387317969,1962,-2.699315663769233e-08
4.923882631706742,1.4251026703029992,0.13819151759168244,492,143,1131,-0.0002531111340128108,1866,-2.8150671650685756e-08
4.923882631706742,1.7012542798525891,0.12401238438218365,492,170,1015,-0.00023929175737319293,1777,-2.928370034549262e-08
4.923882631706742,2.030917620904737,0.1104799801891605,492,203,904,-0.00022334891641297307,1699,-3.020596094411472e-08
4.923882631706742,2.424462017082328,0.09774683517836862,492,242,800,-0.00020529905580277897,1634,-3.07610212470451e-08
4.923882631706742,2.8942661247167516,0.0859247651381692,492,289,703,-0.00018453413321630873,1584,-3.0689706001481604e-08
4.923882631706742,3.4551072945922217,0.07508397021569706,492,346,615,-0.00016044491652740097,1553,-2.956147702024891e-08
4.923882631706742,4.1246263829013525,0.06525555806516664,492,412,534,-0.00013691527130233966,1538,-2.79293523932805e-08
4.923882631706742,4.923882631706742,0.0564365513036903,492,492,462,-0.00011026626526255146,1546,-2.4742239658607782e-08
4.923882631706742,5.878016072274912,0.048596323854137896,492,588,398,-8.115746957588479e-05,1578,-1.9865244425487047e-08
4.923882631706742,7.01703828670383,0.04168350056313839,492,702,341,-5.0052655331782026e-05,1635,-1.3229893302614656e-08
4.923882631706742,8.376776400682925,0.035632568899371136,492,838,292,-1.7237229244285302e-05,1722,-4.839743161580555e-09
4.923882631706742,10.0,0.030369709381456975,492,1000,249,1.6829916696083443e-05,1841,
5.878016072274912,0.01,0.34359544764783595,588,1,2812,-0.0003713067968831615,3501,-1.7500768119451823e-08
5.878016072274912,0.011937766417144363,0.3430222509212869,588,1,2808,-0.00037109031702438876,3497,-1.751466989929811e-08
5.878016072274912,0.014251026703029978,0.3423404813180997,588,1,2802,-0.00037076559723622993,3491,-1.7535594564607257e-08
5.878016072274912,0.017012542798525893,0.3415301409840692,588,2,2795,-0.00037043493051352403,3485,-1.7561567805889208e-08
5.878016072274912,0.020309176209047358,0.34056778480180355,588,2,2788,-0.00037005609076067194,3478,-1.7586211209779873e-08
5.878016072274912,0.024244620170823284,0.3394260242934664,588,2,2778,-0.0003695148911137403,3468,-1.7621624420047324e-08
5.878016072274912,0.028942661247167517,0.33807300179085875,588,3,2767,-0.00036896417980671027,3458,-1.766215479134663e-08
5.878016072274912,0.0345510729459222,0.33647185297285304,588,3,2754,-0.00036826062026569897,3445,-1.770892418758651e-08
5.878016072274912,0.04124626382901352,0.33458018676641754,588,4,2739,-0.0003674898949924657,3431,-1.7764548961045778e-08
5.878016072274912,0.04923882631706739,0.33234962611292135,588,5,2720,-0.00036649918609627495,3413,-1.7835378173939118e-08
5.878016072274912,0.05878016072274912,0.32972547166180427,588,6,2699,-0.0003653967635778001,3393,-1.7914503992204626e-08
5.878016072274912,0.07017038286703829,0.3266465730939634,588,7,2674,-0.0003640744173097752,3369,-1.800993397590799e-08
5.878016072274912,0.0837677640068292,0.3230455187017654,588,8,2644,-0.00036247805686317206,3340,-1.812644054483488e-08
5.878016072274912,0.1,0.31884928088153297,588,10,2610,-0.00036068232881356093,3308,-1.826147176414161e-08
5.878016072274912,0.1193776641714437,0.31398047905986626,588,12,2570,-0.00035854857144196773,3270,-1.8423954136065346e-08
5.878016072274912,0.14251026703029984,0.3083594351986211,588,14,2524,-0.0003560770117165837,3226,-1.8616264362613644e-08
5.878016072274912,0.17012542798525893,0.3019071900558306,588,17,2471,-0.0003532115484007323,3176,-1.8844683081460164e-08
5.878016072274912,0.20309176209047358,0.2945496075115448,588,20,2411,-0.00034993904629882877,3119,-1.9113683209190847e-08
5.878016072274912,0.24244620170823283,0.28622260503013025,588,24,2343,-0.000346182520630959,3055,-1.9431099222097064e-08
5.878016072274912,0.28942661247167517,0.2768783991650807,588,29,2266,-0.0003418536186631729,2983,-1.980749638811348e-08
5.878016072274912,0.345510729459222,0.26649244397542354,588,35,2181,-0.000336966389316163,2904,-2.024515235342808e-08
5.878016072274912,0.41246263829013524,0.25507048353792117,588,41,2088,-0.0003315495097089883,2817,-2.075895098169154e-08
5.878016072274912,0.49238826317067413,0.24265487938698116,588,49,1986,-0.0003253755614151296,2723,-2.1357389753402053e-08
5.878016072274912,0.5878016072274915,0.22932917897829103,588,59,1877,-0.000318446060201233,2624,-2.2039162314693163e-08
5.878016072274912,0.701703828670383,0.21521984823160695,588,70,1762,-0.00031083676654759,2520,-2.2821077378939986e-08
5.878016072274912,0.837677640068292,0.20049427685939927,588,84,1641,-0.00030217926969277513,2413,-2.369791861949567e-08
5.878016072274912,1.0,0.18535461050842877,588,100,1517,-0.0002926365432080903,2305,-2.4669876599260695e-08
5.878016072274912,1.1937766417144369,0.17002762037804164,588,119,1392,-0.0002820014618005613,2199,-2.5709886567160923e-08
5.878016072274912,1.4251026703029992,0.15475155260505896,588,143,1267,-0.00026968479002474464,2098,-2.6754178036402875e-08
5.878016072274912,1.7012542798525891,0.13976151331484712,588,170,1144,-0.0002560635310457709,2002,-2.7805187317657442e-08
5.878016072274912,2.030917620904737,0.12527525788716065,588,203,1025,-0.0002403125090958172,1916,-2.86991710868594e-08
5.878016072274912,2.424462017082328,0.11148116575062603,588,242,912,-0.00022237288184339372,1842,-2.9307407064604582e-08
5.878016072274912,2.8942661247167516,0.09852972285097654,588,289,806,-0.00020161906564413574,1783,-2.9387107282552435e-08
5.878016072274912,3.4551072945922217,0.08652914537812632,588,346,708,-0.00017721638455332758,1742,-2.857222761404095e-08
5.878016072274912,4.1246263829013525,0.0755450571025779,588,412,618,-0.00015305927464314122,1718,-2.727648619651802e-08
5.878016072274912,4.923882631706742,0.06560355415589803,588,492,537,-0.000125283360997326,1717,-2.4564883237059274e-08
5.878016072274912,5.878016072274912,0.0566966555228718,588,588,464,-9.451223516872035e-05,1740,-2.0267677811099748e-08
5.878016072274912,7.01703828670383,0.04878905651891155,588,702,399,-6.11892191300821e-05,1789,-1.4221121419128012e-08
5.878016072274912,8.376776400682925,0.0418252208147986,588,838,342,-2.549381421526497e-05,1868,-6.3376458547369795e-09
5.878016072274912,10.0,0.035736079189074926,588,1000,292,1.2118496295771826e-05,1980,
7.01703828670383,0.01,0.35233202494726085,702,1,2884,-0.00038127413068514995,3687,-1.7444666990837838e-08
7.01703828670383,0.011937766417144363,0.3518270239386402,702,1,2880,-0.0003810576508263773,3683,-1.745808635297463e-08
7.01703828670383,0.014251026703029978,0.3512260578976141,702,1,2875,-0.0003807870510029132,3678,-1.7474911131131143e-08
7.01703828670383,0.017012542798525893,0.3505113215567766,702,2,2869,-0.00038050687282146605,3673,-1.7496419061393436e-08
7.01703828670383,0.020309176209047358,0.3496618858605208,702,2,2862,-0.0003801280330686139,3666,-1.7520165973867516e-08
7.01703828670383,0.024244620170823284,0.34865322487975636,702,2,2854,-0.00037969507335106864,3658,-1.754744264084206e-08
7.01703828670383,0.028942661247167517,0.34745670285739755,702,3,2844,-0.0003791953973157637,3649,-1.7582856382476453e-08
7.01703828670383,0.0345510729459222,0.34603903276933573,702,3,2832,-0.00037854595773944584,3637,-1.7624331089523798e-08
7.01703828670383,0.04124626382901352,0.3443617262495549,702,4,2819,-0.00037788092598742246,3625,-1.767062086386166e-08
7.01703828670383,0.04923882631706739,0.34238056635137754,702,5,2802,-0.00037699644055664324,3609,-1.773132974736818e-08
7.01703828670383,0.05878016072274912,0.3400451500124667,702,6,2783,-0.0003760007632109584,3591,-1.779977954880294e-08
7.01703828670383,0.07017038286703829,0.3372985666757819,702,7,2761,-0.000374839795653386,3570,-1.7879909925606198e-08
7.01703828670383,0.0837677640068292,0.33407730323185375,702,8,2734,-0.00037340531945693117,3544,-1.797966696473123e-08
7.01703828670383,0.1,0.3303114923209567,702,10,2704,-0.0003718266049622563,3516,-1.8092695558520003e-08
7.01703828670383,0.1193776641714437,0.3259256485903777,702,12,2668,-0.0003699117893775096,3482,-1.823087713290569e-08
7.01703828670383,0.14251026703029984,0.3208400610239847,702,14,2626,-0.0003676610389168979,3442,-1.8396113186207102e-08
7.01703828670383,0.17012542798525893,0.31497302126384275,702,17,2578,-0.0003650760418354628,3397,-1.858990762157115e-08
7.01703828670383,0.20309176209047358,0.30824405687492956,702,20,2523,-0.00036208788095546117,3345,-1.8819634247343343e-08
7.01703828670383,0.24244620170823283,0.3005782908213676,702,24,2460,-0.00035862598297985095,3286,-1.9092098753186274e-08
7.01703828670383,0.28942661247167517,0.2919119493076889,702,29,2389,-0.0003546604137750616,3220,-1.9411429982160595e-08
7.01703828670383,0.345510729459222,0.28219887862300713,702,35,2310,-0.0003501557943806012,3147,-1.9782813241841878e-08
7.01703828670383,0.41246263829013524,0.2714177076986381,702,41,2222,-0.00034507882067910737,3065,-2.0223095986726563e-08
7.01703828670383,0.49238826317067413,0.25957902654381004,702,49,2125,-0.00033928362497861667,2976,-2.0734172089016205e-08
7.01703828670383,0.5878016072274915,0.2467316884442656,702,59,2019,-0.00033267344084667304,2880,-2.1325630675376645e-08
7.01703828670383,0.701703828670383,0.23296716003635515,702,70,1907,-0.00032542217251267435,2779,-2.1998240565714714e-08
7.01703828670383,0.837677640068292,0.21842082689639736,702,84,1788,-0.0003171489405197858,2674,-2.2753611642640894e-08
7.01703828670383,1.0,0.2032693879391046,702,100,1664,-0.00030794791210852503,2566,-2.359898783898822e-08
7.01703828670383,1.1937766417144369,0.18772396213120224,702,119,1537,-0.00029763193004272423,2458,-2.4514412206696612e-08
7.01703828670383,1.4251026703029992,0.1720192238386102,702,143,1408,-0.0002856501600046559,2353,-2.5451303526975415e-08
7.01703828670383,1.7012542798525891,0.1563996282563849,702,170,1280,-0.000272367862988978,2252,-2.6402468300598875e-08
7.01703828670383,2.030917620904737,0.14110438499924885,702,203,1155,-0.00025698977465883464,2160,-2.7233590278051677e-08
7.01703828670383,2.424462017082328,0.1263531061844887,702,242,1034,-0.00023934033729372035,2078,-2.7855536101780722e-08
7.01703828670383,2.8942661247167516,0.11233390997917168,702,289,919,-0.00021879267697906782,2010,-2.8051422103294718e-08
7.01703828670383,3.4551072945922217,0.0991952481066893,702,346,812,-0.00019440564566600927,1960,-2.747549969840145e-08
7.01703828670383,4.1246263829013525,0.08704200405521474,702,412,712,-0.0001698798095693676,1926,-2.6495696794773165e-08
7.01703828670383,4.923882631706742,0.07593568059209439,702,492,622,-0.00014132996638835867,1916,-2.4222734444239313e-08
7.01703828670383,5.878016072274912,0.06589793230345202,702,588,539,-0.00010921197185950224,1929,-2.0510446008132333e-08
7.01703828670383,7.01703828670383,0.056916391521098814,702,702,466,-7.400953441297117e-05,1970,-1.508612956357193e-08
7.01703828670383,8.376776400682925,0.048951684951653446,702,838,401,-3.5718916029299634e-05,2041,-7.820575838963861e-09
7.01703828670383,10.0,0.0419446805493574,702,1000,343,5.301477013229228e-06,2145,
8.376776400682925,0.01,0.35999986749854307,838,1,2947,-0.00039009401618258116,3886,-1.7374500210785682e-08
8.376776400682925,0.011937766417144363,0.359558135038255,838,1,2943,-0.00038987753632380726,3882,-1.7387471572535546e-08
8.376776400682925,0.014251026703029978,0.35903222255719597,838,1,2939,-0.0003896610564650358,3878,-1.7400476761992692e-08
8.376776400682925,0.017012542798525893,0.3584064115383601,838,2,2934,-0.00038943109925562936,3874,-1.741781982698202e-08
8.376776400682925,0.020309176209047358,0.3576621837551996,838,2,2927,-0.00038905225950277807,3867,-1.744073678348051e-08
8.376776400682925,0.024244620170823284,0.3567777791741955,838,2,2920,-0.000388673419749925,3860,-1.7463758975104467e-08
8.376776400682925,0.028942661247167517,0.3557277080145577,838,3,2912,-0.00038827855620456844,3853,-1.7491128098374154e-08
8.376776400682925,0.0345510729459222,0.35448222310354816,838,3,2901,-0.00038768323659294196,3842,-1.752771400120904e-08
8.376776400682925,0.04124626382901352,0.353006765001745,838,4,2889,-0.00038706936271156215,3831,-1.756874697420363e-08
8.376776400682925,0.04923882631706739,0.35126140134983114,838,5,2875,-0.0003863447342842285,3818,-1.761677728662039e-08
8.376776400682925,0.05878016072274912,0.3492002941666286,838,6,2858,-0.0003854552471037724,3802,-1.7675433435612336e-08
8.376776400682925,0.07017038286703829,0.3467712450201172,838,7,2838,-0.000384400916825287,3783,-1.774507519135862e-08
8.376776400682925,0.0837677640068292,0.3439153884852643,838,8,2815,-0.0003831817590022473,3761,-1.78261384476866e-08
8.376776400682925,0.1,0.34056712895180347,838,10,2788,-0.0003817643814440926,3736,-1.792287381664629e-08
8.376776400682925,0.1193776641714437,0.33665444351971857,838,12,2756,-0.00038006671759431424,3706,-1.8039314891892955e-08
8.376776400682925,0.14251026703029984,0.33209970166803904,838,14,2718,-0.00037803476833326975,3670,-1.818051729554906e-08
8.376776400682925,0.17012542798525893,0.3268211754736328,838,17,2675,-0.0003757268489311449,3630,-1.8343798312273642e-08
8.376776400682925,0.20309176209047358,0.3207354241603374,838,20,2625,-0.00037301923133033866,3583,-1.8539262509894818e-08
8.376776400682925,0.24244620170823283,0.3137607220050697,838,24,2568,-0.0003699004582572759,3530,-1.8768670123260944e-08
8.376776400682925,0.28942661247167517,0.3058216446435895,838,29,2503,-0.00036629043567967074,3470,-1.903905294375826e-08
8.376776400682925,0.345510729459222,0.296854820735114,838,35,2430,-0.0003621582084874135,3403,-1.9354329226561218e-08
8.376776400682925,0.41246263829013524,0.28681568343441044,838,41,2348,-0.00035746435444941724,3327,-1.9728266634072723e-08
8.376776400682925,0.49238826317067413,0.2756858210357624,838,49,2256,-0.000352032729977762,3243,-2.01670923118827e-08
8.376776400682925,0.5878016072274915,0.263480251589832,838,59,2157,-0.0003459390565086547,3154,-2.06615893417978e-08
8.376776400682925,0.701703828670383,0.25025368351826105,838,70,2048,-0.0003390251363784876,3056,-2.1244306219827026e-08
8.376776400682925,0.837677640068292,0.23610465172440512,838,84,1933,-0.00033122027321496635,2955,-2.1887428927367944e-08
8.376776400682925,1.0,0.22117642717548652,838,100,1810,-0.0003223921200971579,2848,-2.2622420889562694e-08
8.376776400682925,1.1937766417144369,0.20565385967534633,838,119,1683,-0.00031248455385260974,2740,-2.3419538020416084e-08
8.376776400682925,1.4251026703029992,0.1897558428258674,838,143,1553,-0.00030099113522679614,2634,-2.4238489215309848e-08
8.376776400682925,1.7012542798525891,0.17372381279750645,838,170,1422,-0.00028816737768803035,2530,-2.5082897627912046e-08
8.376776400682925,2.030917620904737,0.15780744635276278,838,203,1292,-0.0002732606199711869,2433,-2.5846113536044766e-08
8.376776400682925,2.424462017082328,0.1422493019598437,838,242,1164,-0.0002560473907513241,2344,-2.6458830111119348e-08
8.376776400682925,2.8942661247167516,0.12727037489872872,838,289,1042,-0.00023597267346534183,2269,-2.6713081129476303e-08
8.376776400682925,3.4551072945922217,0.1130583406303683,838,346,925,-0.00021179053959923376,2209,-2.635357924460073e-08
8.376776400682925,4.1246263829013525,0.09975970314121352,838,412,817,-0.00018729231325760444,2167,-2.5607021131459023e-08
8.376776400682925,4.923882631706742,0.08747631693210062,838,492,716,-0.00015823032504386355,2146,-2.376972795395138e-08
8.376776400682925,5.878016072274912,0.0762660199400867,838,588,624,-0.00012523801699110282,2150,-2.0594293394577192e-08
8.376776400682925,7.01703828670383,0.06614656740131937,838,702,541,-8.847318902552997e-05,2181,-1.5829028505453274e-08
8.376776400682925,8.376776400682925,0.05710177468891184,838,838,467,-4.7906004430296386e-05,2243,-9.23916692644238e-09
8.376776400682925,10.0,0.0490887519716321,838,1000,402,-3.856069366485386e-06,2340,-7.913781895672507e-10
10.0,0.01,0.36668470390959224,1000,1,3001,-0.0003977965796332943,4102,-1.728926429302879e-08
10.0,0.011937766417144363,0.36630073561760296,1000,1,2998,-0.00039763421973921457,4099,-1.7298673117113363e-08
10.0,0.014251026703029978,0.36584341488859545,1000,1,2994,-0.0003974177398804421,4095,-1.73112461397924e-08
10.0,0.017012542798525893,0.36529896912876225,1000,2,2990,-0.0003972379176399237,4092,-1.732469438876199e-08
10.0,0.020309176209047358,0.36465114065726006,1000,2,2985,-0.0003969673178164578,4087,-1.734049657383238e-08
10.0,0.024244620170823284,0.3638807805607657,1000,2,2978,-0.00039658847806360435,4080,-1.736270447799191e-08
10.0,0.028942661247167517,0.36296539406795464,1000,3,2971,-0.0003962441523912044,4074,-1.7385763532190107e-08
10.0,0.0345510729459222,0.3618786396655374,1000,3,2962,-0.00039575707270896607,4065,-1.7414592913232923e-08
10.0,0.04124626382901352,0.36058978873683656,1000,4,2951,-0.00039519413508670286,4055,-1.7450715352472717e-08
10.0,0.04923882631706739,0.35906315918746035,1000,5,2939,-0.00039457495679207533,4044,-1.7490257263708087e-08
10.0,0.05878016072274912,0.3572575459591751,1000,6,2924,-0.00039379130921622207,4030,-1.7539878011697463e-08
10.0,0.07017038286703829,0.3551256841944698,1000,7,2907,-0.0003928973235819168,4014,-1.7596540842342914e-08
10.0,0.0837677640068292,0.3526137977114145,1000,8,2886,-0.0003917847711557924,3994,-1.7667221527782196e-08
10.0,0.1,0.3496613067372383,1000,10,2862,-0.0003905276093447728,3972,-1.774915734253101e-08
10.0,0.1193776641714437,0.3462007943085995,1000,12,2834,-0.0003890457527599666,3946,-1.7845971723193667e-08
10.0,0.14251026703029984,0.34215835909367526,1000,14,2801,-0.00038728516880962016,3915,-1.796205093429525e-08
10.0,0.17012542798525893,0.33745451062228643,1000,17,2762,-0.0003851975021499138,3879,-1.810172663724477e-08
10.0,0.20309176209047358,0.332005785523649,1000,20,2717,-0.0003827673106338688,3837,-1.826694110622116e-08
10.0,0.24244620170823283,0.325727271650955,1000,24,2666,-0.0003799869266498915,3790,-1.8458691265332972e-08
10.0,0.28942661247167517,0.31853620870975013,1000,29,2607,-0.00037672571180534536,3736,-1.86866985682286e-08
10.0,0.345510729459222,0.310356774289792,1000,35,2540,-0.0003729567808012877,3675,-1.8953945255947944e-08
10.0,0.41246263829013524,0.3011260480822768,1000,41,2465,-0.00036869018801151746,3606,-1.9267340179849883e-08
10.0,0.49238826317067413,0.290800964873127,1000,49,2380,-0.0003637160602360554,3529,-1.9635915361229572e-08
10.0,0.5878016072274915,0.2793658222447848,1000,59,2287,-0.00035806588122746185,3446,-2.005510673892618e-08
10.0,0.701703828670383,0.2668396278878005,1000,70,2184,-0.00035163042883874166,3354,-2.0547321882449904e-08
10.0,0.837677640068292,0.25328230914985117,1000,84,2073,-0.00034426748282802554,3257,-2.1098828994969972e-08
10.0,1.0,0.23879864595582254,1000,100,1955,-0.00033600088164647374,3155,-2.171740824396301e-08
10.0,1.1937766417144369,0.22353881964517672,1000,119,1830,-0.00032658235486986305,3049,-2.2402411501568326e-08
10.0,1.4251026703029992,0.2076947641173722,1000,143,1700,-0.0003156075166812722,2943,-2.311634927717514e-08
10.0,1.7012542798525891,0.1914920686275556,1000,170,1567,-0.0003032866583316677,2837,-2.386374002342162e-08
10.0,2.030917620904737,0.1751779286099385,1000,203,1434,-0.00028897389646894957,2737,-2.4549230024886977e-08
10.0,2.424462017082328,0.1590063998939539,1000,242,1301,-0.00027235919426563435,2643,-2.5127009517739555e-08
10.0,2.8942661247167516,0.14322277174447223,1000,289,1172,-0.00025287141520040666,2561,-2.5428012710456595e-08
10.0,3.4551072945922217,0.1280490638075775,1000,346,1048,-0.0002292548676751645,2494,-2.5202812945249164e-08
10.0,4.1246263829013525,0.1136724107075297,1000,412,930,-0.00020494638353280172,2442,-2.4689360743621457e-08
10.0,4.923882631706742,0.10023750258928892,1000,492,820,-0.000175834831290299,2412,-2.3203329544774215e-08
10.0,5.878016072274912,0.08784348109491905,1000,588,719,-0.00014239968322594994,2407,-2.052844770942234e-08
10.0,7.01703828670383,0.07654495809908798,1000,702,627,-0.0001046081193100494,2429,-1.6398570223079966e-08
10.0,8.376776400682925,0.06635629214890869,1000,838,543,-6.219759383380159e-05,2481,-1.0538571279384876e-08
10.0,10.0,0.057257998066645326,1000,1000,469,-1.5451450088565158e-05,2569,-2.797300738375574e-09
