beta_theory,gamma_theory,alpha_theory,m_beta,m_gamma,m_alpha,gm,area,fom
0.01,0.01,0.0038239875511475157,2,2,151,-1.8263104276122657e-05,355,-3.566733902844047e-08
0.01,0.011937766417144363,0.0037945172220659146,2,2,149,-1.8154864396864127e-05,353,-3.574073627227366e-08
0.01,0.014251026703029978,0.0037599451273599765,2,3,148,-1.8099719029188336e-05,353,-3.5705277024359536e-08
0.01,0.017012542798525893,0.0037195170081416613,2,3,146,-1.799147914992987e-05,351,-3.5779729436659516e-08
0.01,0.020309176209047358,0.003672416595253696,2,4,145,-1.7935614331578816e-05,351,-3.574255546348907e-08
0.01,0.024244620170823284,0.0036177800808919265,2,5,142,-1.7770814235130604e-05,349,-3.577920237402473e-08
0.01,0.028942661247167517,0.0035547195184945585,2,6,140,-1.7659461909252738e-05,348,-3.577686772539047e-08
0.01,0.0345510729459222,0.003482357011223362,2,7,137,-1.7493339914488148e-05,346,-3.581178331659054e-08
0.01,0.04124626382901352,0.003399871070394575,2,8,134,-1.7326591443117866e-05,344,-3.5846142508933024e-08
0.01,0.04923882631706739,0.0033065554996048706,2,10,130,-1.70995301539606e-05,342,-3.583304726311945e-08
0.01,0.05878016072274912,0.0032018894627366986,2,12,126,-1.6870209827051363e-05,340,-3.581481366136923e-08
0.01,0.07017038286703829,0.0030856150108608997,2,14,122,-1.6638746700919425e-05,338,-3.579148748261793e-08
0.01,0.0837677640068292,0.0029578154679531683,2,17,116,-1.628789390233293e-05,335,-3.5747287117752904e-08
0.01,0.1,0.002818985191952192,2,20,111,-1.5987132752142562e-05,333,-3.565055024561271e-08
0.01,0.1193776641714437,0.002670079121548031,2,24,105,-1.5616604240266652e-05,331,-3.547615683840675e-08
0.01,0.14251026703029984,0.0025125301521993306,2,29,99,-1.5226781214982415e-05,330,-3.516902534872139e-08
0.01,0.17012542798525893,0.0023482245990382898,2,34,92,-1.4775424315357407e-05,328,-3.487401887121744e-08
0.01,0.20309176209047358,0.002179431106869523,2,41,86,-1.4338982399087246e-05,329,-3.426771436546995e-08
0.01,0.24244620170823283,0.002008685768526491,2,48,79,-1.383896213742807e-05,329,-3.365833772115009e-08
0.01,0.28942661247167517,0.0018386443490553803,2,58,72,-1.3274904111873303e-05,332,-3.262609150578378e-08
0.01,0.345510729459222,0.0016719192201457352,2,69,66,-1.2735269196103548e-05,337,-3.139549648975335e-08
0.01,0.41246263829013524,0.0015109218785298029,2,82,60,-1.2147886798130817e-05,344,-2.989145373555811e-08
0.01,0.49238826317067413,0.001357730717528739,2,98,53,-1.144077142334509e-05,353,-2.8032861470511343e-08
0.01,0.5878016072274915,0.001213998428260805,2,118,48,-1.0761843604680717e-05,368,-2.5750965746268944e-08
0.01,0.701703828670383,0.0010809056645303707,2,140,43,-1.0053628658873973e-05,385,-2.3395766217243723e-08
0.01,0.837677640068292,0.0009591596118294502,2,168,38,-9.252108419688331e-06,408,-2.067417862819166e-08
0.01,1.0,0.0008490297778660702,2,200,33,-8.415980282571832e-06,435,-1.793228561018459e-08
0.01,1.1937766417144369,0.0007504097348948176,2,239,30,-7.6250525398023265e-06,471,-1.518329856591463e-08
0.01,1.4251026703029992,0.0006628927756595833,2,285,26,-6.747621039787319e-06,513,-1.2494668987088585e-08
0.01,1.7012542798525891,0.0005858508516644775,2,340,23,-5.895838700961132e-06,565,-1.001127267024576e-08
0.01,2.030917620904737,0.0005185087927333072,2,406,20,-5.027553919744428e-06,628,-7.749004191961203e-09
0.01,2.424462017082328,0.0004600087655523556,2,485,18,-4.213930987527158e-06,705,-5.822598501529816e-09
0.01,2.8942661247167516,0.00040946258456483683,2,579,16,-3.4190709068844656e-06,797,-4.202191272410975e-09
0.01,3.4551072945922217,0.00036599151828012934,2,691,14,-2.6750599576047853e-06,907,-2.902751809545537e-09
0.01,4.1246263829013525,0.0003287545658135666,2,825,13,-2.038092808851325e-06,1040,-1.9345554036480797e-09
0.01,4.923882631706742,0.0002969668960442267,2,985,12,-1.4346888385643837e-06,1199,-1.1842447572922242e-09
0.01,5.878016072274912,0.00026991039688144714,2,1176,11,-8.703276221091081e-07,1389,-6.214672689362686e-10
0.01,7.01703828670383,0.0002469382336783545,2,1403,10,-3.4990683015036643e-07,1615,-2.1527428949819515e-10
0.01,8.376776400682925,0.0002274750976121398,2,1675,9,1.2931763805733776e-07,1886,
0.01,10.0,0.00021101453450293625,2,2000,8,5.652057067626296e-07,2210,
0.011937766417144363,0.01,0.004556878125419067,2,2,179,-1.9778462585743662e-05,383,-3.475026808936619e-08
0.011937766417144363,0.011937766417144363,0.004521825668532898,2,2,178,-1.972434264611433e-05,382,-3.4779839621445775e-08
0.011937766417144363,0.014251026703029978,0.004480703787636074,2,3,176,-1.9615077338809335e-05,381,-3.477603953409215e-08
0.011937766417144363,0.017012542798525893,0.004432614651639838,2,3,175,-1.9560957399180045e-05,380,-3.4805974019893316e-08
0.011937766417144363,0.020309176209047358,0.004376586407771684,2,4,172,-1.9396852701570396e-05,378,-3.4831297050657945e-08
0.011937766417144363,0.024244620170823284,0.004311590322102256,2,5,170,-1.928617254475154e-05,377,-3.482515808008585e-08
0.011937766417144363,0.028942661247167517,0.004236568532769162,2,6,167,-1.9120700279244545e-05,375,-3.4848546109288735e-08
0.011937766417144363,0.0345510729459222,0.004150474635771812,2,7,163,-1.890045834485055e-05,372,-3.4902604418766714e-08
0.011937766417144363,0.04124626382901352,0.004052328758539895,2,8,160,-1.8733708299429784e-05,370,-3.492488497283703e-08
0.011937766417144363,0.04923882631706739,0.003941287562463298,2,10,155,-1.8452527086380004e-05,367,-3.493473511241954e-08
0.011937766417144363,0.05878016072274912,0.0038167276020325304,2,12,150,-1.8169076064833728e-05,364,-3.494053089391102e-08
0.011937766417144363,0.07017038286703829,0.003678337636872823,2,14,145,-1.788350410782011e-05,361,-3.494236832321241e-08
0.011937766417144363,0.0837677640068292,0.0035262120712383728,2,17,139,-1.753265136946721e-05,358,-3.488668292237188e-08
0.011937766417144363,0.1,0.0033609342556862255,2,20,132,-1.7123652060953384e-05,354,-3.48551784337921e-08
0.011937766417144363,0.1193776641714437,0.003183635860182169,2,24,125,-1.6699010945894853e-05,351,-3.4717278473793876e-08
0.011937766417144363,0.14251026703029984,0.0029960180622750025,2,29,118,-1.625505961845606e-05,349,-3.445912748761142e-08
0.011937766417144363,0.17012542798525893,0.002800322895279985,2,34,110,-1.574958445732862e-05,346,-3.4208480576300225e-08
0.011937766417144363,0.20309176209047358,0.0025992491453872267,2,41,102,-1.5204903377078486e-05,345,-3.3707775510061374e-08
0.011937766417144363,0.24244620170823283,0.0023958159833357084,2,48,94,-1.4650751252311448e-05,344,-3.316450392138593e-08
0.011937766417144363,0.28942661247167517,0.0021931872142325446,2,58,86,-1.403258326668377e-05,346,-3.22262154755736e-08
0.011937766417144363,0.345510729459222,0.001994477052877082,2,69,79,-1.343882841128492e-05,350,-3.1096881736590434e-08
0.011937766417144363,0.41246263829013524,0.001802562281034943,2,82,71,-1.2743206140363043e-05,355,-2.9715525931263505e-08
0.011937766417144363,0.49238826317067413,0.001619924266283798,2,98,64,-1.2036086512436695e-05,364,-2.7954493014763783e-08
0.011937766417144363,0.5878016072274915,0.0014485380602698994,2,118,57,-1.1248919896278176e-05,377,-2.5783716641327075e-08
0.011937766417144363,0.701703828670383,0.001289816586942601,2,140,51,-1.048658839377315e-05,393,-2.3510421472901868e-08
0.011937766417144363,0.837677640068292,0.0011446083966391712,2,168,45,-9.630948047719442e-06,415,-2.085523613624825e-08
0.011937766417144363,1.0,0.0010132398975660998,2,200,40,-8.794819910602952e-06,442,-1.8186145389997833e-08
0.011937766417144363,1.1937766417144369,0.0008955886644164406,2,239,35,-7.895652274110289e-06,476,-1.540915744361883e-08
0.011937766417144363,1.4251026703029992,0.0007911734748717104,2,285,31,-7.018220774095236e-06,518,-1.275483566097564e-08
0.011937766417144363,1.7012542798525891,0.0006992483788588813,2,340,28,-6.1664384359077285e-06,570,-1.029249304965237e-08
0.011937766417144363,2.030917620904737,0.000618891229697887,2,406,24,-5.244033707701646e-06,632,-7.98227244840119e-09
0.011937766417144363,2.424462017082328,0.0005490806320450597,2,485,22,-4.430410775484411e-06,709,-6.053466108493757e-09
0.011937766417144363,2.8942661247167516,0.0004887584323458352,2,579,19,-3.581430747852417e-06,800,-4.3688771687474595e-09
0.011937766417144363,3.4551072945922217,0.0004368773048440777,2,691,17,-2.8374197985727105e-06,910,-3.058619134370376e-09
0.011937766417144363,4.1246263829013525,0.00039243458166253264,2,825,15,-2.146353076891174e-06,1042,-2.02945638889105e-09
0.011937766417144363,4.923882631706742,0.0003544943374684974,2,985,14,-1.5429287298012072e-06,1201,-1.2693151549912858e-09
0.011937766417144363,5.878016072274912,0.0003222000481114154,2,1176,13,-9.785675133459706e-07,1391,-6.967273611952629e-10
0.011937766417144363,7.01703828670383,0.0002947800878762981,2,1403,12,-4.581467213872151e-07,1617,-2.8116130384368945e-10
0.011937766417144363,8.376776400682925,0.0002715480714780759,2,1675,11,2.107774707594087e-08,1888,
0.011937766417144363,10.0,0.0002518997014353861,2,2000,10,4.5696581578121685e-07,2212,
0.014251026703029978,0.01,0.00542838509856236,3,2,214,-2.6638851561169322e-05,419,-4.152199569980878e-08
0.014251026703029978,0.011937766417144363,0.00538672236929088,3,2,212,-2.6530611631986295e-05,417,-4.161795135845249e-08
0.014251026703029978,0.014251026703029978,0.0053378437836738455,3,3,210,-2.6420896676118174e-05,416,-4.164706285642839e-08
0.014251026703029978,0.017012542798525893,0.005280681200173894,3,3,208,-2.6312656746935174e-05,414,-4.174491805263227e-08
0.014251026703029978,0.020309176209047358,0.005214078120519118,3,4,205,-2.6147749895576027e-05,412,-4.1823016467651994e-08
0.014251026703029978,0.024244620170823284,0.005136809960306259,3,5,202,-2.5981822265439247e-05,410,-4.190075839478656e-08
0.014251026703029978,0.028942661247167517,0.00504761692405533,3,6,199,-2.581490005714192e-05,408,-4.197817753535501e-08
0.014251026703029978,0.0345510729459222,0.004945252133324889,3,7,195,-2.5592896327319825e-05,405,-4.2107430614214916e-08
0.014251026703029978,0.04124626382901352,0.00482854699243953,3,8,190,-2.531584296023179e-05,401,-4.2291752355883374e-08
0.014251026703029978,0.04923882631706739,0.004696494341736227,3,10,185,-2.5029669069168775e-05,398,-4.2394425930163906e-08
0.014251026703029978,0.05878016072274912,0.004548347562894339,3,12,179,-2.468601310499541e-05,394,-4.255035353177642e-08
0.014251026703029978,0.07017038286703829,0.004383730440214812,3,14,173,-2.4339214167160076e-05,390,-4.270636960829603e-08
0.014251026703029978,0.0837677640068292,0.004202748511958565,3,17,166,-2.3921807408142908e-05,386,-4.282150832046203e-08
0.014251026703029978,0.1,0.004006088542858619,3,20,158,-2.3444304720019906e-05,381,-4.299182997142945e-08
0.014251026703029978,0.1193776641714437,0.0037950897184340685,3,24,149,-2.288952945543646e-05,376,-4.310970592028865e-08
0.014251026703029978,0.14251026703029984,0.0035717695669561095,3,29,141,-2.2360297805563524e-05,373,-4.303036295428282e-08
0.014251026703029978,0.17012542798525893,0.0033387906610051763,3,34,131,-2.171180246610268e-05,368,-4.305846911411765e-08
0.014251026703029978,0.20309176209047358,0.0030993612985342313,3,41,122,-2.1059308698211636e-05,366,-4.272705059692346e-08
0.014251026703029978,0.24244620170823283,0.002857073809784055,3,48,113,-2.039270043609942e-05,364,-4.235068208194763e-08
0.014251026703029978,0.28942661247167517,0.00261569569196666,3,58,103,-1.957692348586465e-05,364,-4.1554006380252696e-08
0.014251026703029978,0.345510729459222,0.00237893837606547,3,69,94,-1.877101810942576e-05,366,-4.0475716123481456e-08
0.014251026703029978,0.41246263829013524,0.0021502332096903463,3,82,85,-1.7894016266980766e-05,370,-3.9035812100743385e-08
0.014251026703029978,0.49238826317067413,0.0019325426829708736,3,98,76,-1.691923647359538e-05,377,-3.71003343425914e-08
0.014251026703029978,0.5878016072274915,0.0017282275296801892,3,118,68,-1.5879204883674725e-05,389,-3.454103559487236e-08
0.014251026703029978,0.701703828670383,0.0015389793952303664,3,140,61,-1.4849261878036523e-05,404,-3.176720408616405e-08
0.014251026703029978,0.837677640068292,0.0013658173925028703,3,168,54,-1.367989275729448e-05,425,-2.843106816296966e-08
0.014251026703029978,1.0,0.001209137813903586,3,200,48,-1.2512478997737114e-05,451,-2.4978996641653587e-08
0.014251026703029978,1.1937766417144369,0.001068801078870365,3,239,42,-1.1250446402295443e-05,484,-2.132058520750349e-08
0.014251026703029978,1.4251026703029992,0.0009442388182651394,3,285,37,-9.993544150051772e-06,525,-1.773540170024095e-08
0.014251026703029978,1.7012542798525891,0.0008345659355286063,3,340,33,-8.74758171513302e-06,576,-1.4332779058744624e-08
0.014251026703029978,2.030917620904737,0.0007386861917575721,3,406,29,-7.476300802880343e-06,638,-1.1189386977490936e-08
0.014251026703029978,2.424462017082328,0.0006553840617694667,3,485,26,-6.259315259102467e-06,714,-8.44666314787659e-09
0.014251026703029978,2.8942661247167516,0.0005833993941132642,3,579,23,-5.069811486113224e-06,805,-6.1161649931395365e-09
0.014251026703029978,3.4551072945922217,0.0005214843117870863,3,691,21,-4.009990750629603e-06,915,-4.280336824462665e-09
0.014251026703029978,4.1246263829013525,0.00046844370306861697,3,825,18,-2.9749118010350426e-06,1046,-2.7940790076593306e-09
0.014251026703029978,4.923882631706742,0.00042316168854630387,3,985,17,-2.0981208151634033e-06,1205,-1.7160015827227101e-09
0.014251026703029978,5.878016072274912,0.00038461682533837735,3,1176,15,-1.2251740091753828e-06,1394,-8.691643084388358e-10
0.014251026703029978,7.01703828670383,0.00035188874855370385,3,1403,14,-4.7213559448289385e-07,1620,-2.888456798666882e-10
0.014251026703029978,8.376776400682925,0.0003241586442691381,3,1675,13,2.193182856760771e-07,1891,
0.014251026703029978,10.0,0.00030070553747143396,3,2000,12,8.459333507150688e-07,2215,
0.017012542798525893,0.01,0.006463955495813087,3,2,255,-2.8857770109420063e-05,460,-3.979284350444024e-08
0.017012542798525893,0.011937766417144363,0.00641447712577352,3,2,253,-2.874953018023711e-05,458,-3.9867886316059895e-08
0.017012542798525893,0.014251026703029978,0.006356426648987757,3,3,250,-2.8585695259777476e-05,456,-3.9924155390750666e-08
0.017012542798525893,0.017012542798525893,0.0062885341428698446,3,3,248,-2.8477455330594394e-05,454,-4.000092051156646e-08
0.017012542798525893,0.020309176209047358,0.006209424222071952,3,4,245,-2.831255632482022e-05,452,-4.0057380199236305e-08
0.017012542798525893,0.024244620170823284,0.006117639966949425,3,5,241,-2.809250862114732e-05,449,-4.015280518716386e-08
0.017012542798525893,0.028942661247167517,0.006011681807227752,3,6,237,-2.787146633541414e-05,446,-4.024876723575286e-08
0.017012542798525893,0.0345510729459222,0.00589006452054329,3,7,232,-2.7595342499473694e-05,442,-4.038658017134073e-08
0.017012542798525893,0.04124626382901352,0.005751394726930844,3,8,226,-2.7264168997750458e-05,437,-4.056926521896086e-08
0.017012542798525893,0.04923882631706739,0.005594469568323997,3,10,220,-2.6923874916817936e-05,433,-4.0682796791807096e-08
0.017012542798525893,0.05878016072274912,0.00541839444056741,3,12,213,-2.6526098725510036e-05,428,-4.08395410849705e-08
0.017012542798525893,0.07017038286703829,0.005222713660934995,3,14,206,-2.6125172174928497e-05,423,-4.09973827363764e-08
0.017012542798525893,0.0837677640068292,0.0050075431172061854,3,17,197,-2.5599525536652038e-05,417,-4.116473521684576e-08
0.017012542798525893,0.1,0.004773689051442628,3,20,188,-2.506790290889957e-05,411,-4.133071112065483e-08
0.017012542798525893,0.1193776641714437,0.004522733492143205,3,24,178,-2.4459007704686658e-05,405,-4.144751525907723e-08
0.017012542798525893,0.14251026703029984,0.0042570660836791395,3,29,168,-2.3821536175555107e-05,400,-4.144894239900318e-08
0.017012542798525893,0.17012542798525893,0.003979845614507983,3,34,157,-2.3118918406802463e-05,394,-4.148528281438857e-08
0.017012542798525893,0.20309176209047358,0.003694882983467663,3,41,146,-2.23581857309692e-05,390,-4.126344627744205e-08
0.017012542798525893,0.24244620170823283,0.0034064497358516728,3,48,134,-2.1529220862266877e-05,385,-4.1058091506344645e-08
0.017012542798525893,0.28942661247167517,0.0031190300642722477,3,58,123,-2.065932147331595e-05,384,-4.0356542962408094e-08
0.017012542798525893,0.345510729459222,0.002837045665340837,3,69,112,-1.9745174326484774e-05,384,-3.945247427766299e-08
0.017012542798525893,0.41246263829013524,0.002564588640824188,3,82,101,-1.8759939346105868e-05,386,-3.820450339301456e-08
0.017012542798525893,0.49238826317067413,0.0023051958960071148,3,98,91,-1.7731041769876776e-05,392,-3.6435643945990415e-08
0.017012542798525893,0.5878016072274915,0.0020616897746296822,3,118,81,-1.658276195295164e-05,402,-3.4104067853224e-08
0.017012542798525893,0.701703828670383,0.0018360966820717955,3,140,72,-1.5444576346794695e-05,415,-3.1527264527628595e-08
0.017012542798525893,0.837677640068292,0.0016296418916632448,3,168,64,-1.4221092225910375e-05,435,-2.835372084279124e-08
0.017012542798525893,1.0,0.0014428078909560719,3,200,57,-1.2999558206962624e-05,460,-2.5033812600066678e-08
0.017012542798525893,1.1937766417144369,0.0012754373710053516,3,239,50,-1.1683405977188199e-05,492,-2.1476849222772424e-08
0.017012542798525893,1.4251026703029992,0.0011268604919176723,3,285,44,-1.0372383778082942e-05,532,-1.7952755085300023e-08
0.017012542798525893,1.7012542798525891,0.000996028320411074,3,340,39,-9.072301397068878e-06,582,-1.45725735624982e-08
0.017012542798525893,2.030917620904737,0.0008816387287582797,3,406,35,-7.801020484816207e-06,644,-1.1465344627889782e-08
0.017012542798525893,2.424462017082328,0.0007822460451239581,3,485,31,-6.529914994049001e-06,719,-8.692182250744104e-09
0.017012542798525893,2.8942661247167516,0.0006963502656010131,3,579,27,-5.2862912740704494e-06,809,-6.3151565848789234e-09
0.017012542798525893,3.4551072945922217,0.0006224651133293096,3,691,25,-4.2264705385868885e-06,919,-4.4724555963882415e-09
0.017012542798525893,4.1246263829013525,0.0005591665247051431,3,825,22,-3.1913915889922957e-06,1050,-2.9746025547985753e-09
0.017012542798525893,4.923882631706742,0.0005051243911212273,3,985,20,-2.260480656131352e-06,1208,-1.8395838672943944e-09
0.017012542798525893,5.878016072274912,0.0004591208410119602,3,1176,18,-1.3876650552079375e-06,1397,-9.801832673183521e-10
0.017012542798525893,7.01703828670383,0.0004200582805369905,3,1403,17,-6.344954313381851e-07,1623,-3.867271078688014e-10
0.017012542798525893,8.376776400682925,0.0003869600502514064,3,1675,15,1.1107839469466343e-07,1893,
0.017012542798525893,10.0,0.00035896606697545064,3,2000,14,7.376934597336421e-07,2217,
0.020309176209047358,0.01,0.007693388399301419,4,2,303,-3.6369977379442066e-05,509,-4.413189508741696e-08
0.020309176209047358,0.011937766417144363,0.007634686297299567,4,2,301,-3.62617374502591e-05,507,-4.421947398938967e-08
0.020309176209047358,0.014251026703029978,0.007565810411308881,4,3,298,-3.609749306674518e-05,505,-4.4295750585020836e-08
0.020309176209047358,0.017012542798525893,0.0074852521007533705,4,3,295,-3.593513317297065e-05,502,-4.44301844374019e-08
0.020309176209047358,0.020309176209047358,0.007391376853349734,4,4,291,-3.5715369764522975e-05,499,-4.455287880410531e-08
0.020309176209047358,0.024244620170823284,0.007282452469784527,4,5,287,-3.5494253489354096e-05,496,-4.4676081826294046e-08
0.020309176209047358,0.028942661247167517,0.007156694971831675,4,6,282,-3.521770901728445e-05,492,-4.4847327090062717e-08
0.020309176209047358,0.0345510729459222,0.007012336002509725,4,7,276,-3.4885779481002526e-05,487,-4.506973732753156e-08
0.020309176209047358,0.04124626382901352,0.006847714577280788,4,8,270,-3.455262653537917e-05,482,-4.529709823725639e-08
0.020309176209047358,0.04923882631706739,0.006661394054501468,4,10,262,-3.409929014158771e-05,476,-4.55580511724932e-08
0.020309176209047358,0.05878016072274912,0.006452301861751612,4,12,254,-3.364152663901543e-05,470,-4.5823153861577084e-08
0.020309176209047358,0.07017038286703829,0.006219884796939252,4,14,245,-3.312550287918786e-05,463,-4.6148652659776905e-08
0.020309176209047358,0.0837677640068292,0.005964266979475861,4,17,235,-3.253370649716646e-05,456,-4.645018060703378e-08
0.020309176209047358,0.1,0.005686391693589174,4,20,224,-3.187990944121433e-05,448,-4.681612641155769e-08
0.020309176209047358,0.1193776641714437,0.005388123991075883,4,24,212,-3.1141540026888244e-05,440,-4.7149860748074495e-08
0.020309176209047358,0.14251026703029984,0.005072289931060861,4,29,200,-3.036554048821915e-05,433,-4.737213804714376e-08
0.020309176209047358,0.17012542798525893,0.0047426324572302425,4,34,187,-2.9520848123320426e-05,425,-4.765423923826504e-08
0.020309176209047358,0.20309176209047358,0.004403673850844606,4,41,173,-2.8545461056108353e-05,418,-4.7741271501385385e-08
0.020309176209047358,0.24244620170823283,0.004060489379890798,4,48,160,-2.7605470270436143e-05,412,-4.7727299914308685e-08
0.020309176209047358,0.28942661247167517,0.0037184131490752594,4,58,146,-2.648594712329909e-05,408,-4.730985124910526e-08
0.020309176209047358,0.345510729459222,0.00338271092402905,4,69,133,-2.53619482622738e-05,406,-4.65938202937129e-08
0.020309176209047358,0.41246263829013524,0.003058261753160059,4,82,120,-2.414383556954574e-05,406,-4.548574900065136e-08
0.020309176209047358,0.49238826317067413,0.002749288311854521,4,98,108,-2.285036473935795e-05,410,-4.3747826503595405e-08
0.020309176209047358,0.5878016072274915,0.0024591656545786935,4,118,97,-2.1452740679567366e-05,419,-4.126479318221006e-08
0.020309176209047358,0.701703828670383,0.0021903226605118386,4,140,86,-1.9996278456397344e-05,430,-3.84958387039838e-08
0.020309176209047358,0.837677640068292,0.001944234300316595,4,168,77,-1.8462880358822785e-05,449,-3.489619785065167e-08
0.020309176209047358,1.0,0.0017214898700714898,4,200,68,-1.6859609444439575e-05,472,-3.106502329827457e-08
0.020309176209047358,1.1937766417144369,0.0015219147894301405,4,239,60,-1.5184222255050636e-05,503,-2.685571675813696e-08
0.020309176209047358,1.4251026703029992,0.001344721716025738,4,285,53,-1.3497094987993514e-05,542,-2.260365586145752e-08
0.020309176209047358,1.7012542798525891,0.0011886693555465376,4,340,47,-1.180589277666993e-05,591,-1.845016686983486e-08
0.020309176209047358,2.030917620904737,0.001052212546047797,4,406,41,-1.0080189397913338e-05,651,-1.453230695737463e-08
0.020309176209047358,2.424462017082328,0.00093363314573902,4,485,37,-8.462118739311306e-06,726,-1.1069117229111691e-08
0.020309176209047358,2.8942661247167516,0.0008311466505558083,4,579,33,-6.87981446649418e-06,816,-8.090853404005762e-09
0.020309176209047358,3.4551072945922217,0.0007429836283395437,4,691,29,-5.397319584694657e-06,924,-5.656618999638065e-09
0.020309176209047358,4.1246263829013525,0.0006674478117803971,4,825,26,-4.073358081793584e-06,1055,-3.764517098992259e-09
0.020309176209047358,4.923882631706742,0.0006029541980550558,4,985,24,-2.869734003802315e-06,1213,-2.3181152895104164e-09
0.020309176209047358,5.878016072274912,0.0005480510603616838,4,1176,22,-1.7431885768637478e-06,1402,-1.2233932519677078e-09
0.020309176209047358,7.01703828670383,0.0005014297062192085,4,1403,20,-7.037342192696044e-07,1627,-4.270750207971868e-10
0.020309176209047358,8.376776400682925,0.00046192539224501237,4,1675,18,2.540478626973328e-07,1897,
0.020309176209047358,10.0,0.00042851222569364436,4,2000,17,1.0712836865161384e-06,2221,
0.024244620170823284,0.01,0.009151447004046107,5,2,360,-4.4318361715763195e-05,567,-4.707707851685065e-08
0.024244620170823284,0.011937766417144363,0.009081883332302233,5,2,358,-4.421012178658029e-05,565,-4.716651921070743e-08
0.024244620170823284,0.014251026703029978,0.009000258278580453,5,3,354,-4.399138666990112e-05,562,-4.729442963565529e-08
0.024244620170823284,0.017012542798525893,0.008904781277322239,5,3,351,-4.3829026776126716e-05,559,-4.7431958330945325e-08
0.024244620170823284,0.020309176209047358,0.008793511547884039,5,4,346,-4.355444702478203e-05,555,-4.7608813590116336e-08
0.024244620170823284,0.024244620170823284,0.008664391205725016,5,5,341,-4.327819919852967e-05,551,-4.778742016533023e-08
0.024244620170823284,0.028942661247167517,0.008515299348146503,5,6,335,-4.294621802752438e-05,546,-4.8016791175675734e-08
0.024244620170823284,0.0345510729459222,0.008344131608284348,5,7,329,-4.2612676344280594e-05,541,-4.825023364314575e-08
0.024244620170823284,0.04124626382901352,0.008148908613067694,5,8,321,-4.216938532877769e-05,534,-4.859119806505541e-08
0.024244620170823284,0.04923882631706739,0.00792791444520241,5,10,312,-4.165731087658352e-05,527,-4.8923416729205054e-08
0.024244620170823284,0.05878016072274912,0.00767986228389045,5,12,302,-4.108565101880908e-05,519,-4.931777382581395e-08
0.024244620170823284,0.07017038286703829,0.007404078822162905,5,14,292,-4.0508877655062814e-05,511,-4.9723667765334626e-08
0.024244620170823284,0.0837677640068292,0.007100692245878965,5,17,280,-3.979720466005536e-05,502,-5.0172976122107106e-08
0.024244620170823284,0.1,0.006770801607796169,5,20,267,-3.9021668262047564e-05,492,-5.069856078116563e-08
0.024244620170823284,0.1193776641714437,0.00641660016633541,5,24,253,-3.815445940662463e-05,482,-5.120579155924499e-08
0.024244620170823284,0.14251026703029984,0.006041423969848493,5,29,238,-3.718668855212957e-05,472,-5.168263363371355e-08
0.024244620170823284,0.17012542798525893,0.005649701722816161,5,34,222,-3.6146722984803e-05,461,-5.224420851130688e-08
0.024244620170823284,0.20309176209047358,0.0052467936428893525,5,41,207,-3.5066274984267025e-05,453,-5.2472429197742e-08
0.024244620170823284,0.24244620170823283,0.004838724385429219,5,48,191,-3.390843029175551e-05,444,-5.276426971828008e-08
0.024244620170823284,0.28942661247167517,0.004431834604065345,5,58,175,-3.259544893491698e-05,438,-5.2573304733737064e-08
0.024244620170823284,0.345510729459222,0.004032392213512567,5,69,159,-3.120970821918778e-05,433,-5.215874760877696e-08
0.024244620170823284,0.41246263829013524,0.0036462130176578445,5,82,144,-2.976130659720647e-05,431,-5.1245448373177336e-08
0.024244620170823284,0.49238826317067413,0.0032783383443696535,5,98,129,-2.8152166857248007e-05,432,-4.972475423422355e-08
0.024244620170823284,0.5878016072274915,0.002932805336448333,5,118,115,-2.6400380451517148e-05,438,-4.7346449877182834e-08
0.024244620170823284,0.701703828670383,0.0026125273140055025,5,140,103,-2.4683189800567333e-05,448,-4.44646018889021e-08
0.024244620170823284,0.837677640068292,0.0023192823731622834,5,168,91,-2.273539137107513e-05,464,-4.069775055684364e-08
0.024244620170823284,1.0,0.0020537928290692863,5,200,81,-2.0808108493817057e-05,486,-3.6490089249819473e-08
0.024244620170823284,1.1937766417144369,0.0018158689822199102,5,239,72,-1.8777070306847888e-05,516,-3.177814498180322e-08
0.024244620170823284,1.4251026703029992,0.0016045883562749556,5,285,63,-1.6663046407288165e-05,553,-2.6940190143064357e-08
0.024244620170823284,1.7012542798525891,0.0014184845874659424,5,340,56,-1.4583754420084091e-05,601,-2.2122071506710896e-08
0.024244620170823284,2.030917620904737,0.0012557262865322476,5,406,49,-1.2460419126683571e-05,660,-1.752618871200007e-08
0.024244620170823284,2.424462017082328,0.0011142732703946201,5,485,44,-1.0443524293400668e-05,734,-1.3393254710937554e-08
0.024244620170823284,2.8942661247167516,0.0009920040044254885,5,579,39,-8.470251534593395e-06,823,-9.80852695191231e-09
0.024244620170823284,3.4551072945922217,0.0008868130797406003,5,691,35,-6.6746911896194665e-06,931,-6.899618761235752e-09
0.024244620170823284,4.1246263829013525,0.0007966808618802732,5,825,31,-5.008733019829736e-06,1061,-4.581549357716271e-09
0.024244620170823284,4.923882631706742,0.0007197192666986895,5,985,28,-3.479027785212032e-06,1218,-2.789649580803798e-09
0.024244620170823284,5.878016072274912,0.0006541983023348532,5,1176,26,-2.0992471505723028e-06,1407,-1.4638693136678914e-09
0.024244620170823284,7.01703828670383,0.0005985579449809572,5,1403,24,-8.279544822853566e-07,1632,-4.996828422444456e-10
0.024244620170823284,8.376776400682925,0.0005514094168895975,5,1675,22,3.417493257661238e-07,1902,
0.024244620170823284,10.0,0.0005115292480691822,5,2000,20,1.4036193261803723e-06,2225,
0.028942661247167517,0.01,0.01087850085314367,6,2,428,-5.281197726415488e-05,636,-4.8849320393809095e-08
0.028942661247167517,0.011937766417144363,0.010796180411422605,6,2,425,-5.264961737038044e-05,633,-4.897638825151669e-08
0.028942661247167517,0.014251026703029978,0.010699579512506524,6,3,421,-5.2430548803466374e-05,630,-4.9099629910348336e-08
0.028942661247167517,0.017012542798525893,0.010586575329152088,6,3,417,-5.2214068945100055e-05,626,-4.92734306065039e-08
0.028942661247167517,0.020309176209047358,0.010454865793193725,6,4,412,-5.193883921788982e-05,622,-4.9442958664505574e-08
0.028942661247167517,0.024244620170823284,0.010302008372697869,6,5,406,-5.1607514903428884e-05,617,-4.9658899679986224e-08
0.028942661247167517,0.028942661247167517,0.010125483629559244,6,6,399,-5.122016035297251e-05,611,-4.992412993973694e-08
0.028942661247167517,0.0345510729459222,0.009922788913995116,6,7,391,-5.0776837781179354e-05,604,-5.02422601333604e-08
0.028942661247167517,0.04124626382901352,0.009691566328345776,6,8,382,-5.027760734523567e-05,596,-5.061775868358939e-08
0.028942661247167517,0.04923882631706739,0.0094297663617151,6,10,371,-4.96528533257843e-05,587,-5.103907459169473e-08
0.028942661247167517,0.05878016072274912,0.00913584398395034,6,12,360,-4.902162145167887e-05,578,-5.1471673090801e-08
0.028942661247167517,0.07017038286703829,0.008808977407891482,6,14,347,-4.8276086403395055e-05,567,-5.202837263805132e-08
0.028942661247167517,0.0837677640068292,0.00844929165835295,6,17,333,-4.74449177268896e-05,556,-5.258103303361291e-08
0.028942661247167517,0.1,0.008058060805873431,6,20,317,-4.649394395690096e-05,543,-5.3277196632099916e-08
0.028942661247167517,0.1193776641714437,0.007637856383219195,6,24,301,-4.5498511766088624e-05,531,-5.390563452690468e-08
0.028942661247167517,0.14251026703029984,0.007192607814690348,6,29,283,-4.4339802446304415e-05,518,-5.4584157039472637e-08
0.028942661247167517,0.17012542798525893,0.006727546132136526,6,34,265,-4.315958228175763e-05,505,-5.5290266822646206e-08
0.028942661247167517,0.20309176209047358,0.006249015915908942,6,41,246,-4.181304979260352e-05,493,-5.583709442952235e-08
0.028942661247167517,0.24244620170823283,0.0057641609048926234,6,48,227,-4.043872311459715e-05,481,-5.639360059490874e-08
0.028942661247167517,0.28942661247167517,0.005280511889574865,6,58,208,-3.888015676212405e-05,472,-5.648558339453169e-08
0.028942661247167517,0.345510729459222,0.0048055252784573585,6,69,189,-3.723486913466096e-05,464,-5.63686404484997e-08
0.028942661247167517,0.41246263829013524,0.004346131242577568,6,82,171,-3.5504575338566425e-05,459,-5.5751170370212964e-08
0.028942661247167517,0.49238826317067413,0.003908348275061635,6,98,154,-3.363677389810829e-05,458,-5.4414348871017676e-08
0.028942661247167517,0.5878016072274915,0.003497007015301778,6,118,138,-3.1588411379814955e-05,462,-5.216741210829528e-08
0.028942661247167517,0.701703828670383,0.0031156046352254995,6,140,123,-2.9505543986453644e-05,469,-4.9429645490942906e-08
0.028942661247167517,0.837677640068292,0.0027662881628460435,6,168,109,-2.7201214793515445e-05,483,-4.56120712212681e-08
0.028942661247167517,1.0,0.002449946465093673,6,200,96,-2.4845248810432798e-05,502,-4.1282149425815496e-08
0.028942661247167517,1.1937766417144369,0.0021663795493386878,6,239,85,-2.2407960727945983e-05,530,-3.623538280715715e-08
0.028942661247167517,1.4251026703029992,0.001914510879183109,6,285,75,-1.9924449395146785e-05,566,-3.093858601730867e-08
0.028942661247167517,1.7012542798525891,0.0016926118703600008,6,340,67,-1.7460067823231425e-05,613,-2.5575771698645666e-08
0.028942661247167517,2.030917620904737,0.0014985149691801962,6,406,59,-1.4941748444201183e-05,671,-2.040219078622697e-08
0.028942661247167517,2.424462017082328,0.0013298001233734958,6,485,52,-1.2474154014942955e-05,743,-1.5649814341023427e-08
0.028942661247167517,2.8942661247167516,0.001183947147786992,6,579,47,-1.0165853632726478e-05,832,-1.1540565834990553e-08
0.028942661247167517,3.4551072945922217,0.0010584524601081103,6,691,42,-8.004469961368127e-06,939,-8.145550903008229e-09
0.028942661247167517,4.1246263829013525,0.0009509126475019181,6,825,37,-5.997517081548261e-06,1068,-5.4203574231330535e-09
0.028942661247167517,4.923882631706742,0.0008590795281006082,6,985,34,-4.196600300903641e-06,1225,-3.329683821212702e-09
0.028942661247167517,5.878016072274912,0.0007808922120120203,6,1176,31,-2.5099990775246175e-06,1413,-1.7367351287845739e-09
0.028942661247167517,7.01703828670383,0.0007144915998309098,6,1403,28,-9.530414880624973e-07,1637,-5.720125129417433e-10
0.028942661247167517,8.376776400682925,0.0006582221724297858,6,1675,26,4.279770502418968e-07,1907,
0.028942661247167517,10.0,0.0006106251124617186,6,2000,24,1.6805832016421984e-06,2230,
0.0345510729459222,0.01,0.012921172931345724,7,2,509,-6.195986057870288e-05,718,-4.967279741109453e-08
0.0345510729459222,0.011937766417144363,0.012823916442936446,7,2,505,-6.174338072033661e-05,714,-4.982519425462929e-08
0.0345510729459222,0.014251026703029978,0.01270977838426852,7,3,501,-6.152401469131609e-05,711,-4.993670229157827e-08
0.0345510729459222,0.017012542798525893,0.012576245310117197,7,3,495,-6.119929490376732e-05,705,-5.0171581327895814e-08
0.0345510729459222,0.020309176209047358,0.012420589942786305,7,4,489,-6.086934003704657e-05,700,-5.0365178424775415e-08
0.0345510729459222,0.024244620170823284,0.012239916414678939,7,5,482,-6.0482992440995935e-05,694,-5.0601526371223425e-08
0.0345510729459222,0.028942661247167517,0.012031234729356393,7,6,474,-6.004032573471343e-05,687,-5.088335683812454e-08
0.0345510729459222,0.0345510729459222,0.011791570822991133,7,7,464,-5.9487291141976496e-05,678,-5.1257402583215426e-08
0.0345510729459222,0.04124626382901352,0.011518117201122113,7,8,454,-5.893219744022185e-05,669,-5.164236166727002e-08
0.0345510729459222,0.04923882631706739,0.011208425945798422,7,10,441,-5.819493667059176e-05,658,-5.2116113224129326e-08
0.0345510729459222,0.05878016072274912,0.010860640483717,7,12,428,-5.74502108610703e-05,647,-5.2604302513524434e-08
0.0345510729459222,0.07017038286703829,0.010473754761498455,7,14,412,-5.6536135046259056e-05,633,-5.32616111902806e-08
0.0345510729459222,0.0837677640068292,0.010047878929255759,7,17,396,-5.5585840266813225e-05,620,-5.387060035161771e-08
0.0345510729459222,0.1,0.009584480776807392,7,20,377,-5.4459838763528604e-05,604,-5.467416147651655e-08
0.0345510729459222,0.1193776641714437,0.009086564522353057,7,24,358,-5.3282661857195686e-05,589,-5.542656124619865e-08
0.0345510729459222,0.14251026703029984,0.008558746331420218,7,29,337,-5.193383015191875e-05,573,-5.6237092467534485e-08
0.0345510729459222,0.17012542798525893,0.008007192116180561,7,34,315,-5.0505989134022226e-05,556,-5.715933582392737e-08
0.0345510729459222,0.20309176209047358,0.007439399096490901,7,41,293,-4.8948777654233685e-05,541,-5.787823115716039e-08
0.0345510729459222,0.24244620170823283,0.006863826759376014,7,48,270,-4.730519011603395e-05,525,-5.8705870086912325e-08
0.0345510729459222,0.28942661247167517,0.006289410366928053,7,58,248,-4.550299468333173e-05,513,-5.9024275778721174e-08
0.0345510729459222,0.345510729459222,0.005725013879016549,7,69,225,-4.3546178156451925e-05,501,-5.924650089313187e-08
0.0345510729459222,0.41246263829013524,0.005178892058757436,7,82,204,-4.153646016873837e-05,493,-5.890359658621925e-08
0.0345510729459222,0.49238826317067413,0.00465822954587452,7,98,183,-3.930467778616895e-05,488,-5.79441528867923e-08
0.0345510729459222,0.5878016072274915,0.004168808451584368,7,118,164,-3.6908911719270155e-05,489,-5.5959900114121775e-08
0.0345510729459222,0.701703828670383,0.0037148306098324707,7,140,146,-3.446370514420356e-05,493,-5.344535876217908e-08
0.0345510729459222,0.837677640068292,0.00329889334432165,7,168,130,-3.180637401474636e-05,505,-4.968193379373064e-08
0.0345510729459222,1.0,0.002922095232345969,7,200,115,-2.9079336237394048e-05,522,-4.5323154983469525e-08
0.0345510729459222,1.1937766417144369,0.0025842349099810227,7,239,102,-2.6239379080782648e-05,548,-4.011646752810458e-08
0.0345510729459222,1.4251026703029992,0.0022840621685928687,7,285,90,-2.333551446370103e-05,582,-3.454042993443018e-08
0.0345510729459222,1.7012542798525891,0.002019544523090419,7,340,80,-2.043489403171951e-05,627,-2.8773435696591818e-08
0.0345510729459222,2.030917620904737,0.0017881209359584367,7,406,70,-1.7470095901296358e-05,683,-2.3114707464006827e-08
0.0345510729459222,2.424462017082328,0.0015869243592200818,7,485,62,-1.4608150075042154e-05,754,-1.7847901078880552e-08
0.0345510729459222,2.8942661247167516,0.00141296393893168,7,579,56,-1.1912512019515832e-05,842,-1.3232595773922323e-08
0.0345510729459222,3.4551072945922217,0.001263264889353328,7,691,50,-9.386660439191504e-06,948,-9.386660439191504e-09
0.0345510729459222,4.1246263829013525,0.0011349688470290876,7,825,45,-7.093830894241383e-06,1077,-6.3123606462372155e-09
0.0345510729459222,4.923882631706742,0.0010254001888988478,7,985,40,-4.9142100731702315e-06,1232,-3.858519215742958e-09
0.0345510729459222,5.878016072274912,0.0009321048381929926,7,1176,37,-2.975441671516094e-06,1420,-2.0400976849295804e-09
0.0345510729459222,7.01703828670383,0.0008528680283021932,7,1403,34,-1.1872935324650678e-06,1644,-7.069916709133645e-10
0.0345510729459222,8.376776400682925,0.0007857168143045835,7,1675,31,4.5908901368217687e-07,1913,
0.0345510729459222,10.0,0.0007289121606048493,7,2000,29,1.9017606678117308e-06,2236,
0.04124626382901352,0.01,0.015332952146212369,8,2,604,-7.181691113404497e-05,814,-4.979815771762146e-08
0.04124626382901352,0.011937766417144363,0.015218272687022595,8,2,599,-7.154631131108723e-05,809,-4.996390353856758e-08
0.04124626382901352,0.014251026703029978,0.015083673361493048,8,3,594,-7.127256255776009e-05,805,-5.009457853591617e-08
0.04124626382901352,0.017012542798525893,0.01492618285289863,8,3,588,-7.094784277021091e-05,799,-5.02990689747121e-08
0.04124626382901352,0.020309176209047358,0.01474257481638801,8,4,581,-7.05632060166488e-05,793,-5.0501850803475995e-08
0.04124626382901352,0.024244620170823284,0.014529420427965012,8,5,572,-7.006776658755146e-05,785,-5.0778159396144195e-08
0.04124626382901352,0.028942661247167517,0.014283175302969032,8,6,562,-6.951572695943189e-05,776,-5.109647106861688e-08
0.04124626382901352,0.0345510729459222,0.014000308383055524,8,7,551,-6.890716693604392e-05,766,-5.146012586333786e-08
0.04124626382901352,0.04124626382901352,0.013677478786228485,8,8,539,-6.824216371321184e-05,755,-5.187309108912694e-08
0.04124626382901352,0.04923882631706739,0.013311762930256838,8,10,524,-6.739256356007871e-05,742,-5.2365701777894195e-08
0.04124626382901352,0.05878016072274912,0.012900927931527318,8,12,508,-6.648041577687457e-05,728,-5.2916785354746065e-08
0.04124626382901352,0.07017038286703829,0.01244373819141651,8,14,490,-6.545213337501064e-05,712,-5.357902208170485e-08
0.04124626382901352,0.0837677640068292,0.01194027081533185,8,17,470,-6.427483115707451e-05,695,-5.4295346474974237e-08
0.04124626382901352,0.1,0.01139220378633924,8,20,449,-6.302831962031521e-05,677,-5.509661143773839e-08
0.04124626382901352,0.1193776641714437,0.010803031588247766,8,24,425,-6.156173968166693e-05,657,-5.601614165756772e-08
0.04124626382901352,0.14251026703029984,0.010178160035252473,8,29,401,-6.002357919910379e-05,638,-5.689223081504378e-08
0.04124626382901352,0.17012542798525893,0.009524838978431009,8,34,375,-5.834896768760173e-05,617,-5.794336413863131e-08
0.04124626382901352,0.20309176209047358,0.008851910041658306,8,41,349,-5.652821461757348e-05,598,-5.8824732161144564e-08
0.04124626382901352,0.24244620170823283,0.008169374913597705,8,48,322,-5.461667261798672e-05,578,-5.982897272148225e-08
0.04124626382901352,0.28942661247167517,0.007487822350341502,8,58,295,-5.246451002080707e-05,561,-6.045691405946886e-08
0.04124626382901352,0.345510729459222,0.006817780494773665,8,69,268,-5.019825975376928e-05,545,-6.094092622950673e-08
0.04124626382901352,0.41246263829013524,0.006169077003041725,8,82,243,-4.785740873731233e-05,533,-6.090898632758786e-08
0.04124626382901352,0.49238826317067413,0.00555028778249989,8,98,219,-4.531859935337237e-05,525,-6.020325117351131e-08
0.04124626382901352,0.5878016072274915,0.0049683364297471175,8,118,196,-4.252457855996873e-05,522,-5.858671134129936e-08
0.04124626382901352,0.701703828670383,0.0044282765586028975,8,140,174,-3.9666127583542014e-05,522,-5.642728972280359e-08
0.04124626382901352,0.837677640068292,0.003933256782612364,8,168,155,-3.6605389563781284e-05,531,-5.288267778645085e-08
0.04124626382901352,1.0,0.003484641253841953,8,200,137,-3.3456651487343856e-05,545,-4.866563607282227e-08
0.04124626382901352,1.1937766417144369,0.003082242298861274,8,239,121,-3.0163134361798328e-05,568,-4.347275216447355e-08
0.04124626382901352,1.4251026703029992,0.0027246168011506567,8,285,107,-2.6842211393969422e-05,600,-3.773789702222672e-08
0.04124626382901352,1.7012542798525891,0.002409382369220126,8,340,95,-2.3508293592892076e-05,643,-3.169087839430046e-08
0.04124626382901352,2.030917620904737,0.0021335192867950234,8,406,84,-2.01537396169617e-05,698,-2.566178519018246e-08
0.04124626382901352,2.424462017082328,0.0018936360674583204,8,485,75,-1.6899654511255254e-05,768,-1.997595095893056e-08
0.04124626382901352,2.8942661247167516,0.0016861873946313263,8,579,66,-1.3710237846102382e-05,853,-1.4875914506859926e-08
0.04124626382901352,3.4551072945922217,0.0015076418229178804,8,691,59,-1.082126714666352e-05,958,-1.0615746298327892e-08
0.04124626382901352,4.1246263829013525,0.001354602413842113,8,825,53,-8.18943524606549e-06,1086,-7.176664370149932e-09
0.04124626382901352,4.923882631706742,0.0012238867331704336,8,985,48,-5.740095421916348e-06,1241,-4.446515215440421e-09
0.04124626382901352,5.878016072274912,0.0011125739292226875,8,1176,44,-3.495572257884704e-06,1428,-2.371873478642862e-09
0.04124626382901352,7.01703828670383,0.0010180265847858183,8,1403,40,-1.4224676240039146e-06,1651,-8.404038898758801e-10
0.04124626382901352,8.376776400682925,0.0009378942470611244,8,1675,37,4.3505228679148585e-07,1920,
0.04124626382901352,10.0,0.0008701044065679178,8,2000,34,2.1218898284183427e-06,2242,
0.04923882631706739,0.01,0.01817471325178686,10,2,716,-8.716715343525201e-05,928,-5.211351721545103e-08
0.04923882631706739,0.011937766417144363,0.018039799020251535,10,2,710,-8.68424336477037e-05,922,-5.230211614532866e-08
0.04923882631706739,0.014251026703029978,0.017881430656953495,10,3,704,-8.651413858654054e-05,917,-5.245951792824258e-08
0.04923882631706739,0.017012542798525893,0.017696102022733244,10,3,697,-8.613529883439931e-05,910,-5.2686006822763324e-08
0.04923882631706739,0.020309176209047358,0.017480002937065895,10,4,688,-8.564142213281493e-05,902,-5.294612872348715e-08
0.04923882631706739,0.024244620170823284,0.01722907988453401,10,5,678,-8.509030629377589e-05,893,-5.324400313729625e-08
0.04923882631706739,0.028942661247167517,0.01693913703558808,10,6,667,-8.44820505491479e-05,883,-5.358224278176161e-08
0.04923882631706739,0.0345510729459222,0.016605986622412354,10,7,654,-8.376263094719277e-05,871,-5.39999941638469e-08
0.04923882631706739,0.04124626382901352,0.01622565589903424,10,8,639,-8.293214039951365e-05,857,-5.450467967054448e-08
0.04923882631706739,0.04923882631706739,0.015794653671718457,10,10,622,-8.196658260704843e-05,842,-5.505251101972518e-08
0.04923882631706739,0.05878016072274912,0.015310292055195617,10,12,603,-8.088250307463985e-05,825,-5.5699599946726055e-08
0.04923882631706739,0.07017038286703829,0.014771048477153978,10,14,582,-7.968054438310142e-05,806,-5.645977012577336e-08
0.04923882631706739,0.0837677640068292,0.014176939685522586,10,17,558,-7.826674074836274e-05,785,-5.732483282187527e-08
0.04923882631706739,0.1,0.01352986558578695,10,20,533,-7.678035661542315e-05,763,-5.828527359747302e-08
0.04923882631706739,0.1193776641714437,0.01283386958785925,10,24,505,-7.506136997920917e-05,739,-5.937460052144373e-08
0.04923882631706739,0.14251026703029984,0.01209525824479763,10,29,476,-7.320096629867152e-05,715,-6.049466653885121e-08
0.04923882631706739,0.17012542798525893,0.011322530586781733,10,34,446,-7.125175487151481e-05,690,-6.175185023184739e-08
0.04923882631706739,0.20309176209047358,0.010526088864990922,10,41,415,-6.906992240038517e-05,666,-6.292813629772702e-08
0.04923882631706739,0.24244620170823283,0.009717735634254467,10,48,383,-6.67886223065369e-05,641,-6.426184650207528e-08
0.04923882631706739,0.28942661247167517,0.008910000731588912,10,58,351,-6.421265796371632e-05,619,-6.525411361704435e-08
0.04923882631706739,0.345510729459222,0.008115375847451345,10,69,320,-6.155011181091363e-05,599,-6.605506740814943e-08
0.04923882631706739,0.41246263829013524,0.007345554010803144,10,82,289,-5.866228381836632e-05,581,-6.654372228590943e-08
0.04923882631706739,0.49238826317067413,0.006610770247771378,10,98,260,-5.557180258995156e-05,568,-6.628316148610635e-08
0.04923882631706739,0.5878016072274915,0.005919318267168542,10,118,233,-5.2207318911219844e-05,561,-6.49894424528455e-08
0.04923882631706739,0.701703828670383,0.00527728297553008,10,140,208,-4.880245538284629e-05,558,-6.302621058844702e-08
0.04923882631706739,0.837677640068292,0.004688490123844449,10,168,185,-4.505358034223686e-05,563,-5.964201792723968e-08
0.04923882631706739,1.0,0.004154642125371612,10,200,164,-4.123393208502708e-05,574,-5.5380267654758625e-08
0.04923882631706739,1.1937766417144369,0.0036755891080884956,10,239,145,-3.720621194056007e-05,594,-4.995463472148237e-08
0.04923882631706739,1.4251026703029992,0.0032496779165643802,10,285,128,-3.311439358963443e-05,623,-4.379515631068406e-08
0.04923882631706739,1.7012542798525891,0.0028741265892501867,10,340,113,-2.897685529781247e-05,663,-3.712506444141402e-08
0.04923882631706739,2.030917620904737,0.002545383444190543,10,406,100,-2.4850609091495052e-05,716,-3.030562084328665e-08
0.04923882631706739,2.424462017082328,0.0022594438980001468,10,485,89,-2.0818757326074627e-05,784,-2.375052172820415e-08
0.04923882631706739,2.8942661247167516,0.002012111216609718,10,579,79,-1.6917736683174336e-05,868,-1.7805145115742965e-08
0.04923882631706739,3.4551072945922217,0.0017991977179238894,10,691,71,-1.3360667744051934e-05,972,-1.2775059037760971e-08
0.04923882631706739,4.1246263829013525,0.0016166699552386634,10,825,64,-1.0107918569626741e-05,1099,-8.672156362286576e-09
0.04923882631706739,4.923882631706742,0.0014607453827216374,10,985,58,-7.067247236570317e-06,1253,-5.381207349747447e-09
0.04923882631706739,5.878016072274912,0.00132794961946383,10,1176,52,-4.2128072435532834e-06,1438,-2.8234459570219314e-09
0.04923882631706739,7.01703828670383,0.0012151434496034306,10,1403,48,-1.6790898256750802e-06,1661,-9.813958722062284e-10
0.04923882631706739,8.376776400682925,0.0011195277897640163,10,1675,44,6.541743874719506e-07,1929,
0.04923882631706739,10.0,0.001038633522030436,10,2000,41,2.721061179305386e-06,2251,
0.05878016072274912,0.01,0.021515063192362807,12,2,847,-0.00010336057217585737,1061,-5.322706458476186e-08
0.05878016072274912,0.011937766417144363,0.021356770984830076,12,2,841,-0.00010303585238830827,1055,-5.339641196715878e-08
0.05878016072274912,0.014251026703029978,0.021170933652623354,12,3,834,-0.00010265313544211947,1049,-5.356672829850313e-08
0.05878016072274912,0.017012542798525893,0.02095342295783221,12,3,825,-0.00010216605576079638,1040,-5.3828269631610314e-08
0.05878016072274912,0.020309176209047358,0.020699748383947596,12,4,815,-0.0001016172147775171,1031,-5.4091991258126845e-08
0.05878016072274912,0.024244620170823284,0.020405126811984614,12,5,804,-0.00010101060811994783,1021,-5.438982538927601e-08
0.05878016072274912,0.028942661247167517,0.0200645993249699,12,6,790,-0.00010023811047847229,1008,-5.47868990372061e-08
0.05878016072274912,0.0345510729459222,0.019673205885323636,12,7,775,-9.940807272644472e-05,994,-5.522670707024707e-08
0.05878016072274912,0.04124626382901352,0.019226226608954473,12,8,757,-9.841236233639179e-05,977,-5.578046700999376e-08
0.05878016072274912,0.04923882631706739,0.018719493508484675,12,10,737,-9.727733541116616e-05,959,-5.637697070448001e-08
0.05878016072274912,0.05878016072274912,0.018149768105208672,12,12,715,-9.602202331423002e-05,939,-5.706764728053608e-08
0.05878016072274912,0.07017038286703829,0.01751516792192029,12,14,690,-9.45930501196545e-05,916,-5.7904658496360485e-08
0.05878016072274912,0.0837677640068292,0.016815609289962726,12,17,662,-9.294405625124847e-05,891,-5.884471867402466e-08
0.05878016072274912,0.1,0.01605321738291634,12,20,632,-9.116513686660077e-05,864,-5.992659922341764e-08
0.05878016072274912,0.1193776641714437,0.015232640911071982,12,24,600,-8.919587921554381e-05,836,-6.109306795585193e-08
0.05878016072274912,0.14251026703029984,0.01436120372910919,12,29,566,-8.701615388878608e-05,807,-6.234856688600648e-08
0.05878016072274912,0.17012542798525893,0.013448833835352347,12,34,530,-8.468724108066185e-05,776,-6.380895198964876e-08
0.05878016072274912,0.20309176209047358,0.012507734629276561,12,41,493,-8.209486286439726e-05,746,-6.522090922873812e-08
0.05878016072274912,0.24244620170823283,0.011551802007892742,12,48,455,-7.939453458955176e-05,715,-6.681916730310702e-08
0.05878016072274912,0.28942661247167517,0.010595836514847672,12,58,417,-7.634773950359224e-05,687,-6.812626218331034e-08
0.05878016072274912,0.345510729459222,0.009654640721797537,12,69,380,-7.318848087043438e-05,661,-6.929414965956672e-08
0.05878016072274912,0.41246263829013524,0.008742116348536036,12,82,344,-6.981685901648331e-05,638,-7.011414298273009e-08
0.05878016072274912,0.49238826317067413,0.007870475684785619,12,98,310,-6.618535992983664e-05,620,-7.023064508683854e-08
0.05878016072274912,0.5878016072274915,0.007049657644396095,12,118,278,-6.220867254335244e-05,608,-6.934264373032866e-08
0.05878016072274912,0.701703828670383,0.006286997865398857,12,140,248,-5.816143872041011e-05,600,-6.779354569238404e-08
0.05878016072274912,0.837677640068292,0.005587156629362595,12,168,220,-5.36839990703726e-05,600,-6.477316490151135e-08
0.05878016072274912,1.0,0.0049522696089485865,12,200,195,-4.9152559692429704e-05,607,-6.069715941273118e-08
0.05878016072274912,1.1937766417144369,0.004382261993265812,12,239,173,-4.4403930945625325e-05,624,-5.5234265779711065e-08
0.05878016072274912,1.4251026703029992,0.0038752582470251476,12,285,153,-3.9554041058522245e-05,650,-4.888525936637612e-08
0.05878016072274912,1.7012542798525891,0.003428024892631722,12,340,135,-3.462402127173959e-05,687,-4.184677456096156e-08
0.05878016072274912,2.030917620904737,0.0030363971582064034,12,406,120,-2.9735771055442323e-05,738,-3.446426872443478e-08
0.05878016072274912,2.424462017082328,0.00269565685203796,12,485,106,-2.488107591531806e-05,803,-2.724483806591702e-08
0.05878016072274912,2.8942661247167516,0.002400844413077487,12,579,95,-2.0275517799715473e-05,886,-2.058846242863066e-08
0.05878016072274912,3.4551072945922217,0.0021470004911157328,12,691,85,-1.6001547260195658e-05,988,-1.4865800130244942e-08
0.05878016072274912,4.1246263829013525,0.001929340900205721,12,825,76,-1.2077692226693096e-05,1113,-1.01319521380936e-08
0.05878016072274912,4.923882631706742,0.0017433736546819574,12,985,69,-8.448643078086272e-06,1266,-6.315514799430594e-09
0.05878016072274912,5.878016072274912,0.0015849688282841118,12,1176,62,-5.040522494774805e-06,1450,-3.328219913617086e-09
0.05878016072274912,7.01703828670383,0.001450392077494523,12,1403,57,-1.9934832680593494e-06,1672,-1.151450526812156e-09
0.05878016072274912,8.376776400682925,0.0013363116380040328,12,1675,53,7.605377725622953e-07,1940,
0.05878016072274912,10.0,0.0012397870409376177,12,2000,49,3.2611608407250043e-06,2261,
0.07017038286703829,0.01,0.025430405583017287,14,2,1001,-0.00012061931234902076,1217,-5.341770400392409e-08
0.07017038286703829,0.011937766417144363,0.025245270675908628,14,2,994,-0.00012024047259688047,1210,-5.3588829730844855e-08
0.07017038286703829,0.014251026703029978,0.02502788282631345,14,3,986,-0.0001198034493508694,1203,-5.376112857015194e-08
0.07017038286703829,0.017012542798525893,0.02477339377189776,14,3,976,-0.0001192622497049546,1193,-5.401272155620125e-08
0.07017038286703829,0.020309176209047358,0.024476523898957415,14,4,964,-0.00011860446954676444,1182,-5.429215473448404e-08
0.07017038286703829,0.024244620170823284,0.02413164158964915,14,5,950,-0.00011783430541431478,1169,-5.462879249620527e-08
0.07017038286703829,0.028942661247167517,0.023732897443411533,14,6,935,-0.00011700600604641208,1155,-5.499953278481342e-08
0.07017038286703829,0.0345510729459222,0.02327442612352275,14,7,917,-0.00011601145620577257,1138,-5.546329085030815e-08
0.07017038286703829,0.04124626382901352,0.022750626360545527,14,8,896,-0.0001148507766479554,1118,-5.602914210277651e-08
0.07017038286703829,0.04923882631706739,0.022156524146191327,14,10,873,-0.00011354685156464897,1097,-5.663410588185512e-08
0.07017038286703829,0.05878016072274912,0.02148821442101984,14,12,846,-0.00011201272400548303,1072,-5.7388271582446835e-08
0.07017038286703829,0.07017038286703829,0.020743362199240407,14,14,817,-0.00011035747181703966,1045,-5.824596861582941e-08
0.07017038286703829,0.0837677640068292,0.019921725846968323,14,17,785,-0.00010847452297519653,1016,-5.9198058816413736e-08
0.07017038286703829,0.1,0.019025645671462765,14,20,749,-0.00010635032322438325,983,-6.035910192307615e-08
0.07017038286703829,0.1193776641714437,0.01806042467615828,14,24,711,-0.0001040245724281816,949,-6.160987208795195e-08
0.07017038286703829,0.14251026703029984,0.017034521439941785,14,29,671,-0.00010147417047781654,914,-6.29554859525862e-08
0.07017038286703829,0.17012542798525893,0.015959483703513275,14,34,628,-9.871441167000027e-05,876,-6.455635376556468e-08
0.07017038286703829,0.20309176209047358,0.014849578893731043,14,41,585,-9.571590816075104e-05,840,-6.608389130126418e-08
0.07017038286703829,0.24244620170823283,0.013721122702461496,14,48,540,-9.25470470343183e-05,802,-6.786964434901607e-08
0.07017038286703829,0.28942661247167517,0.01259156059473997,14,58,496,-8.903618456304679e-05,768,-6.935146479549381e-08
0.07017038286703829,0.345510729459222,0.011478406261790924,14,69,452,-8.533357362514268e-05,735,-7.081154249107337e-08
0.07017038286703829,0.41246263829013524,0.010398171285764002,14,82,409,-8.137860516015088e-05,705,-7.199352875203551e-08
0.07017038286703829,0.49238826317067413,0.00936542218112258,14,98,369,-7.716222623133264e-05,681,-7.246912565398084e-08
0.07017038286703829,0.5878016072274915,0.008392073913792767,14,118,330,-7.247700798520189e-05,662,-7.210207718384589e-08
0.07017038286703829,0.701703828670383,0.007486981487563671,14,140,295,-6.77992762595542e-05,649,-7.093458491269534e-08
0.07017038286703829,0.837677640068292,0.006655837200537116,14,168,262,-6.260654627372905e-05,644,-6.831196127981958e-08
0.07017038286703829,1.0,0.005901334587272763,14,200,232,-5.732212645512879e-05,646,-6.460432609224686e-08
0.07017038286703829,1.1937766417144369,0.005223530025974874,14,239,206,-5.181129352420515e-05,659,-5.933224946659011e-08
0.07017038286703829,1.4251026703029992,0.004620322090058374,14,285,182,-4.616130200902147e-05,681,-5.304189687114661e-08
0.07017038286703829,1.7012542798525891,0.0040879739851477906,14,340,161,-4.045015182843789e-05,715,-4.583898262594385e-08
0.07017038286703829,2.030917620904737,0.0036216198937383485,14,406,143,-3.475637482615098e-05,763,-3.812176416679571e-08
0.07017038286703829,2.424462017082328,0.003215715493064532,14,485,127,-2.9139476594241567e-05,826,-3.041445035304105e-08
0.07017038286703829,2.8942661247167516,0.0028644114859783165,14,579,113,-2.372954853135954e-05,906,-2.3184254857120077e-08
0.07017038286703829,3.4551072945922217,0.002561843901856309,14,691,101,-1.8744009518206216e-05,1006,-1.6870688290436182e-08
0.07017038286703829,4.1246263829013525,0.0023023452301861934,14,825,91,-1.4207001631288701e-05,1130,-1.1600961614261089e-08
0.07017038286703829,4.923882631706742,0.0020805864317567837,14,985,82,-9.93839064253361e-06,1281,-7.274051177308905e-09
0.07017038286703829,5.878016072274912,0.0018916624429856127,14,1176,74,-5.97869702406055e-06,1464,-3.879852185689798e-09
0.07017038286703829,7.01703828670383,0.0017311340167166195,14,1403,68,-2.419743512857384e-06,1685,-1.3782058146272662e-09
0.07017038286703829,8.376776400682925,0.001595037581864448,14,1675,63,8.082863642229001e-07,1952,
0.07017038286703829,10.0,0.001479872981230975,14,2000,58,3.7422105896666163e-06,2272,
0.0837677640068292,0.01,0.030004585267369387,17,2,1182,-0.00014347680051904316,1401,-5.454810914390983e-08
0.0837677640068292,0.011937766417144363,0.029788854801422005,17,2,1173,-0.00014298972083771978,1392,-5.474506142520436e-08
0.0837677640068292,0.014251026703029978,0.029535491166428646,17,3,1163,-0.00014244437695903325,1383,-5.494436955511751e-08
0.0837677640068292,0.017012542798525893,0.029238817656040694,17,3,1151,-0.00014179493738393468,1371,-5.521523706170257e-08
0.0837677640068292,0.020309176209047358,0.02889264448654006,17,4,1138,-0.00014108223884608904,1359,-5.5489136308107326e-08
0.0837677640068292,0.024244620170823284,0.028490358305926274,17,5,1122,-0.00014020233831950297,1344,-5.583792866226302e-08
0.0837677640068292,0.028942661247167517,0.028025075293400495,17,6,1104,-0.0001392095036605181,1327,-5.624262821818311e-08
0.0837677640068292,0.0345510729459222,0.02748987295259702,17,7,1083,-0.0001380497581865212,1307,-5.6733088203163245e-08
0.0837677640068292,0.04124626382901352,0.02687811331276591,17,8,1058,-0.00013666912076723846,1283,-5.7344007840843214e-08
0.0837677640068292,0.04923882631706739,0.026183864087509716,17,10,1031,-0.00013513990288007365,1258,-5.799398468830405e-08
0.0837677640068292,0.05878016072274912,0.025402413253427764,17,12,1000,-0.00013337811829655525,1229,-5.87827758028009e-08
0.0837677640068292,0.07017038286703829,0.024530855963182573,17,14,966,-0.00013143885264358909,1197,-5.970042906360216e-08
0.0837677640068292,0.0837677640068292,0.023568711475712465,17,17,928,-0.00012920713294314128,1162,-6.074275684641266e-08
0.0837677640068292,0.1,0.02251850469135828,17,20,887,-0.00012678390234084676,1124,-6.19521824502789e-08
0.0837677640068292,0.1193776641714437,0.021386227162789918,17,24,842,-0.00012403519462237175,1083,-6.332591062469201e-08
0.0837677640068292,0.14251026703029984,0.020181583278429182,17,29,795,-0.00012104188208412892,1041,-6.480451980090423e-08
0.0837677640068292,0.17012542798525893,0.018917935984733777,17,34,745,-0.00011783051910169296,996,-6.65408397908815e-08
0.0837677640068292,0.20309176209047358,0.017611897387926498,17,41,694,-0.00011428475644666731,952,-6.828025311076098e-08
0.0837677640068292,0.24244620170823283,0.016282561274074136,17,48,641,-0.00011055656848591962,906,-7.029998504802092e-08
0.0837677640068292,0.28942661247167517,0.014950437688350714,17,58,589,-0.00010641573098171578,864,-7.20700350691579e-08
0.0837677640068292,0.345510729459222,0.013636208612977417,17,69,537,-0.00010204670739754225,823,-7.386766901984991e-08
0.0837677640068292,0.41246263829013524,0.012359461502477824,17,82,487,-9.742164793889546e-05,786,-7.537574890048238e-08
0.0837677640068292,0.49238826317067413,0.01113756221598779,17,98,439,-9.240042316551276e-05,754,-7.632866042617694e-08
0.0837677640068292,0.5878016072274915,0.009984799196660675,17,118,393,-8.686322905295408e-05,728,-7.641567761010106e-08
0.0837677640068292,0.701703828670383,0.008911875954599585,17,140,351,-8.128823257298325e-05,708,-7.575508142565352e-08
0.0837677640068292,0.837677640068292,0.007925765234448143,17,168,312,-7.512775747308183e-05,697,-7.354794755950369e-08
0.0837677640068292,1.0,0.007029882265932337,17,200,277,-6.887257811180826e-05,694,-7.012929507963533e-08
0.0837677640068292,1.1937766417144369,0.006224497505826153,17,239,245,-6.224210883843588e-05,701,-6.512043192972994e-08
0.0837677640068292,1.4251026703029992,0.005507294876732362,17,285,217,-5.55224454866474e-05,719,-5.877381281137253e-08
0.0837677640068292,1.7012542798525891,0.004873986562493416,17,340,192,-4.868709691791987e-05,749,-5.1320884721844955e-08
0.0837677640068292,2.030917620904737,0.004318913065225746,17,406,170,-4.183004907831793e-05,793,-4.3132655267393206e-08
0.0837677640068292,2.424462017082328,0.0038355800312448226,17,485,151,-3.508954081768591e-05,853,-3.474074375043158e-08
0.0837677640068292,2.8942661247167516,0.003417105459024302,17,579,135,-2.8616199151252782e-05,931,-2.6709164785563542e-08
0.0837677640068292,3.4551072945922217,0.0030565688533355133,17,691,120,-2.257379842469803e-05,1028,-1.958171272093861e-08
0.0837677640068292,4.1246263829013525,0.0027472664271253615,17,825,108,-1.7098022995048504e-05,1150,-1.3544919667793035e-08
0.0837677640068292,4.923882631706742,0.002482883837306958,17,985,98,-1.1983844905919248e-05,1300,-8.548166019401425e-09
0.0837677640068292,5.878016072274912,0.002257601215682105,17,1176,89,-7.227714852999314e-06,1482,-4.590307675159609e-09
0.0837677640068292,7.01703828670383,0.002066145681656764,17,1403,81,-2.8764616018994688e-06,1701,-1.6112464441192607e-09
0.0837677640068292,8.376776400682925,0.0019038052397702273,17,1675,75,1.033893348375697e-06,1967,
0.0837677640068292,10.0,0.0017664158494943086,17,2000,70,4.535768810522637e-06,2287,
0.1,0.01,0.03532794624750225,20,2,1391,-0.00016747549562903469,1613,-5.473699377346181e-08
0.1,0.011937766417144363,0.035077644440639856,20,2,1381,-0.000166934295983119,1603,-5.4926328945104364e-08
0.1,0.014251026703029978,0.034783611076155865,20,3,1370,-0.00016633496739280776,1593,-5.511795592577631e-08
0.1,0.017012542798525893,0.0344392229479865,20,3,1356,-0.00016557728788852699,1579,-5.5391098703525635e-08
0.1,0.020309176209047358,0.03403724738803371,20,4,1340,-0.00016470170440256016,1564,-5.568761982775229e-08
0.1,0.024244620170823284,0.0335699420840513,20,5,1322,-0.00016371239586247165,1547,-5.602981500351542e-08
0.1,0.028942661247167517,0.033029228175026286,20,6,1301,-0.00016255540701999368,1527,-5.644206574214028e-08
0.1,0.0345510729459222,0.03240695446932074,20,7,1276,-0.00016117677757726483,1503,-5.6952119962002245e-08
0.1,0.04124626382901352,0.03169526812520988,20,8,1248,-0.0001596307822907012,1476,-5.754700290228312e-08
0.1,0.04923882631706739,0.03088710031236094,20,10,1216,-0.00015782324881065095,1446,-5.822361095927565e-08
0.1,0.05878016072274912,0.029976762857664534,20,12,1180,-0.0001557809545167458,1412,-5.9025823930261374e-08
0.1,0.07017038286703829,0.028960632947427078,20,14,1140,-0.00015350497854518428,1374,-5.99722529087296e-08
0.1,0.0837677640068292,0.027837878359057263,20,17,1096,-0.0001509268861916231,1333,-6.103382596189931e-08
0.1,0.1,0.026611148518301053,20,20,1048,-0.00014809906353786172,1288,-6.228092767538929e-08
0.1,0.1193776641714437,0.025287132852420305,20,24,996,-0.0001449313448873909,1240,-6.368257209970423e-08
0.1,0.14251026703029984,0.02387687573043725,20,29,940,-0.0001413923120054669,1189,-6.52599981563126e-08
0.1,0.17012542798525893,0.022395745442150814,20,34,882,-0.00013768109307976065,1136,-6.70542220640929e-08
0.1,0.20309176209047358,0.02086298884787106,20,41,822,-0.00013354270978067234,1083,-6.891175396860091e-08
0.1,0.24244620170823283,0.0193008623846943,20,48,760,-0.0001292102653227913,1028,-7.105711907324641e-08
0.1,0.28942661247167517,0.017733403838891902,20,58,698,-0.00012434475289619447,976,-7.306145582412479e-08
0.1,0.345510729459222,0.016184979779222612,20,69,637,-0.00011927026180853481,926,-7.5084522190103e-08
0.1,0.41246263829013524,0.014678790667366019,20,82,578,-0.00011388447479631175,880,-7.689078183827896e-08
0.1,0.49238826317067413,0.013235524795122465,20,98,521,-0.00010802518899185,839,-7.823150328195157e-08
0.1,0.5878016072274915,0.01187232041734585,20,118,468,-0.00010166052446055695,806,-7.864079186564526e-08
0.1,0.701703828670383,0.010602132812037923,20,140,418,-9.515865937005638e-05,778,-7.846713121747508e-08
0.1,0.837677640068292,0.009433528187884734,20,168,371,-8.79498862842456e-05,759,-7.682286283170189e-08
0.1,1.0,0.008370859126848401,20,200,330,-8.069690072514836e-05,750,-7.381714299775737e-08
0.1,1.1937766417144369,0.007414730578106972,20,239,292,-7.297418358613018e-05,751,-6.919082905348558e-08
0.1,1.4251026703029992,0.00656264630107882,20,285,258,-6.510234235442966e-05,763,-6.31252592351837e-08
0.1,1.7012542798525891,0.005809729955439129,20,340,229,-5.7166972399993095e-05,789,-5.5655372483345425e-08
0.1,2.030917620904737,0.005149434894732201,20,406,203,-4.91682139263632e-05,829,-4.727167435138561e-08
0.1,2.424462017082328,0.004574183331205123,20,485,180,-4.1267039201116335e-05,885,-3.84881917563107e-08
0.1,2.8942661247167516,0.004075901804747994,20,579,161,-3.369583965824472e-05,960,-2.988703581409629e-08
0.1,3.4551072945922217,0.0036464415005581672,20,691,144,-2.6660524381001605e-05,1055,-2.2129323998972082e-08
0.1,4.1246263829013525,0.003277887247529346,20,825,129,-2.0196678601944542e-05,1174,-1.5438997218952222e-08
0.1,4.923882631706742,0.0029627681839825117,20,985,117,-1.4191704237625674e-05,1322,-9.830228470038841e-09
0.1,5.878016072274912,0.0026941872782384442,20,1176,106,-8.58992148855508e-06,1502,-5.327942172725574e-09
0.1,7.01703828670383,0.002465887618059383,20,1403,97,-3.503564646257076e-06,1720,-1.9241051833493014e-09
0.1,8.376776400682925,0.002272271997526317,20,1675,89,1.1412804558588886e-06,1984,
0.1,10.0,0.0021083898925250946,20,2000,83,5.26424574562725e-06,2303,
0.1193776641714437,0.01,0.04149561522040338,24,2,1634,-0.00019698962848206143,1860,-5.53441148077355e-08
0.1193776641714437,0.011937766417144363,0.041206649438681464,24,2,1623,-0.0001963943088715538,1849,-5.55269298914179e-08
0.1193776641714437,0.014251026703029978,0.04086710658043606,24,3,1609,-0.00019563309689839687,1836,-5.574608957143093e-08
0.1193776641714437,0.017012542798525893,0.04046929107654536,24,3,1594,-0.0001948212974295247,1821,-5.6003086568065825e-08
0.1193776641714437,0.020309176209047358,0.04000478470857848,24,4,1575,-0.0001937830313787215,1803,-5.631590566077347e-08
0.1193776641714437,0.024244620170823284,0.03946455636967581,24,5,1554,-0.00019263026086091122,1783,-5.6669959890358564e-08
0.1193776641714437,0.028942661247167517,0.03883915570526038,24,6,1529,-0.00019125492994976557,1759,-5.710534281723345e-08
0.1193776641714437,0.0345510729459222,0.038119011650282045,24,7,1501,-0.0001897113370930992,1732,-5.76097882482749e-08
0.1193776641714437,0.04124626382901352,0.037294854344046745,24,8,1469,-0.00018794553547677866,1701,-5.820981908744492e-08
0.1193776641714437,0.04923882631706739,0.036358271478516675,24,10,1432,-0.00018585865159345176,1666,-5.890401219335582e-08
0.1193776641714437,0.05878016072274912,0.03530239616970509,24,12,1390,-0.00018348020449802214,1626,-5.973440698594288e-08
0.1193776641714437,0.07017038286703829,0.03412270197255563,24,14,1344,-0.00018086552484806434,1582,-6.069801757459135e-08
0.1193776641714437,0.0837677640068292,0.032817852348588764,24,17,1292,-0.00017782898649618378,1533,-6.18174376351154e-08
0.1193776641714437,0.1,0.031390520057767705,24,20,1236,-0.00017453765699751284,1480,-6.311388314247022e-08
0.1193776641714437,0.1193776641714437,0.029848063209448553,24,24,1175,-0.00017083489298226376,1423,-6.458786124093148e-08
0.1193776641714437,0.14251026703029984,0.02820292860061251,24,29,1111,-0.00016679243542526667,1364,-6.620218597198849e-08
0.1193776641714437,0.17012542798525893,0.026472659800614223,24,34,1042,-0.00016240507088152945,1300,-6.813207766207271e-08
0.1193776641714437,0.20309176209047358,0.024679424428446218,24,41,972,-0.00015759729660852137,1237,-7.010930147895855e-08
0.1193776641714437,0.24244620170823283,0.022849041823241153,24,48,900,-0.00015258060689573756,1172,-7.238169207577683e-08
0.1193776641714437,0.28942661247167517,0.02100957792007018,24,58,827,-0.00014689464330103067,1109,-7.460064766339137e-08
0.1193776641714437,0.345510729459222,0.01918965827905218,24,69,756,-0.000141009553172057,1049,-7.6834393960494e-08
0.1193776641714437,0.41246263829013524,0.017416709133625523,24,82,686,-0.00013468913969391102,992,-7.89761819201561e-08
0.1193776641714437,0.49238826317067413,0.015715351842391298,24,98,619,-0.0001278511593473715,941,-8.067540785189651e-08
0.1193776641714437,0.5878016072274915,0.014106143282023668,24,118,555,-0.00012032887237276233,897,-8.162316671602383e-08
0.1193776641714437,0.701703828670383,0.012604783934121297,24,140,496,-0.00011271756147449977,860,-8.192635878772223e-08
0.1193776641714437,0.837677640068292,0.011221827983995923,24,168,442,-0.00010435036184733842,834,-8.066164882145384e-08
0.1193776641714437,1.0,0.009962849116464088,24,200,392,-9.575307059665864e-05,816,-7.82500903803761e-08
0.1193776641714437,1.1937766417144369,0.008828959184588371,24,239,348,-8.672314439036637e-05,811,-7.393781706370968e-08
0.1193776641714437,1.4251026703029992,0.007817551461627716,24,285,308,-7.746226086538387e-05,817,-6.810946863273649e-08
0.1193776641714437,1.7012542798525891,0.006923142878455362,24,340,273,-6.80602957966628e-05,837,-6.071824554532241e-08
0.1193776641714437,2.030917620904737,0.00613821161670503,24,406,242,-5.858968706188439e-05,872,-5.2140900489360307e-08
0.1193776641714437,2.424462017082328,0.005453957282861959,24,485,215,-4.924129340636544e-05,924,-4.290806326800753e-08
0.1193776641714437,2.8942661247167516,0.0048609420206097535,24,579,191,-4.0173405297624024e-05,994,-3.3684435619821596e-08
0.1193776641714437,3.4551072945922217,0.004349596941566494,24,691,171,-3.1815062112912306e-05,1086,-2.5173330574212164e-08
0.1193776641714437,4.1246263829013525,0.00391059693708529,24,825,154,-2.4161935662993104e-05,1203,-1.7724944733555196e-08
0.1193776641714437,4.923882631706742,0.0035351183326347863,24,985,139,-1.6951541320779835e-05,1348,-1.1357360053049683e-08
0.1193776641714437,5.878016072274912,0.0032149992711294297,24,1176,127,-1.0319083026478981e-05,1527,-6.219762173300252e-09
0.1193776641714437,7.01703828670383,0.0029428238900364614,24,1403,116,-4.225767293668939e-06,1743,-2.2674804649336457e-09
0.1193776641714437,8.376776400682925,0.002711949914303632,24,1675,107,1.3050953264311353e-06,2006,
0.1193776641714437,10.0,0.0025164965055169027,24,2000,99,6.290696893242867e-06,2323,
0.14251026703029984,0.01,0.0486048194484294,29,2,1914,-0.00023175723243093748,2145,-5.6040108819830324e-08
0.14251026703029984,0.011937766417144363,0.048273135804012574,29,2,1901,-0.00023105367289124806,2132,-5.623057280806419e-08
0.14251026703029984,0.014251026703029978,0.047883278856764674,29,3,1886,-0.00023023934490700235,2118,-5.6438958510727535e-08
0.14251026703029984,0.017012542798525893,0.04742635010314211,29,3,1868,-0.00022926518554435525,2100,-5.671062689089406e-08
0.14251026703029984,0.020309176209047358,0.04689259621285056,29,4,1847,-0.00022811880130460644,2080,-5.701715655171023e-08
0.14251026703029984,0.024244620170823284,0.04627152765090882,29,5,1822,-0.00022674881064766147,2056,-5.739197612877674e-08
0.14251026703029984,0.028942661247167517,0.045552132563881936,29,6,1794,-0.00022520953729093896,2029,-5.782372656875878e-08
0.14251026703029984,0.0345510729459222,0.04472321057863612,29,7,1761,-0.00022339293910575675,1997,-5.835090509600692e-08
0.14251026703029984,0.04124626382901352,0.04377384872437765,29,8,1724,-0.00022135332810116517,1961,-5.8965286817431506e-08
0.14251026703029984,0.04923882631706739,0.04269405376969187,29,10,1681,-0.00021893296663539689,1920,-5.968338130422133e-08
0.14251026703029984,0.05878016072274912,0.04147553989622075,29,12,1633,-0.00021621804226755183,1874,-6.052594455915254e-08
0.14251026703029984,0.07017038286703829,0.04011264654115116,29,14,1580,-0.00021320990252707243,1823,-6.151113684353829e-08
0.14251026703029984,0.0837677640068292,0.038603328922789934,29,17,1520,-0.00020971339090558992,1766,-6.266086736751222e-08
0.14251026703029984,0.1,0.036950126681847176,29,20,1455,-0.00020590223817728475,1704,-6.400044702762798e-08
0.14251026703029984,0.1193776641714437,0.035160981523199505,29,24,1385,-0.0002016604958774407,1638,-6.550821721590458e-08
0.14251026703029984,0.14251026703029984,0.033249753566216136,29,29,1309,-0.0001968916766441217,1567,-6.723615834259507e-08
0.14251026703029984,0.17012542798525893,0.03123629045499208,29,34,1230,-0.00019187421539098714,1493,-6.921369864763983e-08
0.14251026703029984,0.20309176209047358,0.02914594227749544,29,41,1148,-0.00018627499558545154,1418,-7.131726683261797e-08
0.14251026703029984,0.24244620170823283,0.02700848980615173,29,48,1064,-0.00018044932791944456,1341,-7.372621219477543e-08
0.14251026703029984,0.28942661247167517,0.024856552204602377,29,58,979,-0.00017386111968326087,1266,-7.611599874057022e-08
0.14251026703029984,0.345510729459222,0.022723640381615666,29,69,895,-0.00016696782707862528,1193,-7.86174908553655e-08
0.14251026703029984,0.41246263829013524,0.020642095796028246,29,82,813,-0.0001596116854410102,1124,-8.104090612992516e-08
0.14251026703029984,0.49238826317067413,0.01864117917285744,29,98,734,-0.00015162276068730654,1061,-8.311011022347921e-08
0.14251026703029984,0.5878016072274915,0.016745541404722935,29,118,659,-0.00014285595531023226,1006,-8.446218150496184e-08
0.14251026703029984,0.701703828670383,0.014974230134760128,29,140,590,-0.0001339798764428586,959,-8.519641132065282e-08
0.14251026703029984,0.837677640068292,0.013340284050504803,29,168,525,-0.00012410471478796852,922,-8.453999644956984e-08
0.14251026703029984,1.0,0.0118508704525382,29,200,467,-0.00011406417624594875,896,-8.255469880576454e-08
0.14251026703029984,1.1937766417144369,0.010507851651873278,29,239,414,-0.00010338161130345671,882,-7.87633413356012e-08
0.14251026703029984,1.4251026703029992,0.009308631757789914,29,285,367,-9.247124228930177e-05,881,-7.323410704953098e-08
0.14251026703029984,1.7012542798525891,0.008247135209552277,29,340,325,-8.131872553481217e-05,894,-6.600545903799689e-08
0.14251026703029984,2.030917620904737,0.0073147921250841415,29,406,288,-7.007291155066441e-05,923,-5.731841732704938e-08
0.14251026703029984,2.424462017082328,0.00650144100450597,29,485,256,-5.895937081796674e-05,970,-4.769249564644951e-08
0.14251026703029984,2.8942661247167516,0.005796096099214311,29,579,228,-4.817878090070466e-05,1036,-3.784307912899386e-08
0.14251026703029984,3.4551072945922217,0.005187558080008659,29,691,204,-3.81810147072193e-05,1124,-2.8575181645326382e-08
0.14251026703029984,4.1246263829013525,0.00466486951674234,29,825,184,-2.903200892027307e-05,1238,-2.031119446484655e-08
0.14251026703029984,4.923882631706742,0.00421763093748237,29,985,166,-2.0383244959251655e-05,1380,-1.3128120465305323e-08
0.14251026703029984,5.878016072274912,0.0038362002862484916,29,1176,151,-1.238011807924551e-05,1556,-7.22698715689389e-09
0.14251026703029984,7.01703828670383,0.0035118004473668023,29,1403,138,-5.044714235884639e-06,1770,-2.6363530226413305e-09
0.14251026703029984,8.376776400682925,0.00323655808565722,29,1675,127,1.622898604579696e-06,2031,
0.14251026703029984,10.0,0.0030034939175116768,29,2000,118,7.601009435625926e-06,2347,
0.17012542798525893,0.01,0.056751075354603636,34,2,2235,-0.00026787086342141284,2471,-5.585996234337341e-08
0.17012542798525893,0.011937766417144363,0.05637287038692315,34,2,2220,-0.0002670590639525407,2456,-5.604832604779648e-08
0.17012542798525893,0.014251026703029978,0.05592817699198192,34,3,2202,-0.0002660837575229175,2439,-5.6265437997013695e-08
0.17012542798525893,0.017012542798525893,0.05540676312586563,34,3,2182,-0.0002650013582310875,2419,-5.6524217459513405e-08
0.17012542798525893,0.020309176209047358,0.054797388677028734,34,4,2158,-0.00026369322745978485,2396,-5.682651788234106e-08
0.17012542798525893,0.024244620170823284,0.05408793092295452,34,5,2130,-0.00026216073815770125,2369,-5.718789279649694e-08
0.17012542798525893,0.028942661247167517,0.053265617183062317,34,6,2098,-0.000260404109751041,2338,-5.761254839710459e-08
0.17012542798525893,0.0345510729459222,0.05231739342112971,34,7,2060,-0.00025831531548976404,2301,-5.813460761798714e-08
0.17012542798525893,0.04124626382901352,0.05123045538873685,34,8,2017,-0.00025594868247136396,2259,-5.874856139798286e-08
0.17012542798525893,0.04923882631706739,0.04999296067264476,34,10,1969,-0.00025325105774067337,2213,-5.9438001140799616e-08
0.17012542798525893,0.05878016072274912,0.048594923380011035,34,12,1914,-0.000250147980288333,2160,-6.02684891408227e-08
0.17012542798525893,0.07017038286703829,0.04702926651351406,34,14,1852,-0.00024664090837313974,2100,-6.126080663403105e-08
0.17012542798525893,0.0837677640068292,0.04529297056663083,34,17,1784,-0.00024268912925720935,2035,-6.238217780802017e-08
0.17012542798525893,0.1,0.04338821400252997,34,20,1709,-0.00023830933716878646,1963,-6.37129413128112e-08
0.17012542798525893,0.1193776641714437,0.04132335995159124,34,24,1627,-0.00023337414159753083,1885,-6.52415214637444e-08
0.17012542798525893,0.14251026703029984,0.03911361584296171,34,29,1540,-0.0002279440443277476,1803,-6.695178415313036e-08
0.17012542798525893,0.17012542798525893,0.0367811929750999,34,34,1448,-0.00022214609536582366,1716,-6.894835854578129e-08
0.17012542798525893,0.20309176209047358,0.03435483270945658,34,41,1353,-0.000215719371764298,1628,-7.107441279563839e-08
0.17012542798525893,0.24244620170823283,0.031868647627717794,34,48,1255,-0.00020899565872082768,1537,-7.353305844797259e-08
0.17012542798525893,0.28942661247167517,0.02936033846121466,34,58,1156,-0.00020142557156382646,1448,-7.60027663773192e-08
0.17012542798525893,0.345510729459222,0.026868965857520303,34,69,1058,-0.00019350223167459622,1361,-7.861725889953204e-08
0.17012542798525893,0.41246263829013524,0.024432547816036324,34,82,962,-0.00018504037414312794,1278,-8.121220030157295e-08
0.17012542798525893,0.49238826317067413,0.022085791054396467,34,98,870,-0.0001758925045262514,1202,-8.348799341477662e-08
0.17012542798525893,0.5878016072274915,0.01985823574000672,34,118,782,-0.00016582785926329667,1134,-8.515871331462177e-08
0.17012542798525893,0.701703828670383,0.017773007143756913,34,140,700,-0.0001555806508432433,1074,-8.6337764063953e-08
0.17012542798525893,0.837677640068292,0.015846251150763498,34,168,624,-0.00014426168494452123,1026,-8.612843586982449e-08
0.17012542798525893,1.0,0.014087215619608294,34,200,555,-0.00013267933620544423,989,-8.471417201215952e-08
0.17012542798525893,1.1937766417144369,0.012498852837012658,34,239,492,-0.00012035566949220927,965,-8.150423212355369e-08
0.17012542798525893,1.4251026703029992,0.011078772917177801,34,285,436,-0.00010775069419146096,955,-7.650357430310199e-08
0.17012542798525893,1.7012542798525891,0.009820372981396156,34,340,387,-9.490719055869188e-05,961,-6.960658796512737e-08
0.17012542798525893,2.030917620904737,0.008713991667914185,34,406,343,-8.188569359745957e-05,983,-6.112149822161315e-08
0.17012542798525893,2.424462017082328,0.007747978802881888,34,485,305,-6.900039198592466e-05,1024,-5.1446758116555816e-08
0.17012542798525893,2.8942661247167516,0.006909613282905652,34,579,272,-5.649264956930624e-05,1085,-4.129941922486347e-08
0.17012542798525893,3.4551072945922217,0.006185839878396603,34,691,244,-4.4885615567454046e-05,1169,-3.154826925655349e-08
0.17012542798525893,4.1246263829013525,0.0055638237316896115,34,825,219,-3.4155322627431594e-05,1278,-2.268311193512352e-08
0.17012542798525893,4.923882631706742,0.005031339226275928,34,985,198,-2.4081746778429387e-05,1417,-1.483852979717385e-08
0.17012542798525893,5.878016072274912,0.004577019123697173,34,1176,180,-1.4720338052978317e-05,1590,-8.282882091480034e-09
0.17012542798525893,7.01703828670383,0.004190492698891503,34,1403,165,-6.173023884829651e-06,1802,-3.1277988877329e-09
0.17012542798525893,8.376776400682925,0.0038624403473585377,34,1675,152,1.639048485885628e-06,2061,
0.17012542798525893,10.0,0.0035845886680396398,34,2000,141,8.670639053067844e-06,2375,
0.20309176209047358,0.01,0.066023159178844,41,2,2600,-0.0003125067273098608,2843,-5.6337971391718194e-08
0.20309176209047358,0.011937766417144363,0.06559514956005995,41,2,2583,-0.00031158668791180546,2826,-5.652550793709463e-08
0.20309176209047358,0.014251026703029978,0.06509169539210047,41,3,2563,-0.0003105055791072077,2807,-5.67390487576487e-08
0.20309176209047358,0.017012542798525893,0.0645011069489964,41,3,2540,-0.00030926081992160376,2784,-5.700029857003903e-08
0.20309176209047358,0.020309176209047358,0.06381051041206255,41,4,2513,-0.0003077918561502488,2758,-5.730070001605668e-08
0.20309176209047358,0.024244620170823284,0.0630059769549865,41,5,2481,-0.00030604351982902,2727,-5.7665287386479603e-08
0.20309176209047358,0.028942661247167517,0.06207277114705475,41,6,2444,-0.00030401604675459585,2691,-5.8098603175875796e-08
0.20309176209047358,0.0345510729459222,0.06099575199029472,41,7,2402,-0.0003017096662400206,2650,-5.860625053224127e-08
0.20309176209047358,0.04124626382901352,0.0597599582535756,41,8,2353,-0.0002990163613914564,2602,-5.922148045430816e-08
0.20309176209047358,0.04923882631706739,0.05835140150233768,41,10,2298,-0.00029593351830895545,2549,-5.991867013617459e-08
0.20309176209047358,0.05878016072274912,0.056758072606053575,41,12,2235,-0.0002923879049175582,2488,-6.075719078163873e-08
0.20309176209047358,0.07017038286703829,0.05497113841492512,41,14,2165,-0.00028843521827815485,2420,-6.174227636744474e-08
0.20309176209047358,0.0837677640068292,0.05298626453310051,41,17,2087,-0.0002839177352891482,2345,-6.287653478459614e-08
0.20309176209047358,0.1,0.05080495103340768,41,20,2001,-0.0002789118241822628,2262,-6.422041339298344e-08
0.20309176209047358,0.1193776641714437,0.048435718869986794,41,24,1907,-0.000273276943347026,2172,-6.576619225347653e-08
0.20309176209047358,0.14251026703029984,0.04589494909916184,41,29,1807,-0.0002670668385171077,2077,-6.750453418795122e-08
0.20309176209047358,0.17012542798525893,0.04320717122850798,41,34,1701,-0.0002604209465462308,1976,-6.953756075935926e-08
0.20309176209047358,0.20309176209047358,0.04040463536450846,41,41,1591,-0.00025303534889674665,1873,-7.172935699128785e-08
0.20309176209047358,0.24244620170823283,0.037526090404072086,41,48,1478,-0.00024533154933072647,1767,-7.425019349500819e-08
0.20309176209047358,0.28942661247167517,0.0346148170471894,41,58,1363,-0.00023662402226472913,1662,-7.683795600117198e-08
0.20309176209047358,0.345510729459222,0.031716103061338326,41,69,1249,-0.00022750154813275667,1559,-7.960277545268537e-08
0.20309176209047358,0.41246263829013524,0.028874462045666942,41,82,1137,-0.00021774389977351454,1460,-8.240134259238085e-08
0.20309176209047358,0.49238826317067413,0.026130951807112935,41,98,1029,-0.00020716223275946233,1368,-8.496662760420249e-08
0.20309176209047358,0.5878016072274915,0.023520926975519756,41,118,926,-0.0001955373704809049,1285,-8.698126834082351e-08
0.20309176209047358,0.701703828670383,0.02107246952959224,41,140,830,-0.0001836837477608522,1211,-8.855643031571315e-08
0.20309176209047358,0.837677640068292,0.018805608614332586,41,168,741,-0.00017057241617340015,1150,-8.881019669141544e-08
0.20309176209047358,1.0,0.01673230491691984,41,200,659,-0.0001570607657302091,1100,-8.797148235101554e-08
0.20309176209047358,1.1937766417144369,0.014857067561483223,41,239,585,-0.00014270497512922024,1065,-8.527846009873326e-08
0.20309176209047358,1.4251026703029992,0.013178010937887097,41,285,519,-0.00012796803961334996,1045,-8.074916051222265e-08
0.20309176209047358,1.7012542798525891,0.011688146318456076,41,340,460,-0.00011284096717820242,1041,-7.426679424654627e-08
0.20309176209047358,2.030917620904737,0.010376727462197192,41,406,409,-9.757204709830377e-05,1056,-6.58665328470485e-08
0.20309176209047358,2.424462017082328,0.00923051440538164,41,485,363,-8.230420994368232e-05,1089,-5.6122118991682566e-08
0.20309176209047358,2.8942661247167516,0.008234870073564014,41,579,324,-6.749620740552605e-05,1144,-4.55759827446562e-08
0.20309176209047358,3.4551072945922217,0.00737464952034565,41,691,290,-5.366429816844228e-05,1222,-3.522203870336196e-08
0.20309176209047358,4.1246263829013525,0.00663487605772718,41,825,261,-4.0920126773801954e-05,1327,-2.560003927191634e-08
0.20309176209047358,4.923882631706742,0.0060012211076348,41,985,236,-2.88914560435358e-05,1462,-1.692092023352844e-08
0.20309176209047358,5.878016072274912,0.0054603167247995,41,1176,215,-1.7714508947927558e-05,1632,-9.546512690195926e-09
0.20309176209047358,7.01703828670383,0.004999934011003313,41,1403,197,-7.46192420512497e-06,1841,-3.6472931966317523e-09
0.20309176209047358,8.376776400682925,0.004609059766364817,41,1675,182,1.8907085506654078e-06,2098,
0.20309176209047358,10.0,0.004277899978860101,41,2000,168,1.0387024305602973e-05,2409,
0.24244620170823283,0.01,0.07649690854286155,48,2,3012,-0.0003582342552883339,3262,-5.602242172754217e-08
0.24244620170823283,0.011937766417144363,0.07601665303135344,48,2,2994,-0.0003572600959256872,3244,-5.6192762219034246e-08
0.24244620170823283,0.014251026703029978,0.07545149003589277,48,3,2971,-0.00035601951246417446,3222,-5.6405028084389724e-08
0.24244620170823283,0.017012542798525893,0.07478816291538201,48,3,2945,-0.000354612393384796,3196,-5.6658208184443665e-08
0.24244620170823283,0.020309176209047358,0.07401203108910599,48,4,2915,-0.00035298320693833595,3167,-5.694563400418416e-08
0.24244620170823283,0.024244620170823284,0.07310719815688262,48,5,2879,-0.0003510197912338424,3132,-5.729850203616007e-08
0.24244620170823283,0.028942661247167517,0.0720567711503752,48,6,2838,-0.0003487765132293734,3092,-5.7710823035147294e-08
0.24244620170823283,0.0345510729459222,0.07084328919359721,48,7,2790,-0.000346145373424444,3045,-5.82089552726674e-08
0.24244620170823283,0.04124626382901352,0.06944935899636194,48,8,2735,-0.0003431266058800915,2991,-5.880087155637856e-08
0.24244620170823283,0.04923882631706739,0.06785852667830644,48,10,2672,-0.00033960725070691146,2930,-5.948754409041904e-08
0.24244620170823283,0.05878016072274912,0.06605639724169995,48,12,2601,-0.00033562244161221267,2861,-6.029824464290818e-08
0.24244620170823283,0.07017038286703829,0.06403198190015369,48,14,2522,-0.0003311738404549967,2784,-6.12504513610431e-08
0.24244620170823283,0.0837677640068292,0.06177920865828023,48,17,2433,-0.00032604309393805073,2698,-6.236096756473414e-08
0.24244620170823283,0.1,0.05929847601547914,48,20,2335,-0.0003203644117059166,2603,-6.36730158019471e-08
0.24244620170823283,0.1193776641714437,0.056598071927332266,48,24,2229,-0.00031404105689677986,2501,-6.51651028180803e-08
0.24244620170823283,0.14251026703029984,0.053695234759460905,48,29,2115,-0.0003070125801292865,2392,-6.68639646592226e-08
0.24244620170823283,0.17012542798525893,0.05061661860176918,48,34,1993,-0.00029942788517721853,2275,-6.887009402105437e-08
0.24244620170823283,0.20309176209047358,0.04739795950860385,48,41,1867,-0.0002910558091804438,2156,-7.102941400510626e-08
0.24244620170823283,0.24244620170823283,0.04408283042169044,48,48,1736,-0.0002822380311160208,2032,-7.354851961620789e-08
0.24244620170823283,0.28942661247167517,0.04072051240543443,48,58,1604,-0.0002723819441847747,1910,-7.612346686139657e-08
0.24244620170823283,0.345510729459222,0.03736317055763363,48,69,1471,-0.0002619471510828797,1788,-7.895111008453684e-08
0.24244620170823283,0.41246263829013524,0.03406266300410615,48,82,1341,-0.00025084455502873045,1671,-8.182453093929178e-08
0.24244620170823283,0.49238826317067413,0.030867389431668026,48,98,1216,-0.00023884724776457786,1562,-8.449864424354635e-08
0.24244620170823283,0.5878016072274915,0.027819577075260643,48,118,1096,-0.00022564135615677264,1462,-8.672376324323273e-08
0.24244620170823283,0.701703828670383,0.024953309689724923,48,140,983,-0.00021210952607636675,1371,-8.862564390736164e-08
0.24244620170823283,0.837677640068292,0.02229345766162402,48,168,878,-0.00019714884581073454,1294,-8.932402670028568e-08
0.24244620170823283,1.0,0.019855507709296446,48,200,782,-0.00018176043463354882,1230,-8.895522622134451e-08
0.24244620170823283,1.1937766417144369,0.0176461584000838,48,239,695,-0.00016537562734887383,1182,-8.682046794879978e-08
0.24244620170823283,1.4251026703029992,0.015664467265878407,48,285,617,-0.00014850734966220417,1150,-8.288720623225361e-08
0.24244620170823283,1.7012542798525891,0.013903311338408251,48,340,548,-0.00013120075382623054,1136,-7.690908942167894e-08
0.24244620170823283,2.030917620904737,0.01235094464759125,48,406,486,-0.00011356406268742673,1140,-6.901744377639217e-08
0.24244620170823283,2.424462017082328,0.010992485322158423,48,485,433,-9.60524898760371e-05,1166,-5.942665429867668e-08
0.24244620170823283,2.8942661247167516,0.009811223192175271,48,579,386,-7.890848166085544e-05,1213,-4.8876688920526894e-08
0.24244620170823283,3.4551072945922217,0.008789692752956758,48,691,346,-6.290807142108015e-05,1285,-3.8245708653170005e-08
0.24244620170823283,4.1246263829013525,0.007910498655963893,48,825,312,-4.813840413537366e-05,1385,-2.8159676706000454e-08
0.24244620170823283,4.923882631706742,0.007156909414057253,48,985,282,-3.413350564988795e-05,1515,-1.8876228045373477e-08
0.24244620170823283,5.878016072274912,0.006513251009882615,48,1176,256,-2.1057097687667805e-05,1680,-1.0819373606373214e-08
0.24244620170823283,7.01703828670383,0.005965138440972318,48,1403,235,-9.11587406822431e-06,1886,-4.278949525077126e-09
0.24244620170823283,8.376776400682925,0.005499583090196246,48,1675,217,1.8207728919986563e-06,2140,
0.24244620170823283,10.0,0.005105009920775238,48,2000,201,1.1727542732376674e-05,2449,
0.28942661247167517,0.01,0.08822811210256025,58,2,3474,-0.00041443959265847813,3734,-5.640967048391146e-08
0.28942661247167517,0.011937766417144363,0.08769436904630536,58,2,3453,-0.000413303073402057,3713,-5.6584923769332516e-08
0.28942661247167517,0.014251026703029978,0.087065947081931,58,3,3429,-0.0004120130269028723,3690,-5.6781138632950804e-08
0.28942661247167517,0.017012542798525893,0.08632793860166328,58,3,3400,-0.00041044354792971644,3661,-5.702981074471536e-08
0.28942661247167517,0.020309176209047358,0.08546382845657464,58,4,3366,-0.00040860169980956736,3628,-5.7318324366157826e-08
0.28942661247167517,0.024244620170823284,0.08445561499895067,58,5,3326,-0.00040642479286735186,3589,-5.7664938460529716e-08
0.28942661247167517,0.028942661247167517,0.08328407311582386,58,6,3280,-0.0004039130833471691,3544,-5.8073539703699266e-08
0.28942661247167517,0.0345510729459222,0.08192920277913862,58,7,3226,-0.00040095858106158435,3491,-5.856795768964019e-08
0.28942661247167517,0.04124626382901352,0.0803709069206086,58,8,3165,-0.00039761564939671016,3431,-5.9146111533738454e-08
0.28942661247167517,0.04923882631706739,0.07858993532728992,58,10,3095,-0.00039371619850105875,3363,-5.98189246864169e-08
0.28942661247167517,0.05878016072274912,0.07656911310808456,58,12,3015,-0.0003892399604861424,3285,-6.062361157619885e-08
0.28942661247167517,0.07017038286703829,0.07429483978811748,58,14,2926,-0.00038424279296679766,3198,-6.156710948284223e-08
0.28942661247167517,0.0837677640068292,0.07175879673712167,58,17,2826,-0.0003785001849544318,3101,-6.26651785343196e-08
0.28942661247167517,0.1,0.06895973877925918,58,20,2716,-0.00037214915727230456,2994,-6.395809970582551e-08
0.28942661247167517,0.1193776641714437,0.06590517878586856,58,24,2595,-0.00036497399838811913,2877,-6.545679514834089e-08
0.28942661247167517,0.14251026703029984,0.06261271717034426,58,29,2466,-0.00035706933259862893,2753,-6.714808309675513e-08
0.28942661247167517,0.17012542798525893,0.05911074236070312,58,34,2328,-0.00034853938735438406,2620,-6.913927606452218e-08
0.28942661247167517,0.20309176209047358,0.05543825465518442,58,41,2183,-0.000339004903317319,2482,-7.1334612003678e-08
0.28942661247167517,0.24244620170823283,0.05164365707151282,58,48,2034,-0.00032905443741114453,2340,-7.38558584292054e-08
0.28942661247167517,0.28942661247167517,0.0477825078874069,58,58,1882,-0.0003178522504481067,2198,-7.649358176780064e-08
0.28942661247167517,0.345510729459222,0.04391441305099853,58,69,1729,-0.00030600169190886573,2056,-7.939517090854187e-08
0.28942661247167517,0.41246263829013524,0.0400994069559232,58,82,1579,-0.0002933747669175313,1919,-8.238179888506311e-08
0.28942661247167517,0.49238826317067413,0.036394278035669546,58,98,1433,-0.00027964132151076247,1789,-8.527417925385826e-08
0.28942661247167517,0.5878016072274915,0.03284930754757773,58,118,1294,-0.0002645953159129292,1670,-8.773752417729831e-08
0.28942661247167517,0.701703828670383,0.0295058019682234,58,140,1162,-0.00024909070742843104,1560,-8.997381502789655e-08
0.28942661247167517,0.837677640068292,0.026394639335529033,58,168,1039,-0.00023191390344991908,1465,-9.11052591374468e-08
0.28942661247167517,1.0,0.023535864961210982,58,200,927,-0.00021422747471539362,1385,-9.119632993145981e-08
0.28942661247167517,1.1937766417144369,0.020939210170775668,58,239,825,-0.00019531331463329462,1322,-8.959326359325441e-08
0.28942661247167517,1.4251026703029992,0.01860530153034594,58,285,733,-0.00017574386167648338,1276,-8.621995647223369e-08
0.28942661247167517,1.7012542798525891,0.01652728740169351,58,340,651,-0.00015556083497681125,1249,-8.076718810451042e-08
0.28942661247167517,2.030917620904737,0.014692624244812637,58,406,579,-0.0001350072105026961,1243,-7.316829462089796e-08
0.28942661247167517,2.424462017082328,0.013084816808356754,58,485,515,-0.00011437628359180693,1258,-6.376911440221171e-08
0.28942661247167517,2.8942661247167516,0.011684972666204272,58,579,460,-9.419993287321124e-05,1297,-5.3058427888482165e-08
0.28942661247167517,3.4551072945922217,0.010473095596293456,58,691,412,-7.522563475454886e-05,1361,-4.203770634740196e-08
0.28942661247167517,4.1246263829013525,0.00942909414577637,58,825,371,-5.764247576222717e-05,1454,-3.133015684093571e-08
0.28942661247167517,4.923882631706742,0.008533517833598542,58,985,336,-4.098629209615082e-05,1579,-2.1253599850734697e-08
0.28942661247167517,5.878016072274912,0.007768054627425477,58,1176,306,-2.5407906395454327e-05,1740,-1.2344481885229288e-08
0.28942661247167517,7.01703828670383,0.007115832651164532,58,1403,280,-1.1044240494646385e-05,1941,-4.947693080658716e-09
0.28942661247167517,8.376776400682925,0.006561570191622006,58,1675,258,2.1126555928654474e-06,2191,
0.28942661247167517,10.0,0.006091614278087074,58,2000,240,1.3986643475667388e-05,2498,
0.345510729459222,0.01,0.10124501592739125,69,2,3987,-0.0004737806323448324,4258,-5.637239095635095e-08
0.345510729459222,0.011937766417144363,0.1006581063341395,69,2,3964,-0.0004725358731592282,4235,-5.6539931889119324e-08
0.345510729459222,0.014251026703029978,0.09996670355610435,69,3,3937,-0.0004710890295422535,4209,-5.6733927165749005e-08
0.345510729459222,0.017012542798525893,0.0991542017797649,69,3,3905,-0.00046935719067532633,4177,-5.697326972825694e-08
0.345510729459222,0.020309176209047358,0.09820214195307703,69,4,3867,-0.0004673037503995078,4140,-5.7255828505835534e-08
0.345510729459222,0.024244620170823284,0.09709031812116047,69,5,3823,-0.0004649145795888362,4097,-5.758939511215721e-08
0.345510729459222,0.028942661247167517,0.09579703488645275,69,6,3772,-0.00046213581812146046,4047,-5.798529188914519e-08
0.345510729459222,0.0345510729459222,0.09429956486732761,69,7,3714,-0.0004589677195582299,3990,-5.84481646187014e-08
0.345510729459222,0.04124626382901352,0.09257485681754883,69,8,3646,-0.00045524817145596694,3923,-5.900941191987999e-08
0.345510729459222,0.04923882631706739,0.09060053933527727,69,10,3568,-0.0004509182437623484,3847,-5.966326402173517e-08
0.345510729459222,0.05878016072274912,0.08835624774783804,69,12,3479,-0.0004459548207225434,3760,-6.04425521705335e-08
0.345510729459222,0.07017038286703829,0.08582526880188306,69,14,3380,-0.000440413798254867,3663,-6.135435042975496e-08
0.345510729459222,0.0837677640068292,0.08299644679933146,69,17,3268,-0.0004340130753600755,3554,-6.242349402249415e-08
0.345510729459222,0.1,0.07986622719008252,69,20,3145,-0.00042694431018986675,3434,-6.367741173336517e-08
0.345510729459222,0.1193776641714437,0.07644063705688056,69,24,3010,-0.00041898426898188533,3303,-6.512641355766551e-08
0.345510729459222,0.14251026703029984,0.07273693205126758,69,29,2864,-0.00041011274520085265,3162,-6.678751534075925e-08
0.345510729459222,0.17012542798525893,0.06878459890018822,69,34,2709,-0.0004006023970869445,3012,-6.872150580628826e-08
0.345510729459222,0.20309176209047358,0.06462541649814195,69,41,2545,-0.00038993379994323114,2855,-7.087385945385712e-08
0.345510729459222,0.24244620170823283,0.060312364705815275,69,48,2375,-0.00037871795238102613,2692,-7.336651537795935e-08
0.345510729459222,0.28942661247167517,0.05590732824675068,69,58,2202,-0.0003661591440462939,2529,-7.598113001782371e-08
0.345510729459222,0.345510729459222,0.051477748267452335,69,69,2027,-0.00035283279332911716,2365,-7.887916007071574e-08
0.345510729459222,0.41246263829013524,0.0470925779291415,69,82,1855,-0.0003386289707893796,2206,-8.188938159928892e-08
0.345510729459222,0.49238826317067413,0.04281804359606077,69,98,1686,-0.00032311583765261406,2053,-8.488662310521487e-08
0.345510729459222,0.5878016072274915,0.038713755076902244,69,118,1525,-0.0003061402618434671,1912,-8.75186569020775e-08
0.345510729459222,0.701703828670383,0.03482963356415793,69,140,1372,-0.00028862332214020476,1781,-8.99732290921745e-08
0.345510729459222,0.837677640068292,0.03120395817798219,69,168,1229,-0.0002691920032761868,1666,-9.143253195348989e-08
0.345510729459222,1.0,0.027862621956920446,69,200,1097,-0.0002490486412910018,1566,-9.200579312381848e-08
0.345510729459222,1.1937766417144369,0.02481949242812319,69,239,977,-0.00022748551973068919,1485,-9.095491536883633e-08
0.345510729459222,1.4251026703029992,0.022077633086634265,69,285,869,-0.0002051264197353707,1423,-8.815968115979761e-08
0.345510729459222,1.7012542798525891,0.01963107789312124,69,340,773,-0.00018200465278623627,1382,-8.32622661333609e-08
0.345510729459222,2.030917620904737,0.017466855089865174,69,406,688,-0.00015833137838558873,1363,-7.617505647556373e-08
0.345510729459222,2.424462017082328,0.01556700820180201,69,485,613,-0.0001345068807500445,1367,-6.710179032887897e-08
0.345510729459222,2.8942661247167516,0.01391043598353242,69,579,548,-0.00011108295047619999,1396,-5.650430865762594e-08
0.345510729459222,3.4551072945922217,0.012474448303843418,69,691,491,-8.8943754546049e-05,1451,-4.5341527775763656e-08
0.345510729459222,4.1246263829013525,0.011235998240011695,69,825,442,-6.834983479487216e-05,1536,-3.42488950106591e-08
0.345510729459222,4.923882631706742,0.010172596350102541,69,985,401,-4.882356701167801e-05,1655,-2.356304270751434e-08
0.345510729459222,5.878016072274912,0.009262941172535424,69,1176,365,-3.0461593829511777e-05,1810,-1.3911944569561462e-08
0.345510729459222,7.01703828670383,0.008487313546926415,69,1403,334,-1.349872666587186e-05,2006,-5.735937836060722e-09
0.345510729459222,8.376776400682925,0.007827785507643344,69,1675,308,2.0616845013481632e-06,2252,
0.345510729459222,10.0,0.007268291208840381,69,2000,286,1.617522838018754e-05,2555,
0.41246263829013524,0.01,0.11554127661237884,82,2,4550,-0.0005383320045830856,4834,-5.627555975152474e-08
0.41246263829013524,0.011937766417144363,0.11490340933686834,82,2,4525,-0.0005369790054682987,4809,-5.643499794727259e-08
0.41246263829013524,0.014251026703029978,0.11415152064640836,82,3,4495,-0.0005353766352382951,4780,-5.662485036577137e-08
0.41246263829013524,0.017012542798525893,0.11326730816278403,82,3,4460,-0.0005334824364775931,4745,-5.685385217272983e-08
0.41246263829013524,0.020309176209047358,0.11223035221760015,82,4,4420,-0.0005313270455350655,4706,-5.711474454304785e-08
0.41246263829013524,0.024244620170823284,0.1110181985391993,82,5,4372,-0.0005287271380642116,4659,-5.743363351077915e-08
0.41246263829013524,0.028942661247167517,0.10960659861217795,82,6,4316,-0.0005256829722506458,4604,-5.7814119139286924e-08
0.41246263829013524,0.0345510729459222,0.10796996177274754,82,7,4252,-0.0005221948003682548,4541,-5.826064258806736e-08
0.41246263829013524,0.04124626382901352,0.10608207676476084,82,8,4178,-0.0005181546290030497,4468,-5.879355200009187e-08
0.41246263829013524,0.04923882631706739,0.10391715674524207,82,10,4092,-0.0005133982827207839,4384,-5.942329840003147e-08
0.41246263829013524,0.05878016072274912,0.10145124610682055,82,12,3995,-0.0005080062381188167,4289,-6.016322486544171e-08
0.41246263829013524,0.07017038286703829,0.09866399526477822,82,14,3885,-0.0005018720346785535,4181,-6.104459516366475e-08
0.41246263829013524,0.0837677640068292,0.09554075727219936,82,17,3762,-0.000494875093584817,4061,-6.206513261271326e-08
0.41246263829013524,0.1,0.0920748878880081,82,20,3626,-0.00048709697984777796,3928,-6.326723589535551e-08
0.41246263829013524,0.1193776641714437,0.0882700450564529,82,24,3476,-0.0004783099125097221,3782,-6.466233959931569e-08
0.41246263829013524,0.14251026703029984,0.08414219991423177,82,29,3314,-0.0004685416140539541,3625,-6.625717862168377e-08
0.41246263829013524,0.17012542798525893,0.0797210134081016,82,34,3139,-0.0004579052535589217,3455,-6.814512461514171e-08
0.41246263829013524,0.20309176209047358,0.07505022887888396,82,41,2955,-0.0004460726475825977,3278,-7.023438839630269e-08
0.41246263829013524,0.24244620170823283,0.07018680530408328,82,48,2764,-0.0004336159542561802,3094,-7.265001177104363e-08
0.41246263829013524,0.28942661247167517,0.06519867495699726,82,58,2568,-0.0004196268545212245,2908,-7.521919983817515e-08
0.41246263829013524,0.345510729459222,0.06016123247818469,82,69,2369,-0.000404752643388203,2720,-7.808089946066234e-08
0.41246263829013524,0.41246263829013524,0.055152901002011104,82,82,2172,-0.00038884845278827347,2536,-8.109659736808293e-08
0.41246263829013524,0.49238826317067413,0.05025031049523659,82,98,1979,-0.0003715422249463599,2359,-8.411337260736761e-08
0.41246263829013524,0.5878016072274915,0.0455237066086897,82,118,1793,-0.0003525132927180526,2193,-8.687472095611638e-08
0.41246263829013524,0.701703828670383,0.04103315868046638,82,140,1616,-0.0003328480518242932,2038,-8.950800610553675e-08
0.41246263829013524,0.837677640068292,0.03682596893983195,82,168,1450,-0.0003110106455242387,1900,-9.125899223129069e-08
0.41246263829013524,1.0,0.03293545268039914,82,200,1297,-0.0002883412768994798,1779,-9.218425160155754e-08
0.41246263829013524,1.1937766417144369,0.029381026305589242,82,239,1157,-0.0002639709983620021,1678,-9.161587848525727e-08
0.41246263829013524,1.4251026703029992,0.026169361283088444,82,285,1031,-0.00023862186411930753,1598,-8.93634520190348e-08
0.41246263829013524,1.7012542798525891,0.023296265450254764,82,340,917,-0.00021220330330977498,1539,-8.513058367290425e-08
0.41246263829013524,2.030917620904737,0.02074893844715779,82,406,817,-0.00018510650129752165,1505,-7.861216865880783e-08
0.41246263829013524,2.424462017082328,0.018508294772485067,82,485,729,-0.00015773071582226092,1496,-6.99731677530703e-08
0.41246263829013524,2.8942661247167516,0.016551127715986037,82,579,652,-0.00013065378040426546,1513,-5.962985395524831e-08
0.41246263829013524,3.4551072945922217,0.014851974456699443,82,691,585,-0.00010496905923510786,1558,-4.8453221581936786e-08
0.41246263829013524,4.1246263829013525,0.013384619278198059,82,825,527,-8.095878944420969e-05,1634,-3.7101659629440577e-08
0.41246263829013524,4.923882631706742,0.012123229519620426,82,985,477,-5.803511886412452e-05,1744,-2.590760993541504e-08
0.41246263829013524,5.878016072274912,0.011043156058917238,82,1176,435,-3.6514535440071895e-05,1893,-1.556857484440688e-08
0.41246263829013524,7.01703828670383,0.010121449607918932,82,1403,399,-1.6579442384802278e-05,2084,-6.634536921280163e-09
0.41246263829013524,8.376776400682925,0.009337150454249057,82,1675,368,1.80168210209894e-06,2325,
0.41246263829013524,10.0,0.008671407152941178,82,2000,341,1.8557736627167025e-05,2623,
0.49238826317067413,0.01,0.13107045797880482,98,2,5162,-0.0006092615528575998,5462,-5.625434448497203e-08
0.49238826317067413,0.011937766417144363,0.1303859635322699,98,2,5135,-0.00060780031381363,5435,-5.6406287823526735e-08
0.49238826317067413,0.014251026703029978,0.12957858420692292,98,3,5103,-0.0006060981142838422,5404,-5.6585876573490177e-08
0.49238826317067413,0.017012542798525893,0.12862838268290233,98,3,5065,-0.0006040415556293657,5366,-5.6804991313324335e-08
0.49238826317067413,0.020309176209047358,0.12751302816291468,98,4,5021,-0.0006016777014414701,5323,-5.705896926283093e-08
0.49238826317067413,0.024244620170823284,0.12620784560831672,98,5,4970,-0.0005989230487148566,5273,-5.73582187663867e-08
0.49238826317067413,0.028942661247167517,0.12468602574612897,98,6,4910,-0.0005956696082903192,5214,-5.7717686164326893e-08
0.49238826317067413,0.0345510729459222,0.12291905460815196,98,7,4841,-0.0005919176255462435,5146,-5.814149459623791e-08
0.49238826317067413,0.04124626382901352,0.12087742721891358,98,8,4760,-0.000587504980706715,5066,-5.8654305010454363e-08
0.49238826317067413,0.04923882631706739,0.11853170892871051,98,10,4668,-0.0005824353559181213,4976,-5.924645966095274e-08
0.49238826317067413,0.05878016072274912,0.11585399499359957,98,12,4562,-0.0005765659169631425,4872,-5.995602517377902e-08
0.49238826317067413,0.07017038286703829,0.1128197889577131,98,14,4443,-0.000569952527929002,4755,-6.079026761987369e-08
0.49238826317067413,0.0837677640068292,0.10941026860221789,98,17,4309,-0.0005623686875816676,4624,-6.176237815766402e-08
0.49238826317067413,0.1,0.1056148332264003,98,20,4159,-0.0005538371450319569,4477,-6.291916543199288e-08
0.49238826317067413,0.1193776641714437,0.10143373260080672,98,24,3994,-0.0005442373761834425,4316,-6.425652866001428e-08
0.49238826317067413,0.14251026703029984,0.09688048008002494,98,29,3815,-0.0005335372792130431,4142,-6.579082559103324e-08
0.49238826317067413,0.17012542798525893,0.09198367436641294,98,34,3622,-0.0005219031998827609,3954,-6.759633615374943e-08
0.49238826317067413,0.20309176209047358,0.08678782775099848,98,41,3418,-0.000508935628480976,3757,-6.960545924638471e-08
0.49238826317067413,0.24244620170823283,0.0813528532459545,98,48,3204,-0.0004951593234330812,3550,-7.194824349231654e-08
0.49238826317067413,0.28942661247167517,0.07575201389374671,98,58,2983,-0.0004796733158494095,3339,-7.446817047583563e-08
0.49238826317067413,0.345510729459222,0.07006837177267511,98,69,2759,-0.00046324077979604736,3126,-7.726654943090112e-08
0.49238826317067413,0.41246263829013524,0.06439004585627811,98,82,2536,-0.00044562910808053477,2916,-8.024379629212429e-08
0.49238826317067413,0.49238826317067413,0.058804827149547795,98,98,2316,-0.00042641659884492476,2712,-8.327408270156167e-08
0.49238826317067413,0.5878016072274915,0.05339483607132341,98,118,2103,-0.0004052723027801589,2519,-8.611601548200192e-08
0.49238826317067413,0.701703828670383,0.04823189792790611,98,140,1899,-0.00038332706702473416,2337,-8.889856747853277e-08
0.49238826317067413,0.837677640068292,0.043374160453907865,98,168,1708,-0.00035898515320254086,2174,-9.087495524477532e-08
0.49238826317067413,1.0,0.038864230299511505,98,200,1530,-0.000333548934770767,2028,-9.216095677795286e-08
0.49238826317067413,1.1937766417144369,0.03472883480364754,98,239,1368,-0.00030619137238755296,1905,-9.201236053140076e-08
0.49238826317067413,1.4251026703029992,0.03097978933752711,98,285,1220,-0.0002775058207044492,1803,-9.033980750844756e-08
0.49238826317067413,1.7012542798525891,0.02761591111286334,98,340,1088,-0.00024759158089900096,1726,-8.664561609332601e-08
0.49238826317067413,2.030917620904737,0.02462547670008551,98,406,970,-0.00021663292070519196,1674,-8.07488149340957e-08
0.49238826317067413,2.424462017082328,0.021988855024780995,98,485,866,-0.00018518972177314545,1649,-7.263367446900168e-08
0.49238826317067413,2.8942661247167516,0.01968102955601761,98,579,775,-0.00015392681523264382,1652,-6.26227889473734e-08
0.49238826317067413,3.4551072945922217,0.01767382180773624,98,691,696,-0.0001241133013390438,1685,-5.1524095140832845e-08
0.49238826317067413,4.1246263829013525,0.015937720030191324,98,825,628,-9.613027303895056e-05,1751,-3.9985638420274596e-08
0.49238826317067413,4.923882631706742,0.0144432892893546,98,985,569,-6.927455741312515e-05,1852,-2.8347528977119336e-08
0.49238826317067413,5.878016072274912,0.013162188156698841,98,1176,518,-4.3885092745647876e-05,1992,-1.7340951486394334e-08
0.49238826317067413,7.01703828670383,0.012067844951371014,98,1403,475,-2.0325525706477034e-05,2176,-7.612556444373422e-09
0.49238826317067413,8.376776400682925,0.011135857681919485,98,1675,439,1.4194332706078921e-06,2412,
0.49238826317067413,10.0,0.010344181887867657,98,2000,407,2.133660625912485e-05,2705,
0.5878016072274915,0.01,0.14774330983337888,118,2,5818,-0.0006866296393597917,6138,-5.633320310580535e-08
0.5878016072274915,0.011937766417144363,0.14701872717464703,118,2,5790,-0.0006851142803512301,6110,-5.6473530313497815e-08
0.5878016072274915,0.014251026703029978,0.14616346566553753,118,3,5756,-0.0006833139224283136,6077,-5.6644311348221006e-08
0.5878016072274915,0.017012542798525893,0.14515608299379124,118,3,5716,-0.0006811491238446519,6037,-5.684940657912038e-08
0.5878016072274915,0.020309176209047358,0.14397246390710627,118,4,5670,-0.0006786869124774353,5992,-5.708624188121889e-08
0.5878016072274915,0.024244620170823284,0.14258582605628095,118,5,5615,-0.0006757254495517237,5938,-5.737378154732065e-08
0.5878016072274915,0.028942661247167517,0.14096688549746986,118,6,5551,-0.0006722649721913166,5875,-5.771485779507252e-08
0.5878016072274915,0.0345510729459222,0.1390842444388278,118,7,5477,-0.0006682515928245475,5802,-5.811853742751377e-08
0.5878016072274915,0.04124626382901352,0.1369050720862495,118,8,5391,-0.0006635772992844162,5717,-5.8601059313473075e-08
0.5878016072274915,0.04923882631706739,0.1343961514771928,118,10,5293,-0.0006582000543074435,5621,-5.916022102906091e-08
0.5878016072274915,0.05878016072274912,0.13152535602090307,118,12,5179,-0.0006519136134028992,5509,-5.983515739125438e-08
0.5878016072274915,0.07017038286703829,0.12826359315924196,118,14,5051,-0.0006448278821936593,5383,-6.06266883345361e-08
0.5878016072274915,0.0837677640068292,0.12458720342141093,118,17,4906,-0.0006366683886118828,5241,-6.155405739515692e-08
0.5878016072274915,0.1,0.12048072793236214,118,20,4745,-0.000627558084047048,5083,-6.264430154794946e-08
0.5878016072274915,0.1193776641714437,0.11593985864152942,118,24,4566,-0.0006172175823490134,4908,-6.391639145179e-08
0.5878016072274915,0.14251026703029984,0.11097427495770076,118,29,4370,-0.000605609938962512,4717,-6.538793095969597e-08
0.5878016072274915,0.17012542798525893,0.10560997142058957,118,34,4159,-0.0005930041138706273,4511,-6.710954667653053e-08
0.5878016072274915,0.20309176209047358,0.09989062678136627,118,41,3934,-0.0005788859280458507,4293,-6.904354393726541e-08
0.5878016072274915,0.24244620170823283,0.09387759109598937,118,48,3697,-0.0005638300638597709,4063,-7.129977489033355e-08
0.5878016072274915,0.28942661247167517,0.08764819871306309,118,58,3452,-0.0005469596310546575,3828,-7.37333152317928e-08
0.5878016072274915,0.345510729459222,0.08129234913868065,118,69,3201,-0.0005289242754075147,3588,-7.646685220954551e-08
0.5878016072274915,0.41246263829013524,0.0749075958219396,118,82,2950,-0.0005095691286992108,3350,-7.939687265490975e-08
0.5878016072274915,0.49238826317067413,0.06859327370015661,118,98,2701,-0.0004884234432851685,3117,-8.241986947188485e-08
0.5878016072274915,0.5878016072274915,0.06244439754761667,118,118,2459,-0.00046514205523069457,2895,-8.531022442221251e-08
0.5878016072274915,0.701703828670383,0.05654611259949968,118,140,2227,-0.0004409359533653746,2685,-8.816814635346257e-08
0.5878016072274915,0.837677640068292,0.05096936075026231,118,168,2007,-0.000413932357654896,2493,-9.037271905972908e-08
0.5878016072274915,1.0,0.04576817733865014,118,200,1802,-0.0003856450260361303,2320,-9.194984979688759e-08
0.5878016072274915,1.1937766417144369,0.040978729638923635,118,239,1614,-0.0003550579109717395,2171,-9.223337497577372e-08
0.5878016072274915,1.4251026703029992,0.03661992985627985,118,285,1442,-0.0003228347288658883,2045,-9.107584573667815e-08
0.5878016072274915,1.7012542798525891,0.032695261964373806,118,340,1288,-0.0002890317135912607,1946,-8.797137548736903e-08
0.5878016072274915,2.030917620904737,0.029195376153968607,118,406,1150,-0.00025382923527908583,1874,-8.268053266419733e-08
0.5878016072274915,2.424462017082328,0.026101016219723973,118,485,1028,-0.00021783313813474118,1831,-7.5111767145753e-08
0.5878016072274915,2.8942661247167516,0.02338592273634276,118,579,921,-0.0001817994746600094,1818,-6.549349914260526e-08
0.5878016072274915,3.4551072945922217,0.021019462345975393,118,691,828,-0.00014719367316827633,1837,-5.455416110783669e-08
0.5878016072274915,4.1246263829013525,0.018968841267027418,118,825,747,-0.00011447006287030664,1890,-4.292283974918505e-08
0.5878016072274915,4.923882631706742,0.01720085085206899,118,985,677,-8.291814040505539e-05,1980,-3.0892574142743654e-08
0.5878016072274915,5.878016072274912,0.015683157179407044,118,1176,618,-5.302752484098993e-05,2112,-1.9249696826171055e-08
0.5878016072274915,7.01703828670383,0.014385185614943714,118,1403,566,-2.5032641698646565e-05,2287,-8.705067984395321e-09
0.5878016072274915,8.376776400682925,0.013278669645431784,118,1675,523,8.770868751354913e-07,2516,
0.5878016072274915,10.0,0.012337937067048119,118,2000,486,2.463244868416582e-05,2804,
0.701703828670383,0.01,0.1654289878383494,140,2,6515,-0.0007646980996921764,6857,-5.609334240659715e-08
0.701703828670383,0.011937766417144363,0.1646729582570044,140,2,6485,-0.0007630745007544319,6827,-5.622666053276979e-08
0.701703828670383,0.014251026703029978,0.16377992289962312,140,3,6450,-0.0007612302278959764,6793,-5.6383247751720345e-08
0.701703828670383,0.017012542798525893,0.1627271363961946,140,3,6408,-0.0007589571893831346,6751,-5.657391619306395e-08
0.701703828670383,0.020309176209047358,0.16148890899644064,140,4,6359,-0.000756342847540003,6703,-5.6798017441703514e-08
0.701703828670383,0.024244620170823284,0.16003655988462412,140,5,6302,-0.000753283380587326,6647,-5.706225404189097e-08
0.701703828670383,0.028942661247167517,0.15833852430510637,140,6,6235,-0.000749670768518543,6581,-5.737832508140149e-08
0.701703828670383,0.0345510729459222,0.1563606796414896,140,7,6157,-0.0007454511072601395,6504,-5.7754314407074105e-08
0.701703828670383,0.04124626382901352,0.15406696633989128,140,8,6067,-0.000740570488685825,6415,-5.819953733106254e-08
0.701703828670383,0.04923882631706739,0.15142038512795597,140,10,5963,-0.0007348886435899817,6313,-5.8722878990962635e-08
0.701703828670383,0.05878016072274912,0.1483844473936189,140,12,5843,-0.0007282972542113516,6195,-5.9347610132186166e-08
0.701703828670383,0.07017038286703829,0.14492513456524214,140,14,5707,-0.0007207978799668257,6061,-6.00851163833143e-08
0.701703828670383,0.0837677640068292,0.14101337819871798,140,17,5553,-0.0007121792172998013,5910,-6.094753133042717e-08
0.701703828670383,0.1,0.136628000170587,140,20,5380,-0.0007024458445572688,5740,-6.197030882183542e-08
0.701703828670383,0.1193776641714437,0.13175895169649343,140,24,5189,-0.0006914882229811723,5553,-6.315214702519301e-08
0.701703828670383,0.14251026703029984,0.12641056949328108,140,29,4978,-0.0006791038805333059,5347,-6.452832926014772e-08
0.701703828670383,0.17012542798525893,0.12060444813851219,140,34,4749,-0.0006655523305919913,5123,-6.614539618444033e-08
0.701703828670383,0.20309176209047358,0.11438144286908938,140,41,4504,-0.0006503791344438031,4885,-6.796616781868033e-08
0.701703828670383,0.24244620170823283,0.1078023068746335,140,48,4245,-0.0006341443921248721,4633,-7.008824157528594e-08
0.701703828670383,0.28942661247167517,0.10094656588915184,140,58,3975,-0.00061590911240728,4373,-7.240027182406019e-08
0.701703828670383,0.345510729459222,0.09390945164889623,140,69,3698,-0.0005964136276290562,4107,-7.49930374791971e-08
0.701703828670383,0.41246263829013524,0.08679702771091269,140,82,3418,-0.0005753725531376204,3840,-7.780856518402596e-08
0.701703828670383,0.49238826317067413,0.07971997915647726,140,98,3139,-0.0005523829697696951,3577,-8.073932988524476e-08
0.701703828670383,0.5878016072274915,0.07278681113519767,140,118,2866,-0.000527038316896065,3324,-8.3595307090661e-08
0.701703828670383,0.701703828670383,0.06609732779279386,140,140,2603,-0.0005006059479499145,3083,-8.645864817135302e-08
0.701703828670383,0.837677640068292,0.05973720267853245,140,168,2352,-0.00047107001157283885,2860,-8.877928933842665e-08
0.701703828670383,1.0,0.053774223590380095,140,200,2118,-0.00044006986420646476,2658,-9.053594204283825e-08
0.701703828670383,1.1937766417144369,0.048256469377031874,140,239,1900,-0.00040629644537263667,2479,-9.120009997141114e-08
0.701703828670383,1.4251026703029992,0.04321234528656072,140,285,1702,-0.0003706765333083707,2327,-9.047334523816246e-08
0.701703828670383,1.7012542798525891,0.038652145580435504,140,340,1522,-0.00033298974944250594,2202,-8.797894502401818e-08
0.701703828670383,2.030917620904737,0.0345706694094733,140,406,1361,-0.00029356636676795535,2107,-8.334176501741843e-08
0.701703828670383,2.424462017082328,0.03095038978687091,140,485,1219,-0.0002530305771135725,2044,-7.640365760609841e-08
0.701703828670383,2.8942661247167516,0.027764737934614345,140,579,1093,-0.00021211290460057276,2012,-6.736480366643358e-08
0.701703828670383,3.4551072945922217,0.024981176459453462,140,691,984,-0.00017257346112866566,2015,-5.6798227046388725e-08
0.701703828670383,4.1246263829013525,0.02256385790993216,140,825,889,-0.00013495484172548842,2054,-4.530875380233684e-08
0.701703828670383,4.923882631706742,0.02047577467998547,140,985,806,-9.843663632720956e-05,2131,-3.3152131968857206e-08
0.701703828670383,5.878016072274912,0.01868038916750995,140,1176,736,-6.366842811647318e-05,2252,-2.1100147183199394e-08
0.701703828670383,7.01703828670383,0.017142787031599646,140,1403,675,-3.0988388097818485e-05,2418,-9.93217567237772e-09
0.701703828670383,8.376776400682925,0.015830425049150016,140,1675,623,-5.232197288644077e-07,2638,-1.5923081781187847e-10
0.701703828670383,10.0,0.01471355483907022,140,2000,579,2.7475577784505645e-05,2919,
0.837677640068292,0.01,0.18396100947603983,168,2,7244,-0.0008485425519705197,7614,-5.60176918548036e-08
0.837677640068292,0.011937766417144363,0.18318395491258252,168,2,7214,-0.0008469189530327729,7584,-5.613731380995886e-08
0.837677640068292,0.014251026703029978,0.18226538602246603,168,3,7178,-0.0008450319998496477,7549,-5.6282486076416576e-08
0.837677640068292,0.017012542798525893,0.18118152561885145,168,3,7135,-0.0008427048413722138,7506,-5.6457340106938965e-08
0.837677640068292,0.020309176209047358,0.17990540178197256,168,4,7085,-0.0008400480669985532,7457,-5.666275898111034e-08
0.837677640068292,0.024244620170823284,0.17840674138217566,168,5,7026,-0.0008368922725034613,7399,-5.6908064475784186e-08
0.837677640068292,0.028942661247167517,0.17665200666119107,168,6,6957,-0.0008331835357420828,7331,-5.719947273717674e-08
0.837677640068292,0.0345510729459222,0.17460464095901912,168,7,6876,-0.0008288138112447135,7251,-5.7548361985157207e-08
0.837677640068292,0.04124626382901352,0.17222560276629534,168,8,6782,-0.000823729170210434,7158,-5.796305260401835e-08
0.837677640068292,0.04923882631706739,0.16947427649135285,168,10,6674,-0.0008178561629572935,7052,-5.844768819158302e-08
0.837677640068292,0.05878016072274912,0.16630984890909029,168,12,6549,-0.0008110199028341983,6929,-5.902636563965239e-08
0.837677640068292,0.07017038286703829,0.16269322582210838,168,14,6407,-0.0008032218067416326,6789,-5.970897176847587e-08
0.837677640068292,0.0837677640068292,0.15858952662318826,168,17,6245,-0.0007942093965942917,6630,-6.051211421082925e-08
0.837677640068292,0.1,0.1539711284719697,168,20,6063,-0.000784028051171282,6451,-6.146096671908029e-08
0.837677640068292,0.1193776641714437,0.1488211336190506,168,24,5861,-0.0007725264515939928,6253,-6.25606515150086e-08
0.837677640068292,0.14251026703029984,0.1431370077958272,168,29,5637,-0.0007595003621469719,6034,-6.384244433201854e-08
0.837677640068292,0.17012542798525893,0.13693400143100987,168,34,5392,-0.0007451408808032126,5794,-6.535360410073012e-08
0.837677640068292,0.20309176209047358,0.1302478499245734,168,41,5129,-0.0007290662765979876,5538,-6.705808933992763e-08
0.837677640068292,0.24244620170823283,0.12313619669720885,168,48,4849,-0.0007117558639082393,5265,-6.90491488042483e-08
0.837677640068292,0.28942661247167517,0.11567823616113217,168,58,4555,-0.000692284657413129,4981,-7.123589321202783e-08
0.837677640068292,0.345510729459222,0.10797225893096081,168,69,4252,-0.0006714152619361658,4689,-7.369217062479594e-08
0.837677640068292,0.41246263829013524,0.10013108838480511,168,82,3943,-0.0006487922224622736,4393,-7.638493174513329e-08
0.837677640068292,0.49238826317067413,0.09227577028969298,168,98,3634,-0.0006240853590322324,4100,-7.920508252348316e-08
0.837677640068292,0.5878016072274915,0.08452822310940562,168,118,3329,-0.0005967734632705262,3815,-8.20063683182074e-08
0.837677640068292,0.701703828670383,0.07700377591529838,168,140,3032,-0.0005681011711434644,3540,-8.487634928517325e-08
0.837677640068292,0.837677640068292,0.0698045450918053,168,168,2749,-0.0005361370814040355,3285,-8.726246287476408e-08
0.837677640068292,1.0,0.06301442248631246,168,200,2482,-0.0005023425783857276,3050,-8.92057540001079e-08
0.837677640068292,1.1937766417144369,0.056696122585893696,168,239,2233,-0.0004654280305810448,2840,-9.015869426557145e-08
0.837677640068292,1.4251026703029992,0.050890360785416595,168,285,2004,-0.0004261748933316428,2657,-8.988831706410305e-08
0.837677640068292,1.7012542798525891,0.045616906267333994,168,340,1796,-0.0003844416339282698,2504,-8.79358883052147e-08
0.837677640068292,2.030917620904737,0.04087703730231501,168,406,1610,-0.0003405107635812831,2384,-8.390271131019197e-08
0.837677640068292,2.424462017082328,0.03665684424879311,168,485,1444,-0.00029490470479156216,2297,-7.763183375405715e-08
0.837677640068292,2.8942661247167516,0.03293085713209778,168,579,1297,-0.0002485307324185823,2244,-6.917312362744714e-08
0.837677640068292,3.4551072945922217,0.029665579700973985,168,691,1168,-0.00020323680788853827,2227,-5.905094193848955e-08
0.837677640068292,4.1246263829013525,0.026822646533787572,168,825,1056,-0.0001598562094397392,2249,-4.7757618049419575e-08
0.837677640068292,4.923882631706742,0.024361449820309636,168,985,959,-0.00011750440155368019,2312,-3.550668454132527e-08
0.837677640068292,5.878016072274912,0.02224118774780026,168,1176,876,-7.686581809537755e-05,2420,-2.3075621456175115e-08
0.837677640068292,7.01703828670383,0.020422359757209838,168,1403,804,-3.845346414254291e-05,2575,-1.1272840952210658e-08
0.837677640068292,8.376776400682925,0.018867776968869394,168,1675,743,-2.4720328489248934e-06,2786,-6.946410082627724e-10
0.837677640068292,10.0,0.017543175009703853,168,2000,691,3.0786264071939716e-05,3059,
1.0,0.01,0.20314810298004596,200,2,8000,-0.0009326367226022145,8402,-5.5773036873712147e-08
1.0,0.011937766417144363,0.20236170028078154,200,2,7969,-0.0009309590036998778,8371,-5.588405161607933e-08
1.0,0.014251026703029978,0.20143135903415674,200,3,7932,-0.0009290289090011438,8335,-5.601864591053358e-08
1.0,0.017012542798525893,0.20033260087209717,200,3,7889,-0.0009267017505237106,8292,-5.617545418703722e-08
1.0,0.020309176209047358,0.19903753712103595,200,4,7838,-0.0009240022736441513,8242,-5.63638726548143e-08
1.0,0.024244620170823284,0.19751469815659808,200,5,7778,-0.0009208041915576503,8183,-5.658784421191893e-08
1.0,0.028942661247167517,0.19572899043916756,200,6,7708,-0.0009170535586977764,8114,-5.685278151318613e-08
1.0,0.0345510729459222,0.19364184641224041,200,7,7626,-0.0009126423068292384,8033,-5.7168630674267814e-08
1.0,0.04124626382901352,0.19121164753432962,200,8,7530,-0.0009074623650598477,7938,-5.754650616770969e-08
1.0,0.04923882631706739,0.18839451338691712,200,10,7419,-0.000901453830604612,7829,-5.799084904524817e-08
1.0,0.05878016072274912,0.1851455557285625,200,12,7291,-0.0008944831792077137,7703,-5.8517875549058706e-08
1.0,0.07017038286703829,0.18142068937115421,200,14,7144,-0.0008864434324455201,7558,-5.9144490734140403e-08
1.0,0.0837677640068292,0.17717906411239867,200,17,6977,-0.0008772053654800083,7394,-5.987717237585107e-08
1.0,0.1,0.1723861256239773,200,20,6789,-0.0008667456592124317,7209,-6.074088193416137e-08
1.0,0.1193776641714437,0.16701722237656322,200,24,6577,-0.0008547661492391562,7001,-6.175574082652194e-08
1.0,0.14251026703029984,0.16106155088195598,200,29,6343,-0.0008412790936536422,6772,-6.292891867386274e-08
1.0,0.17012542798525893,0.15452608441146373,200,34,6085,-0.0008262961033014724,6519,-6.431621209750397e-08
1.0,0.20309176209047358,0.14743898759963137,200,41,5806,-0.0008094648580838421,6247,-6.588921812547758e-08
1.0,0.24244620170823283,0.1398519224906869,200,48,5507,-0.000791229502997503,5955,-6.772903089101639e-08
1.0,0.28942661247167517,0.13184064945726295,200,58,5192,-0.0007707544509097999,5650,-6.975355403141085e-08
1.0,0.345510729459222,0.12350345901212807,200,69,4864,-0.0007486522475931023,5333,-7.204425972549861e-08
1.0,0.41246263829013524,0.11495724780902578,200,82,4527,-0.0007246150933772063,5009,-7.457127999123258e-08
1.0,0.49238826317067413,0.10633143703761253,200,98,4187,-0.0006982885031463368,4685,-7.724874695738437e-08
1.0,0.5878016072274915,0.09776033897050744,200,118,3850,-0.0006692098548566928,4368,-7.993428748885485e-08
1.0,0.701703828670383,0.08937489680168419,200,140,3520,-0.0006385775911777863,4060,-8.270873370347455e-08
1.0,0.837677640068292,0.08129485739710281,200,168,3201,-0.0006042527307397402,3769,-8.512951895730936e-08
1.0,1.0,0.07362234335922699,200,200,2899,-0.0005678629275166297,3499,-8.717629944252494e-08
1.0,1.1937766417144369,0.06643749967628484,200,239,2616,-0.0005279826836936156,3255,-8.835583865387064e-08
1.0,1.4251026703029992,0.059796490515235695,200,285,2355,-0.0004853805107587333,3040,-8.842463578640482e-08
1.0,1.7012542798525891,0.053731724938586675,200,340,2116,-0.0004397568008872594,2856,-8.696620698472887e-08
1.0,2.030917620904737,0.048253888645110224,200,406,1900,-0.0003913175916065569,2706,-8.357915241489895e-08
1.0,2.424462017082328,0.043355198813490065,200,485,1707,-0.0003406679401153688,2592,-7.800460243340678e-08
1.0,2.8942661247167516,0.03901327859396946,200,579,1536,-0.00028875837921809975,2515,-7.021582788274108e-08
1.0,3.4551072945922217,0.035195130706571924,200,691,1386,-0.00023760424434163355,2477,-6.063745887180447e-08
1.0,4.1246263829013525,0.0318608273268481,200,825,1255,-0.00018818935964397157,2480,-4.971715091513568e-08
1.0,4.923882631706742,0.028966682252175,200,985,1141,-0.000139562818605952,2526,-3.759126082947767e-08
1.0,5.878016072274912,0.026467801594930264,200,1176,1042,-9.251568348446644e-05,2618,-2.4992890656260523e-08
1.0,7.01703828670383,0.02432000670083502,200,1403,958,-4.7863347040305875e-05,2761,-1.2738693281462819e-08
1.0,8.376776400682925,0.022481185433994317,200,1675,885,-5.68133410031493e-06,2960,-1.464110426841287e-09
1.0,10.0,0.02091216036934894,200,2000,824,3.34547526978561e-05,3224,
1.1937766417144369,0.01,0.2227893040345517,239,2,8773,-0.0010186878787134955,9214,-5.555089556031957e-08
1.1937766417144369,0.011937766417144363,0.22200580455657448,239,2,8743,-0.0010170642797757508,9184,-5.5648074696977944e-08
1.1937766417144369,0.014251026703029978,0.22107817496938156,239,3,8706,-0.0010151448813156268,9148,-5.57703272408026e-08
1.1937766417144369,0.017012542798525893,0.21998160888455492,239,3,8663,-0.0010128177228381932,9105,-5.5911927163302875e-08
1.1937766417144369,0.020309176209047358,0.2186877216518407,239,4,8612,-0.0010101295687920382,9055,-5.608254117885028e-08
1.1937766417144369,0.024244620170823284,0.21716431482343962,239,5,8552,-0.001006943410723628,8996,-5.628501441713105e-08
1.1937766417144369,0.028942661247167517,0.2153752490442997,239,6,8481,-0.0010031511583128382,8926,-5.652753249774815e-08
1.1937766417144369,0.0345510729459222,0.213280487721983,239,7,8399,-0.0009987529590709241,8845,-5.681201544661786e-08
1.1937766417144369,0.04124626382901352,0.21083639036968285,239,8,8303,-0.000993586598550725,8750,-5.715155250873879e-08
1.1937766417144369,0.04923882631706739,0.20799635014546264,239,10,8191,-0.0009875526010145208,8640,-5.7554246782642495e-08
1.1937766417144369,0.05878016072274912,0.2047118811047011,239,12,8062,-0.0009805583321506359,8513,-5.802985605845581e-08
1.1937766417144369,0.07017038286703829,0.20093426137259915,239,14,7913,-0.0009724425245690112,8366,-5.8596689020230226e-08
1.1937766417144369,0.0837677640068292,0.19661682120947502,239,17,7743,-0.0009630931610917846,8199,-5.926099890299516e-08
1.1937766417144369,0.1,0.19171792096118198,239,20,7550,-0.0009524168231342498,8009,-6.004771597845343e-08
1.1937766417144369,0.1193776641714437,0.18620458512612006,239,24,7333,-0.0009402423780300147,7796,-6.096633827011856e-08
1.1937766417144369,0.14251026703029984,0.18005664156575574,239,29,7091,-0.0009264214794327428,7559,-6.203587868950524e-08
1.1937766417144369,0.17012542798525893,0.17327106492942576,239,34,6823,-0.0009109997919166991,7296,-6.329939243107932e-08
1.1937766417144369,0.20309176209047358,0.16586606082270086,239,41,6532,-0.0008936653519611665,7012,-6.473359120287067e-08
1.1937766417144369,0.24244620170823283,0.1578842893313532,239,48,6217,-0.0008747102384419415,6704,-6.641848840988859e-08
1.1937766417144369,0.28942661247167517,0.1493945638245523,239,58,5883,-0.0008534096414886572,6380,-6.828194841295928e-08
1.1937766417144369,0.345510729459222,0.14049142474175585,239,69,5533,-0.0008303242020265405,6041,-7.039437692462269e-08
1.1937766417144369,0.41246263829013524,0.13129220912279405,239,82,5170,-0.0008050950242232471,5691,-7.274210088935895e-08
1.1937766417144369,0.49238826317067413,0.12193160288109406,239,98,4802,-0.0007774626871272361,5339,-7.524016915839576e-08
1.1937766417144369,0.5878016072274915,0.11255410762591249,239,118,4432,-0.0007467632093872987,4989,-7.780177379564867e-08
1.1937766417144369,0.701703828670383,0.10330526677150491,239,140,4068,-0.0007143414795936699,4647,-8.046452012382345e-08
1.1937766417144369,0.837677640068292,0.09432275746936597,239,168,3714,-0.0006779906785865365,4321,-8.284788998755267e-08
1.1937766417144369,1.0,0.08572848387396932,239,200,3376,-0.000639252066143478,4015,-8.493870164701198e-08
1.1937766417144369,1.1937766417144369,0.07762259411315478,239,239,3057,-0.0005966218668228693,3735,-8.628835783666113e-08
1.1937766417144369,1.4251026703029992,0.07007995527668821,239,285,2760,-0.0005507669371442011,3484,-8.667489253811548e-08
1.1937766417144369,1.7012542798525891,0.06314917245192073,239,340,2487,-0.0005013644011896929,3266,-8.566699949247035e-08
1.1937766417144369,2.030917620904737,0.05685384562709021,239,406,2239,-0.0004485061019567004,3084,-8.286395013758746e-08
1.1937766417144369,2.424462017082328,0.05119550077186342,239,485,2016,-0.00039273012716406144,2940,-7.797462736349261e-08
1.1937766417144369,2.8942661247167516,0.0461575328810434,239,579,1818,-0.0003350501670996377,2836,-7.088428489515726e-08
1.1937766417144369,3.4551072945922217,0.0417095364938036,239,691,1643,-0.00027755803125761923,2773,-6.193114055711183e-08
1.1937766417144369,4.1246263829013525,0.037811524567810714,239,825,1489,-0.0002214724277607294,2753,-5.148653692165852e-08
1.1937766417144369,4.923882631706742,0.03441769735886833,239,985,1355,-0.0001658482031146109,2779,-3.959892152108564e-08
1.1937766417144369,5.878016072274912,0.031479578211654036,239,1176,1240,-0.00011164700457862026,2855,-2.6937944452690308e-08
1.1937766417144369,7.01703828670383,0.028948458875179283,239,1403,1140,-5.9695715731037145e-05,2982,-1.4323763252480359e-08
1.1937766417144369,8.376776400682925,0.026777184504716035,239,1675,1054,-1.032044443385828e-05,3168,-2.420276076380408e-09
1.1937766417144369,10.0,0.02492135988438393,239,2000,981,3.5841881201517434e-05,3420,
1.4251026703029992,0.01,0.24269188477622963,285,2,9557,-0.001104276900228446,10044,-5.5260042406874453e-08
1.4251026703029992,0.011937766417144363,0.2419233603622049,285,2,9527,-0.0011026533012907015,10014,-5.534830204931922e-08
1.4251026703029992,0.014251026703029978,0.24101275874054356,285,3,9491,-0.0011007975393202414,9979,-5.5456801197414234e-08
1.4251026703029992,0.017012542798525893,0.23993533896534072,285,3,9449,-0.001098524500807399,9937,-5.55822062383955e-08
1.4251026703029992,0.020309176209047358,0.23866267189286164,285,4,9399,-0.0010959007432319616,9888,-5.5734271098144005e-08
1.4251026703029992,0.024244620170823284,0.23716234303556671,285,5,9339,-0.001092725597096354,9829,-5.5918033007413635e-08
1.4251026703029992,0.028942661247167517,0.23539774186173498,285,6,9270,-0.0010890533079458405,9761,-5.613156036789579e-08
1.4251026703029992,0.0345510729459222,0.23332799526427314,285,7,9188,-0.0010846675199198581,9680,-5.638878075143579e-08
1.4251026703029992,0.04124626382901352,0.2309081202256329,285,8,9093,-0.0010795683554558986,9586,-5.66919198232132e-08
1.4251026703029992,0.04923882631706739,0.22808948851406813,285,10,8982,-0.001073616535116909,9477,-5.7051788745672246e-08
1.4251026703029992,0.05878016072274912,0.22482071156305083,285,12,8853,-0.0010666527190304604,9350,-5.747943210101893e-08
1.4251026703029992,0.07017038286703829,0.22104906161074808,285,14,8705,-0.0010586237127765197,9204,-5.798390294111472e-08
1.4251026703029992,0.0837677640068292,0.21672253863867066,285,17,8535,-0.0010493272021032127,9037,-5.857777988004581e-08
1.4251026703029992,0.1,0.21179266268953756,285,20,8340,-0.0010385996215885268,8845,-5.928553774779531e-08
1.4251026703029992,0.1193776641714437,0.2062180082460292,285,24,8121,-0.0010263985587493992,8630,-6.010823237682007e-08
1.4251026703029992,0.14251026703029984,0.1999683943078516,285,29,7875,-0.001012470788300611,8389,-6.106947272456789e-08
1.4251026703029992,0.17012542798525893,0.19302950032558613,285,34,7602,-0.0009968948060459489,8121,-6.220065077643269e-08
1.4251026703029992,0.20309176209047358,0.18540750656598726,285,41,7301,-0.0009791901126261398,7827,-6.350113959666381e-08
1.4251026703029992,0.24244620170823283,0.17713318751920282,285,48,6976,-0.0009598706481849247,7509,-6.501409154844641e-08
1.4251026703029992,0.28942661247167517,0.16826476609243868,285,58,6626,-0.0009379603764332975,7169,-6.671107453700682e-08
1.4251026703029992,0.345510729459222,0.15888882181845304,285,69,6257,-0.000914124836590006,6811,-6.863685375213661e-08
1.4251026703029992,0.41246263829013524,0.1491186870331374,285,82,5872,-0.0008880177722798728,6439,-7.078162490633361e-08
1.4251026703029992,0.49238826317067413,0.1390900767381219,285,98,5477,-0.0008592712473725452,6060,-7.309164682211631e-08
1.4251026703029992,0.5878016072274915,0.12895414239177458,285,118,5078,-0.0008273595701416691,5681,-7.54744128089885e-08
1.4251026703029992,0.701703828670383,0.11886862159898472,285,140,4681,-0.0007934313364618928,5306,-7.798433460011685e-08
1.4251026703029992,0.837677640068292,0.1089881453381998,285,168,4292,-0.0007553592206650717,4945,-8.028323002430433e-08
1.4251026703029992,1.0,0.09945494476399269,285,200,3917,-0.0007145679815846614,4602,-8.236449264895217e-08
1.4251026703029992,1.1937766417144369,0.0903911134801976,285,239,3560,-0.0006694899660688638,4284,-8.382875464149852e-08
1.4251026703029992,1.4251026703029992,0.08189325605871073,285,285,3225,-0.000620714778878072,3995,-8.446248181767206e-08
1.4251026703029992,1.7012542798525891,0.07402988979519258,285,340,2915,-0.0005678202205215431,3740,-8.385318396265921e-08
1.4251026703029992,2.030917620904737,0.06684149508452243,285,406,2632,-0.0005107945397517299,3523,-8.159292232164216e-08
1.4251026703029992,2.424462017082328,0.060342742306208445,285,485,2376,-0.00045008131032060625,3346,-7.7372909644872e-08
1.4251026703029992,2.8942661247167516,0.05452621971619216,285,579,2147,-0.00038663344927234935,3211,-7.102167007214511e-08
1.4251026703029992,3.4551072945922217,0.04936694955877792,285,691,1944,-0.0003226773770723006,3120,-6.275621131136042e-08
1.4251026703029992,4.1246263829013525,0.044827068597471424,285,825,1765,-0.0002596750884305845,3075,-5.288052140890817e-08
1.4251026703029992,4.923882631706742,0.040860207706267096,285,985,1609,-0.00019661635692261683,3079,-4.1372361715572224e-08
1.4251026703029992,5.878016072274912,0.03741528058637132,285,1176,1473,-0.00013451747570058606,3134,-2.882978613019213e-08
1.4251026703029992,7.01703828670383,0.03443954759955938,285,1403,1356,-7.457067872703506e-05,3244,-1.6022095707792265e-08
1.4251026703029992,8.376776400682925,0.03188093891150718,285,1675,1255,-1.7099825511977095e-05,3415,-3.622690884279712e-09
1.4251026703029992,10.0,0.02968969800175783,285,2000,1169,3.698676992454567e-05,3654,
1.7012542798525891,0.01,0.262690183190868,340,2,10345,-0.001189061646584088,10887,-5.493267269327482e-08
1.7012542798525891,0.011937766417144363,0.2619477953371305,340,2,10316,-0.0011874921676109354,10858,-5.501051426303192e-08
1.7012542798525891,0.014251026703029978,0.2610675014027404,340,3,10281,-0.0011856985582240993,10824,-5.510714503203623e-08
1.7012542798525891,0.017012542798525893,0.26002501479943674,340,3,10240,-0.0011834796396758486,10783,-5.521866874181614e-08
1.7012542798525891,0.020309176209047358,0.2587923154501622,340,4,10191,-0.0011809188950267962,10735,-5.53547774794548e-08
1.7012542798525891,0.024244620170823284,0.2573372981473966,340,5,10134,-0.0011779158391111637,10679,-5.5513990671812694e-08
1.7012542798525891,0.028942661247167517,0.25562348406563884,340,6,10066,-0.001174308215069096,10612,-5.570552957922985e-08
1.7012542798525891,0.0345510729459222,0.2536098470287008,340,7,9987,-0.0011700961247754988,10534,-5.593065382703928e-08
1.7012542798525891,0.04124626382901352,0.25125082345037864,340,8,9894,-0.0011651173090670883,10442,-5.6199633271226765e-08
1.7012542798525891,0.04923882631706739,0.24849659389587433,340,10,9786,-0.0011593542944436748,10336,-5.651681504631475e-08
1.7012542798525891,0.05878016072274912,0.2452937427374333,340,12,9660,-0.0011525821176047793,10212,-5.6894034948701734e-08
1.7012542798525891,0.07017038286703829,0.24158641644607298,340,14,9514,-0.0011446933047203184,10068,-5.7342009477758284e-08
1.7012542798525891,0.0837677640068292,0.23731810452210497,340,17,9346,-0.0011355576438630002,9903,-5.7869179174013556e-08
1.7012542798525891,0.1,0.23243415146551064,340,20,9153,-0.00112499609180991,9713,-5.84956880369876e-08
1.7012542798525891,0.1193776641714437,0.2268850634372455,340,24,8935,-0.0011129334526727669,9499,-5.922568050665553e-08
1.7012542798525891,0.14251026703029984,0.2206305896613543,340,29,8688,-0.0010990671565777217,9257,-6.008287303103792e-08
1.7012542798525891,0.17012542798525893,0.21364443066050032,340,34,8413,-0.001083508158221248,8987,-6.108910644372447e-08
1.7012542798525891,0.20309176209047358,0.20591925734522,340,41,8109,-0.001065829418573331,8690,-6.22441751252868e-08
1.7012542798525891,0.24244620170823283,0.1974715368511403,340,48,7776,-0.0010462767884181746,8364,-6.359943130757536e-08
1.7012542798525891,0.28942661247167517,0.18834549250020155,340,58,7417,-0.0010241777579146135,8015,-6.511530261373577e-08
1.7012542798525891,0.345510729459222,0.17861543295477084,340,69,7034,-0.000999920868237766,7643,-6.684695837229255e-08
1.7012542798525891,0.41246263829013524,0.16838573026011702,340,82,6631,-0.0009732356900884032,7253,-6.878360181100916e-08
1.7012542798525891,0.49238826317067413,0.1577879498077826,340,98,6214,-0.0009437669951748597,6852,-7.088232695446636e-08
1.7012542798525891,0.5878016072274915,0.14697503351726526,340,118,5788,-0.0009109271401890196,6446,-7.307574334556598e-08
1.7012542798525891,0.701703828670383,0.13611294461135653,340,140,5360,-0.0008758171171080232,6040,-7.540786584825934e-08
1.7012542798525891,0.837677640068292,0.12537067707730537,340,168,4937,-0.0008363758258726656,5645,-7.758962638946087e-08
1.7012542798525891,1.0,0.11490987520651329,340,200,4525,-0.000793886805990536,5265,-7.961957737343656e-08
1.7012542798525891,1.1937766417144369,0.10487539269473911,340,239,4130,-0.0007467920422399211,4909,-8.113600771820702e-08
1.7012542798525891,1.4251026703029992,0.09538791974354816,340,285,3756,-0.0006955240505872894,4581,-8.194937937271592e-08
1.7012542798525891,1.7012542798525891,0.08653938420424472,340,340,3408,-0.0006395963453027312,4288,-8.166116109948663e-08
1.7012542798525891,2.030917620904737,0.07839131580695485,340,406,3087,-0.000578753932055824,4033,-7.989998344108412e-08
1.7012542798525891,2.424462017082328,0.0709758890217116,340,485,2795,-0.0005133832289374485,3820,-7.631908618324441e-08
1.7012542798525891,2.8942661247167516,0.06429903097360638,340,579,2532,-0.00044433399692857706,3651,-7.070563325131551e-08
1.7012542798525891,3.4551072945922217,0.0583448352596592,340,691,2298,-0.00037383851589826474,3529,-6.315992037369397e-08
1.7012542798525891,4.1246263829013525,0.053080542178121144,340,825,2090,-0.0003036982539861017,3455,-5.395626869667443e-08
1.7012542798525891,4.923882631706742,0.048461477769318986,340,985,1908,-0.00023266434477058377,3433,-4.294823727794994e-08
1.7012542798525891,5.878016072274912,0.04443552690210489,340,1176,1750,-0.00016212307683985953,3466,-3.067027560345432e-08
1.7012542798525891,7.01703828670383,0.04094689901518869,340,1403,1612,-9.324118644120114e-05,3555,-1.7823099092647043e-08
1.7012542798525891,8.376776400682925,0.03793909775500232,340,1675,1494,-2.6665951527077355e-05,3709,-5.066913848831669e-09
1.7012542798525891,10.0,0.035357114898880986,340,2000,1392,3.657865965222115e-05,3932,
2.030917620904737,0.01,0.2826633019104988,406,2,11131,-0.001272290845082315,11739,-5.4569064915579463e-08
2.030917620904737,0.011937766417144363,0.28195668592412726,406,2,11103,-0.0012707754860737533,11711,-5.46379280042305e-08
2.030917620904737,0.014251026703029978,0.2811182051179578,406,3,11070,-0.001269096341997658,11679,-5.472176984958727e-08
2.030917620904737,0.017012542798525893,0.2801243874505721,406,3,11031,-0.00126698566337859,11640,-5.4818817361648625e-08
2.030917620904737,0.020309176209047358,0.27894804876469964,406,4,10985,-0.001264594424649358,11595,-5.493602894295064e-08
2.030917620904737,0.024244620170823284,0.2775578969318204,406,5,10930,-0.0012617076546379842,11541,-5.507668235120979e-08
2.030917620904737,0.028942661247167517,0.27591817603321905,406,6,10866,-0.001258325436023432,11478,-5.5241464636318586e-08
2.030917620904737,0.0345510729459222,0.2739883950146752,406,7,10790,-0.0012542854907667245,11403,-5.543901287831495e-08
2.030917620904737,0.04124626382901352,0.27172320186647647,406,8,10700,-0.0012494796599783254,11314,-5.567594955789704e-08
2.030917620904737,0.04923882631706739,0.269072483617846,406,10,10596,-0.0012439568177669792,11212,-5.595383997757177e-08
2.030917620904737,0.05878016072274912,0.2659817928438862,406,12,10474,-0.0012374279445842664,11092,-5.628520336558568e-08
2.030917620904737,0.07017038286703829,0.2623932200241385,406,14,10333,-0.0012298395403611735,10953,-5.66764092313111e-08
2.030917620904737,0.0837677640068292,0.2582468429840125,406,17,10170,-0.0012210244814350674,10793,-5.7137852550565167e-08
2.030917620904737,0.1,0.25348288237476063,406,20,9982,-0.0012107894725718502,10608,-5.768608892595889e-08
2.030917620904737,0.1193776641714437,0.2480446659602016,406,24,9768,-0.001199026396501243,10398,-5.83277096979111e-08
2.030917620904737,0.14251026703029984,0.24188244345646434,406,29,9525,-0.001185492722897691,10160,-5.907967322324783e-08
2.030917620904737,0.17012542798525893,0.23495798848765578,406,34,9253,-0.0011702242384581312,9893,-5.9961930878583e-08
2.030917620904737,0.20309176209047358,0.22724977190390266,406,41,8949,-0.0011527420312348303,9596,-6.098209122988306e-08
2.030917620904737,0.24244620170823283,0.21875830096860885,406,48,8615,-0.0011333481656188183,9269,-6.217417495687099e-08
2.030917620904737,0.28942661247167517,0.20951102019172416,406,58,8251,-0.001111304007987493,8915,-6.351745926435313e-08
2.030917620904737,0.345510729459222,0.19956601118180256,406,69,7859,-0.0010869374897366296,8534,-6.505740522360382e-08
2.030917620904737,0.41246263829013524,0.1890136747350391,406,82,7443,-0.0010600078983314502,8131,-6.678594999983935e-08
2.030917620904737,0.49238826317067413,0.17797568924357723,406,98,7009,-0.0010301851854550338,7713,-6.866820856552127e-08
2.030917620904737,0.5878016072274915,0.1666008459113218,406,118,6561,-0.0009968367917345886,7285,-7.065535181314083e-08
2.030917620904737,0.701703828670383,0.15505783697672113,406,140,6106,-0.0009609540879647223,6852,-7.278720035120724e-08
2.030917620904737,0.837677640068292,0.14352562481587047,406,168,5652,-0.000920583709234282,6426,-7.48193858650368e-08
2.030917620904737,1.0,0.13218250572776513,406,200,5205,-0.000876851404726974,6011,-7.675385626363106e-08
2.030917620904737,1.1937766417144369,0.12119525951806176,406,239,4773,-0.0008282347569581763,5618,-7.826885451394231e-08
2.030917620904737,1.4251026703029992,0.1107097574669544,406,285,4360,-0.0007749914694483907,5251,-7.919875216632848e-08
2.030917620904737,1.7012542798525891,0.1008440928332821,406,340,3971,-0.0007164507576510747,4917,-7.919348166332937e-08
2.030917620904737,2.030917620904737,0.09168479621366891,406,406,3611,-0.0006523524136948327,4623,-7.786084446446267e-08
2.030917620904737,2.424462017082328,0.08328614863170876,406,485,3280,-0.0005827551449921198,4371,-7.488308511630641e-08
2.030917620904737,2.8942661247167516,0.07567214613299175,406,579,2980,-0.0005084446817485809,4165,-6.99932107800695e-08
2.030917620904737,3.4551072945922217,0.06884038657194434,406,691,2711,-0.0004315427387258161,4008,-6.320710818781506e-08
2.030917620904737,4.1246263829013525,0.06276706062887397,406,825,2472,-0.00035421645567603166,3903,-5.471470828560796e-08
2.030917620904737,4.923882631706742,0.057412299208838634,406,985,2261,-0.0002749722299061624,3852,-4.4325766011464995e-08
2.030917620904737,5.878016072274912,0.05272529579835436,406,1176,2076,-0.0001952369687510081,3858,-3.244734433392633e-08
2.030917620904737,7.01703828670383,0.048648822213553204,406,1403,1916,-0.00011668165554398436,3925,-1.9717599506557406e-08
2.030917620904737,8.376776400682925,0.045122942521853185,406,1675,1777,-3.986473274805917e-05,4058,-6.749778659967216e-09
2.030917620904737,10.0,0.04208787679706619,406,2000,1657,3.3767698556624875e-05,4263,
2.424462017082328,0.01,0.30254999968449475,485,2,11914,-0.0013533077636949645,12601,-5.415059178758606e-08
2.424462017082328,0.011937766417144363,0.30188683138482275,485,2,11888,-0.0013519006446155869,12575,-5.42093373871259e-08
2.424462017082328,0.014251026703029978,0.30109937013468396,485,3,11857,-0.0013503339480104705,12545,-5.428198862572983e-08
2.424462017082328,0.017012542798525893,0.3001652695265409,485,3,11821,-0.0013483856292851768,12509,-5.436416270415714e-08
2.424462017082328,0.020309176209047358,0.2990585563529775,485,4,11777,-0.00134610777541018,12466,-5.4467241969362406e-08
2.424462017082328,0.024244620170823284,0.2977492029457056,485,5,11725,-0.0013433894296932996,12415,-5.4589354695164354e-08
2.424462017082328,0.028942661247167517,0.2962027179642906,485,6,11664,-0.0013401765371983362,12355,-5.473334231270741e-08
2.424462017082328,0.0345510729459222,0.2943797923931966,485,7,11593,-0.001336415042418215,12285,-5.4902243654853274e-08
2.424462017082328,0.04124626382901352,0.29223605281161946,485,8,11508,-0.0013318885293868504,12201,-5.510657847994277e-08
2.424462017082328,0.04923882631706739,0.2897219925091334,485,10,11409,-0.0013266562573452233,12104,-5.5348005009112604e-08
2.424462017082328,0.05878016072274912,0.28678317195698394,485,12,11294,-0.0013205294637015756,11991,-5.563225409455947e-08
2.424462017082328,0.07017038286703829,0.28336080155060445,485,14,11159,-0.0013132921599472666,11858,-5.597204151269326e-08
2.424462017082328,0.0837677640068292,0.2793928376976478,485,17,11002,-0.0013048470088113612,11704,-5.6374427497501135e-08
2.424462017082328,0.1,0.2748157322031648,485,20,10822,-0.001295096527996437,11527,-5.6847658226469324e-08
2.424462017082328,0.1193776641714437,0.26956696584582046,485,24,10616,-0.0012838444239880765,11325,-5.7402534601651306e-08
2.424462017082328,0.14251026703029984,0.26358845916544826,485,29,10380,-0.0012708007543450123,11094,-5.8056062092036814e-08
2.424462017082328,0.17012542798525893,0.25683087536683585,485,34,10114,-0.00125598182646446,10833,-5.8823890454114827e-08
2.424462017082328,0.20309176209047358,0.24925870348352006,485,41,9816,-0.0012390192551766897,10542,-5.970992967815401e-08
2.424462017082328,0.24244620170823283,0.2408558348053798,485,48,9485,-0.001220002799045789,10218,-6.074985056794948e-08
2.424462017082328,0.28942661247167517,0.23163113787930623,485,58,9122,-0.0011983482528765386,9865,-6.192412586666198e-08
2.424462017082328,0.345510729459222,0.22162333411959323,485,69,8728,-0.0011742716863134917,9482,-6.327194857910783e-08
2.424462017082328,0.41246263829013524,0.21090433536504374,485,82,8305,-0.0011474601478487576,9072,-6.479457840268096e-08
2.424462017082328,0.49238826317067413,0.19958019568397978,485,98,7859,-0.0011176197051201708,8642,-6.646421516519247e-08
2.424462017082328,0.5878016072274915,0.18778900995389272,485,118,7395,-0.001084197602862691,8198,-6.823659451076803e-08
2.424462017082328,0.701703828670383,0.175695477391127,485,140,6919,-0.0010480201439248453,7744,-7.014973091434168e-08
2.424462017082328,0.837677640068292,0.16348238943800888,485,168,6438,-0.001007172669533294,7291,-7.201024054112774e-08
2.424462017082328,1.0,0.15133988000506818,485,200,5960,-0.0009627250555047295,6845,-7.380936377821193e-08
2.424462017082328,1.1937766417144369,0.13945373553608495,485,239,5492,-0.000913060079981218,6416,-7.528728330407943e-08
2.424462017082328,1.4251026703029992,0.1279942639433583,485,285,5040,-0.0008583626714523283,6010,-7.628805427248821e-08
2.424462017082328,1.7012542798525891,0.11710710105549313,485,340,4612,-0.0007979396193922058,5637,-7.647876062370425e-08
2.424462017082328,2.030917620904737,0.10690692933066644,485,406,4210,-0.0007311250177189777,5301,-7.553412584653777e-08
2.424462017082328,2.424462017082328,0.09747452043283045,485,485,3839,-0.0006579694127062923,5009,-7.309504271551733e-08
2.424462017082328,2.8942661247167516,0.08885694869458821,485,579,3499,-0.0005789415319101502,4763,-6.890553298398829e-08
2.424462017082328,3.4551072945922217,0.08107038883594317,485,691,3193,-0.0004960610780592434,4569,-6.287435777939438e-08
2.424462017082328,4.1246263829013525,0.0741046771178004,485,825,2918,-0.00041169231245251185,4428,-5.5166522722614786e-08
2.424462017082328,4.923882631706742,0.06792877955370362,485,985,2675,-0.0003240613525985448,4345,-4.546953172422405e-08
2.424462017082328,5.878016072274912,0.06249642407064384,485,1176,2461,-0.0002348369888135386,4322,-3.412614057719585e-08
2.424462017082328,7.01703828670383,0.057751346881077116,485,1403,2274,-0.0001458400731345257,4362,-2.1679937614394272e-08
2.424462017082328,8.376776400682925,0.05363181434273512,485,1675,2112,-5.785462094499421e-05,4472,-8.675833315087428e-09
2.424462017082328,10.0,0.05007426744688947,485,2000,1972,2.743485548375323e-05,4657,
2.8942661247167516,0.01,0.32235979925328,579,2,12695,-0.0014315967260826613,13476,-5.36604617180181e-08
2.8942661247167516,0.011937766417144363,0.32174557587496816,579,2,12670,-0.0014302437269678749,13451,-5.371242562163885e-08
2.8942661247167516,0.014251026703029978,0.3210157695412518,579,3,12642,-0.0014288415559678442,13424,-5.377309812431296e-08
2.8942661247167516,0.017012542798525893,0.3201494071765175,579,3,12607,-0.001426947357207143,13389,-5.384650113912544e-08
2.8942661247167516,0.020309176209047358,0.3191220312593973,579,4,12567,-0.0014248890625100368,13350,-5.393286604947663e-08
2.8942661247167516,0.024244620170823284,0.3179052536719649,579,5,12519,-0.0014223911746596668,13303,-5.403655143532314e-08
2.8942661247167516,0.028942661247167517,0.3164663090128652,579,6,12462,-0.001419399623986643,13247,-5.416009566683416e-08
2.8942661247167516,0.0345510729459222,0.31476763645884537,579,7,12396,-0.0014159144603993182,13182,-5.430402504576688e-08
2.8942661247167516,0.04124626382901352,0.3127665328198432,579,8,12317,-0.001411719253564231,13104,-5.447776053282402e-08
2.8942661247167516,0.04923882631706739,0.3104149364523118,579,10,12224,-0.0014068273826697635,13013,-5.4685126722958585e-08
2.8942661247167516,0.05878016072274912,0.30765942194722523,579,12,12116,-0.0014010983623289604,12907,-5.4928576784405004e-08
2.8942661247167516,0.07017038286703829,0.3044415078938564,579,14,11989,-0.001394316095409273,12782,-5.5219214758376565e-08
2.8942661247167516,0.0837677640068292,0.30069840203797776,579,17,11842,-0.0013864509227916367,12638,-5.556098029595782e-08
2.8942661247167516,0.1,0.296364325288845,579,20,11671,-0.0013772327893677053,12470,-5.5967236025904964e-08
2.8942661247167516,0.1193776641714437,0.2913725612053438,579,24,11474,-0.0013665376408640122,12277,-5.6445266364091976e-08
2.8942661247167516,0.14251026703029984,0.2856583609969693,579,29,11249,-0.0013541908761356169,12057,-5.7004258137141875e-08
2.8942661247167516,0.17012542798525893,0.2791627838814571,579,34,10993,-0.0013400292562785019,11806,-5.766364310420289e-08
2.8942661247167516,0.20309176209047358,0.2718374572558084,579,41,10705,-0.0013237923530984171,11525,-5.8424427055036013e-08
2.8942661247167516,0.24244620170823283,0.26365009356096997,579,48,10383,-0.0013054700115948212,11210,-5.931711332781517e-08
2.8942661247167516,0.28942661247167517,0.2545904049829965,579,58,10026,-0.0012844690962829613,10863,-6.033192498853743e-08
2.8942661247167516,0.345510729459222,0.24467583550330615,579,69,9635,-0.0012609532226183651,10483,-6.149971334599945e-08
2.8942661247167516,0.41246263829013524,0.23395632756961668,579,82,9213,-0.0012347036399120302,10074,-6.281714449233754e-08
2.8942661247167516,0.49238826317067413,0.22251722361685264,579,98,8763,-0.0012053086204557475,9640,-6.42710606038625e-08
2.8942661247167516,0.5878016072274915,0.21047944288409204,579,118,8289,-0.0011722013329600982,9186,-6.582974661922899e-08
2.8942661247167516,0.701703828670383,0.1979963231874121,579,140,7797,-0.0011361020015735468,8716,-6.752511765751355e-08
2.8942661247167516,0.837677640068292,0.18524697538579923,579,168,7295,-0.001095276451093501,8242,-6.919516647462226e-08
2.8942661247167516,1.0,0.1724265921049925,579,200,6790,-0.0010505805285659514,7769,-7.083870703585501e-08
2.8942661247167516,1.1937766417144369,0.15973474214370675,579,239,6290,-0.0010004459893284544,7308,-7.223645371190896e-08
2.8942661247167516,1.4251026703029992,0.14736310222453253,579,285,5803,-0.0009449918068142484,6867,-7.324314196537067e-08
2.8942661247167516,1.7012542798525891,0.13548419899746814,579,340,5335,-0.0008832445759929857,6454,-7.35889968667088e-08
2.8942661247167516,2.030917620904737,0.12424251767884867,579,406,4893,-0.0008145599382238861,6078,-7.294531771405446e-08
2.8942661247167516,2.424462017082328,0.11374884822942095,579,485,4479,-0.0007385246859784665,5743,-7.100406935173254e-08
2.8942661247167516,2.8942661247167516,0.10407813199351283,579,579,4099,-0.0006556277581160514,5457,-6.745169302302184e-08
2.8942661247167516,3.4551072945922217,0.0952705052851897,579,691,3752,-0.0005674826811447252,5222,-6.219615360066167e-08
2.8942661247167516,4.1246263829013525,0.08733483467438015,579,825,3439,-0.00047631337214208014,5043,-5.525959238546748e-08
2.8942661247167516,4.923882631706742,0.08025385285554554,579,985,3160,-0.0003805440251421294,4924,-4.6349023816394976e-08
2.8942661247167516,5.878016072274912,0.07399001610974203,579,1176,2914,-0.0002817316168274291,4869,-3.5664216339571965e-08
2.8942661247167516,7.01703828670383,0.06849135361947221,579,1403,2697,-0.0001818663275728437,4879,-2.366855385207001e-08
2.8942661247167516,8.376776400682925,0.06369679276498767,579,1675,2508,-8.182662554229626e-05,4962,-1.0808872748086774e-08
2.8942661247167516,10.0,0.0595406622681532,579,2000,2345,1.6246836181160124e-05,5124,
3.4551072945922217,0.01,0.3421801783496132,691,2,13475,-0.0015070573690668528,14368,-5.3099054649667145e-08
3.4551072945922217,0.011937766417144363,0.34161820802133147,691,2,13453,-0.0015058667298458411,14346,-5.314113536752645e-08
3.4551072945922217,0.014251026703029978,0.3409500969175968,691,3,13427,-0.0015045730833204716,14321,-5.319317050969881e-08
3.4551072945922217,0.017012542798525893,0.3401564224514578,691,3,13395,-0.0015028412444535422,14289,-5.3254851007219836e-08
3.4551072945922217,0.020309176209047358,0.3392144669744523,691,4,13358,-0.0015009464589057662,14253,-5.3328455988624975e-08
3.4551072945922217,0.024244620170823284,0.33809776617505694,691,5,13314,-0.0014986670527662184,14210,-5.3415923148319623e-08
3.4551072945922217,0.028942661247167517,0.33677564124715487,691,6,13262,-0.0014959489443834627,14159,-5.351948964360609e-08
3.4551072945922217,0.0345510729459222,0.33521273668883245,691,7,13201,-0.0014927380518493052,14099,-5.364150877493726e-08
3.4551072945922217,0.04124626382901352,0.3333685971617282,691,8,13128,-0.0014888720530711911,14027,-5.3788497053885286e-08
3.4551072945922217,0.04923882631706739,0.3311973318485364,691,10,13043,-0.0014844245232901812,13944,-5.396196272637117e-08
3.4551072945922217,0.05878016072274912,0.3286474333648925,691,12,12942,-0.0014790888547242388,13845,-5.416979267745452e-08
3.4551072945922217,0.07017038286703829,0.3256618400992655,691,14,12825,-0.001472865340796348,13730,-5.441352670298316e-08
3.4551072945922217,0.0837677640068292,0.3221783544273229,691,17,12687,-0.0014655190897392137,13595,-5.47050218869203e-08
3.4551072945922217,0.1,0.31813055152101116,691,20,12528,-0.0014569885976012068,13439,-5.504692428480779e-08
3.4551072945922217,0.1193776641714437,0.31344932913750334,691,24,12344,-0.001447057358549112,13259,-5.544969408267968e-08
3.4551072945922217,0.14251026703029984,0.30806524974956345,691,29,12132,-0.001435503834459535,13052,-5.592302684218393e-08
3.4551072945922217,0.17012542798525893,0.30191180180602656,691,34,11889,-0.0014221501845121355,12814,-5.648258615711683e-08
3.4551072945922217,0.20309176209047358,0.2949296442153762,691,41,11614,-0.0014067856469552255,12546,-5.7129371934167575e-08
3.4551072945922217,0.24244620170823283,0.2870717858776614,691,48,11305,-0.0013893594932240913,12244,-5.788708453011063e-08
3.4551072945922217,0.28942661247167517,0.27830948503276587,691,58,10960,-0.0013693192964485065,11909,-5.875040958873604e-08
3.4551072945922217,0.345510729459222,0.2686384394645688,691,69,10579,-0.0013467285464495188,11539,-5.97453079810231e-08
3.4551072945922217,0.41246263829013524,0.2580846069496353,691,82,10163,-0.00132130246264334,11136,-6.087402940096989e-08
3.4551072945922217,0.49238826317067413,0.2467087988046724,691,98,9715,-0.0012926797400468115,10704,-6.212536477281434e-08
3.4551072945922217,0.5878016072274915,0.2346091000944031,691,118,9239,-0.001260345083208845,10248,-6.347247877823978e-08
3.4551072945922217,0.701703828670383,0.22192026103376516,691,140,8739,-0.0012248132946792666,9770,-6.494733928143329e-08
3.4551072945922217,0.837677640068292,0.20880951924237942,691,168,8223,-0.0011845031923524742,9282,-6.641855477385084e-08
3.4551072945922217,1.0,0.1954688345308663,691,200,7698,-0.001140122623252641,8789,-6.788496898184934e-08
3.4551072945922217,1.1937766417144369,0.18210415184541726,691,239,7171,-0.0010900801626056562,8301,-6.917261439329647e-08
3.4551072945922217,1.4251026703029992,0.16892289645740866,691,285,6652,-0.001034446341873917,7828,-7.015059879465709e-08
3.4551072945922217,1.7012542798525891,0.1561212784976357,691,340,6148,-0.0009721542839115487,7379,-7.058447184123255e-08
3.4551072945922217,2.030917620904737,0.14387302510511552,691,406,5666,-0.000902321028279555,6963,-7.018872870425394e-08
3.4551072945922217,2.424462017082328,0.13232085458837867,691,485,5211,-0.0008243789145219351,6587,-6.866139459506191e-08
3.4551072945922217,2.8942661247167516,0.12157145388149355,691,579,4787,-0.0007383372957124538,6257,-6.571479774005684e-08
3.4551072945922217,3.4551072945922217,0.11169408168719394,691,691,4399,-0.0006457499978194122,5981,-6.117397165387251e-08
3.4551072945922217,4.1246263829013525,0.10272236077922312,691,825,4045,-0.0005486511338302732,5761,-5.504234974921981e-08
3.4551072945922217,4.923882631706742,0.09465845601076253,691,985,3728,-0.00044519913315573374,5604,-4.6956386287246e-08
3.4551072945922217,5.878016072274912,0.08747869423658985,691,1176,3445,-0.00033687927883351785,5512,-3.70408671805337e-08
3.4551072945922217,7.01703828670383,0.08113973618013114,691,1403,3195,-0.00022597596190225376,5489,-2.5644699369283663e-08
3.4551072945922217,8.376776400682925,0.07558458897813276,691,1675,2977,-0.00011340255597389596,5543,-1.3126693580091394e-08
3.4551072945922217,10.0,0.07074797727128956,691,2000,2786,-1.3331491942448757e-06,5677,-1.5547944754932983e-10
4.1246263829013525,0.01,0.36218047877010384,825,2,14263,-0.0015801742761598183,15290,-5.245649499659463e-08
4.1246263829013525,0.011937766417144363,0.36167204331960645,825,2,14243,-0.0015790918768679868,15270,-5.2491658894806943e-08
4.1246263829013525,0.014251026703029978,0.3610672565130157,825,3,14219,-0.0015779051217605154,15247,-5.2535965719736574e-08
4.1246263829013525,0.017012542798525893,0.3603483526209235,825,3,14191,-0.001576389762751956,15219,-5.258551916534978e-08
4.1246263829013525,0.020309176209047358,0.3594944955005215,825,4,14157,-0.0015746567892672677,15186,-5.264776648810228e-08
4.1246263829013525,0.024244620170823284,0.35848133332778326,825,5,14117,-0.0015725941062004097,15147,-5.272087488284462e-08
4.1246263829013525,0.028942661247167517,0.35728052499323315,825,6,14070,-0.001570147622354891,15101,-5.280682665366993e-08
4.1246263829013525,0.0345510729459222,0.35585925357485343,825,7,14014,-0.0015672091264021743,15046,-5.290950361512997e-08
4.1246263829013525,0.04124626382901352,0.3541797518166507,825,8,13948,-0.0015637245268120949,14981,-5.3031124539697425e-08
4.1246263829013525,0.04923882631706739,0.3521988772633505,825,10,13870,-0.0015596632066577042,14905,-5.317674197088641e-08
4.1246263829013525,0.05878016072274912,0.34986779106163385,825,12,13778,-0.0015548249281349884,14815,-5.334952395663305e-08
4.1246263829013525,0.07017038286703829,0.3471318145198812,825,14,13670,-0.0015491016729118111,14709,-5.3554324268017174e-08
4.1246263829013525,0.0837677640068292,0.34393056071261363,825,17,13544,-0.0015424298548804283,14586,-5.379613441520256e-08
4.1246263829013525,0.1,0.3401984629282471,825,20,13397,-0.0015345798596155752,14442,-5.408233830823514e-08
4.1246263829013525,0.1193776641714437,0.33586584398389463,825,24,13226,-0.0015254026329865097,14275,-5.442028027739203e-08
4.1246263829013525,0.14251026703029984,0.3308606842897933,825,29,13029,-0.0015147377829843032,14083,-5.4815945153732084e-08
4.1246263829013525,0.17012542798525893,0.32511124302235384,825,34,12803,-0.0015023954867434313,13862,-5.5281629795336345e-08
4.1246263829013525,0.20309176209047358,0.31854965407253,825,41,12544,-0.0014880472138602903,13610,-5.582460278229884e-08
4.1246263829013525,0.24244620170823283,0.31111654345289974,825,48,12252,-0.001471715540172408,13325,-5.645878019986926e-08
4.1246263829013525,0.28942661247167517,0.3027665865252078,825,58,11923,-0.0014528278400617383,13006,-5.718461839058527e-08
4.1246263829013525,0.345510729459222,0.29347473857708234,825,69,11557,-0.0014314084566243123,12651,-5.802157318945356e-08
4.1246263829013525,0.41246263829013524,0.28324264326966037,825,82,11154,-0.0014071611390981636,12261,-5.8972872194736706e-08
4.1246263829013525,0.49238826317067413,0.2721044853231951,825,98,10715,-0.001379670205796339,11838,-6.003368807203757e-08
4.1246263829013525,0.5878016072274915,0.2601313665553262,825,118,10244,-0.0013484802883887872,11387,-6.118120647331521e-08
4.1246263829013525,0.701703828670383,0.24743322512848454,825,140,9744,-0.001313966158013655,10909,-6.244267187449056e-08
4.1246263829013525,0.837677640068292,0.23415745891524944,825,168,9221,-0.0012746107557168398,10414,-6.371830387149866e-08
4.1246263829013525,1.0,0.22048379002064275,825,200,8683,-0.0012310451580974746,9908,-6.500287027030246e-08
4.1246263829013525,1.1937766417144369,0.20661548442308864,825,239,8137,-0.0011817432690831497,9401,-6.615414628522269e-08
4.1246263829013525,1.4251026703029992,0.19276770366123072,825,285,7591,-0.0011265363680851377,8901,-6.707314327320292e-08
4.1246263829013525,1.7012542798525891,0.1791543431289861,825,340,7055,-0.001064406121478278,8420,-6.755046083557218e-08
4.1246263829013525,2.030917620904737,0.16597503345152032,825,406,6536,-0.0009942569025445179,7967,-6.734132161765146e-08
4.1246263829013525,2.424462017082328,0.15340394619614975,825,485,6041,-0.0009153171287149744,7551,-6.6166036467262e-08
4.1246263829013525,2.8942661247167516,0.1415816641173194,825,579,5575,-0.0008272659525872652,7179,-6.374862854182518e-08
4.1246263829013525,3.4551072945922217,0.1306107682676007,825,691,5143,-0.0007310850870766326,6859,-5.988711135876581e-08
4.1246263829013525,4.1246263829013525,0.12055513557403735,825,825,4747,-0.0006290061816925205,6597,-5.453552331847743e-08
4.1246263829013525,4.923882631706742,0.11144239512421396,825,985,4389,-0.0005186823810279279,6399,-4.730966775645209e-08
4.1246263829013525,5.878016072274912,0.10326865958930875,825,1176,4067,-0.000401355680728314,6268,-3.8232798173340585e-08
4.1246263829013525,7.01703828670383,0.0960045493864622,825,1403,3781,-0.00027958217648482004,6209,-2.7568835417051568e-08
4.1246263829013525,8.376776400682925,0.08960161677758113,825,1675,3529,-0.00015402662722174677,6229,-1.5559565379461164e-08
4.1246263829013525,10.0,0.08399847960380252,825,2000,3308,-2.7135639189353214e-05,6333,-2.7765016585309e-09
4.923882631706742,0.01,0.38261370678308276,985,2,15067,-0.0016512620929893423,16254,-5.172530525895956e-08
4.923882631706742,0.011937766417144363,0.38215834571346047,985,2,15049,-0.0016502879336266869,16236,-5.175432006145104e-08
4.923882631706742,0.014251026703029978,0.3816164315018608,985,3,15028,-0.0016492608675154116,16216,-5.17900660294391e-08
4.923882631706742,0.017012542798525893,0.3809718962960063,985,3,15003,-0.0016479078684006154,16191,-5.183058591967997e-08
4.923882631706742,0.020309176209047358,0.38020584955549774,985,4,14973,-0.0016463894276815708,16162,-5.188106063422264e-08
4.923882631706742,0.024244620170823284,0.3792961489770594,985,5,14937,-0.001644541993699974,16127,-5.194141252082891e-08
4.923882631706742,0.028942661247167517,0.3782169345116738,985,6,14894,-0.0016423114678349117,16085,-5.2013426795165236e-08
4.923882631706742,0.0345510729459222,0.376938135411619,985,7,14844,-0.0016396978713228954,16036,-5.209729855355367e-08
4.923882631706742,0.04124626382901352,0.3754249677900379,985,8,14784,-0.0016365388653997585,15977,-5.219826722453297e-08
4.923882631706742,0.04923882631706739,0.3736374505624683,985,10,14714,-0.0016329143064759588,15909,-5.231761265620683e-08
4.923882631706742,0.05878016072274912,0.371529981434334,985,12,14631,-0.0016285695998658962,15828,-5.245963824097147e-08
4.923882631706742,0.07017038286703829,0.36905103220085794,985,14,14533,-0.0016233966708964652,15732,-5.2628536269365846e-08
4.923882631706742,0.0837677640068292,0.36614304402337117,985,17,14419,-0.0016173928007935793,15621,-5.28270398563917e-08
4.923882631706742,0.1,0.3627426277296456,985,20,14285,-0.0016102704929241978,15490,-5.306298252590745e-08
4.923882631706742,0.1193776641714437,0.35878119941372194,985,24,14129,-0.001601945669072657,15338,-5.3341007409145964e-08
4.923882631706742,0.14251026703029984,0.354186203544239,985,29,13948,-0.00159221046806549,15162,-5.3667748465867843e-08
4.923882631706742,0.17012542798525893,0.3488830876242528,985,34,13739,-0.0015808656348948742,14958,-5.4053045380204515e-08
4.923882631706742,0.20309176209047358,0.3427981843076497,985,41,13499,-0.0015676756271401815,14725,-5.4501383924194776e-08
4.923882631706742,0.24244620170823283,0.335862616184456,985,48,13226,-0.0015525256546669057,14459,-5.502670495494107e-08
4.923882631706742,0.28942661247167517,0.32801725170544616,985,58,12917,-0.001534976555957537,14160,-5.562783057415817e-08
4.923882631706742,0.345510729459222,0.3192185974777458,985,69,12571,-0.001514966354374243,13825,-5.6320880542590056e-08
4.923882631706742,0.41246263829013524,0.3094453114449013,985,82,12186,-0.0014921320403945319,13453,-5.711195403562567e-08
4.923882631706742,0.49238826317067413,0.2987047797894563,985,98,11763,-0.0014661126637674888,13046,-5.7996064156577686e-08
4.923882631706742,0.5878016072274915,0.2870389586895073,985,118,11304,-0.0014364094674457718,12607,-5.895825777303814e-08
4.923882631706742,0.701703828670383,0.27452850654377675,985,140,10811,-0.0014032699871485456,12136,-6.002153974383243e-08
4.923882631706742,0.837677640068292,0.26129420376857854,985,168,10290,-0.001365360496463111,11643,-6.110471865520577e-08
4.923882631706742,1.0,0.247494846103096,985,200,9746,-0.0013230395726121476,11131,-6.221138507705647e-08
4.923882631706742,1.1937766417144369,0.2333212285678163,985,239,9188,-0.001274984830704494,10612,-6.321971321731645e-08
4.923882631706742,1.4251026703029992,0.2189864602497111,985,285,8624,-0.0012209281457037108,10094,-6.404714407960311e-08
4.923882631706742,1.7012542798525891,0.20471353280049367,985,340,8062,-0.0011596699605914231,9587,-6.452835050821764e-08
4.923882631706742,2.030917620904737,0.1907216259578838,985,406,7511,-0.0010900506999119055,9102,-6.444878746794889e-08
4.923882631706742,2.424462017082328,0.1772129035443582,985,485,6979,-0.0010110676912430496,8649,-6.35605407403364e-08
4.923882631706742,2.8942661247167516,0.16436144760775317,985,579,6473,-0.00092212189489643,8237,-6.160243323475776e-08
4.923882631706742,3.4551072945922217,0.1523055305152776,985,691,5998,-0.0008231917314916479,7874,-5.833307809934069e-08
4.923882631706742,4.1246263829013525,0.14114377342613577,985,825,5558,-0.0007175727062141407,7568,-5.37575295028993e-08
4.923882631706742,4.923882631706742,0.13093506936019175,985,985,5156,-0.0006013734801672952,7326,-4.7396130603400885e-08
4.923882631706742,5.878016072274912,0.1217016207154298,985,1176,4793,-0.00047612522979628393,7154,-3.922367677945318e-08
4.923882631706742,7.01703828670383,0.11343414296885265,985,1403,4467,-0.00034385293843110346,7055,-2.9387432049342726e-08
4.923882631706742,8.376776400682925,0.10609822444564185,985,1675,4178,-0.00020537563159728507,7038,-1.8042121281097366e-08
4.923882631706742,10.0,0.09964095191641603,985,2000,3924,-6.333098771390298e-05,7109,-5.659625924838247e-09
5.878016072274912,0.01,0.40381765022560256,1176,2,15902,-0.0017211675363731876,17280,-5.089489221071059e-08
5.878016072274912,0.011937766417144363,0.40341350996426795,1176,2,15886,-0.001720301616939731,17264,-5.09184316362235e-08
5.878016072274912,0.014251026703029978,0.4029323467810338,1176,3,15867,-0.0017193791351512197,17246,-5.094806917545798e-08
5.878016072274912,0.017012542798525893,0.4023597757290981,1176,3,15845,-0.0017181884959302084,17224,-5.0980586061995095e-08
5.878016072274912,0.020309176209047358,0.40167884848876045,1176,4,15818,-0.0017168294019906463,17198,-5.102213106444008e-08
5.878016072274912,0.024244620170823284,0.4008696480802468,1176,5,15786,-0.0017151960715368385,17167,-5.1071152936801635e-08
5.878016072274912,0.028942661247167517,0.39990884131651666,1176,6,15748,-0.001713234400279556,17130,-5.1129237513983444e-08
5.878016072274912,0.0345510729459222,0.3987691944990425,1176,7,15704,-0.0017109444038260566,17087,-5.119651133739018e-08
5.878016072274912,0.04124626382901352,0.3974190636230191,1176,8,15650,-0.001708109617857877,17034,-5.127918396451147e-08
5.878016072274912,0.04923882631706739,0.39582187853350287,1176,10,15587,-0.0017048647365452449,16973,-5.137691214258556e-08
5.878016072274912,0.05878016072274912,0.3939356516667119,1176,12,15513,-0.001701010360950808,16901,-5.14919048604553e-08
5.878016072274912,0.07017038286703829,0.39171255678807176,1176,14,15426,-0.001696438373065945,16816,-5.1627752151795826e-08
5.878016072274912,0.0837677640068292,0.3890986418653727,1176,17,15323,-0.001691042605478583,16716,-5.178998985292696e-08
5.878016072274912,0.1,0.38603376278003426,1176,20,15202,-0.0016846417351213043,16598,-5.198215183131195e-08
5.878016072274912,0.1193776641714437,0.38245184997573717,1176,24,15061,-0.0016771602342197508,16461,-5.220823255501888e-08
5.878016072274912,0.14251026703029984,0.378281645894689,1176,29,14897,-0.0016683963798434435,16302,-5.247374356636803e-08
5.878016072274912,0.17012542798525893,0.3734480725151501,1176,34,14706,-0.001658089672516708,16116,-5.2788188581708006e-08
5.878016072274912,0.20309176209047358,0.36787439800239735,1176,41,14487,-0.0016461458911901916,15904,-5.315209487196168e-08
5.878016072274912,0.24244620170823283,0.3614853587784252,1176,48,14235,-0.0016322642660025059,15659,-5.358115857069486e-08
5.878016072274912,0.28942661247167517,0.35421134494788065,1176,58,13949,-0.0016161837249871428,15383,-5.407112371469025e-08
5.878016072274912,0.345510729459222,0.34599365927213976,1176,69,13625,-0.001597654217238809,15070,-5.463933711487035e-08
5.878016072274912,0.41246263829013524,0.3367907030472031,1176,82,13263,-0.001576460113040262,14721,-5.52862230554911e-08
5.878016072274912,0.49238826317067413,0.32658472756519763,1176,98,12861,-0.0015521316937601901,14335,-5.601252429626488e-08
5.878016072274912,0.5878016072274915,0.3153885378676417,1176,118,12420,-0.0015241826822935266,13914,-5.6807202256120825e-08
5.878016072274912,0.701703828670383,0.3032512925693219,1176,140,11942,-0.0014928004024130593,13458,-5.768679427263415e-08
5.878016072274912,0.837677640068292,0.29026238118318265,1176,168,11431,-0.0014567296297364122,12975,-5.8589694252897534e-08
5.878016072274912,1.0,0.2765523620785494,1176,200,10891,-0.0014161864014107725,12467,-5.951953553179642e-08
5.878016072274912,1.1937766417144369,0.26229017743996863,1176,239,10329,-0.0013698597324177603,11944,-6.038305876436383e-08
5.878016072274912,1.4251026703029992,0.247676341570858,1176,285,9753,-0.0013174157602894219,11414,-6.111279059027467e-08
5.878016072274912,1.7012542798525891,0.2329324599759181,1176,340,9173,-0.0012577336978015737,10889,-6.156633330599824e-08
5.878016072274912,2.030917620904737,0.21828813176937725,1176,406,8596,-0.0011894237098840582,10378,-6.15712579607274e-08
5.878016072274912,2.424462017082328,0.20396682736275398,1176,485,8032,-0.0011113518688775149,9893,-6.090840811812133e-08
5.878016072274912,2.8942661247167516,0.19017255340011505,1176,579,7489,-0.0010226119806268485,9444,-5.934184941917211e-08
5.878016072274912,3.4551072945922217,0.1770789474602507,1176,691,6973,-0.0009225024269992605,9040,-5.662330940731727e-08
5.878016072274912,4.1246263829013525,0.16482194025712713,1176,825,6491,-0.000814206833917208,8692,-5.272458814795968e-08
5.878016072274912,4.923882631706742,0.15349643756295978,1176,985,6045,-0.0006937835141713691,8406,-4.721928523980243e-08
5.878016072274912,5.878016072274912,0.14315679843912688,1176,1176,5638,-0.0005618568719894728,8190,-3.997979666229335e-08
5.878016072274912,7.01703828670383,0.13382037647442643,1176,1403,5270,-0.0004199996745405003,8049,-3.104256341856496e-08
5.878016072274912,8.376776400682925,0.12547312388172227,1176,1675,4941,-0.00026923953924366925,7992,-2.0504677551411755e-08
5.878016072274912,10.0,0.11807622883384804,1176,2000,4650,-0.00011201951576405557,8026,-8.709338809209732e-09
7.01703828670383,0.01,0.42621673734288223,1403,2,16784,-0.0017907812624897172,18389,-4.995991733398831e-08
7.01703828670383,0.011937766417144363,0.425860936307165,1403,2,16770,-0.0017900235829854368,18375,-4.997860114769003e-08
7.01703828670383,0.014251026703029978,0.4254371649475973,1403,3,16754,-0.0017892591654495226,18360,-5.000142983514277e-08
7.01703828670383,0.017012542798525893,0.4249326616756301,1403,3,16734,-0.0017881767661576929,18340,-5.002822247706127e-08
7.01703828670383,0.020309176209047358,0.4243323624337894,1403,4,16710,-0.0017869762963311202,18317,-5.006180898186097e-08
7.01703828670383,0.024244620170823284,0.4236185244793044,1403,5,16682,-0.0017855562655439243,18290,-5.0100795121111435e-08
7.01703828670383,0.028942661247167517,0.42277030529779663,1403,6,16649,-0.0017838625652600707,18258,-5.0146587893165786e-08
7.01703828670383,0.0345510729459222,0.4217632987253748,1403,7,16609,-0.0017817869669366098,18219,-5.020198620031494e-08
7.01703828670383,0.04124626382901352,0.4205690345885709,1403,8,16562,-0.00177932948191766,18173,-5.0267123024510777e-08
7.01703828670383,0.04923882631706739,0.4191544543723295,1403,10,16506,-0.0017764619748696887,18119,-5.034575292302642e-08
7.01703828670383,0.05878016072274912,0.41748138417913744,1403,12,16440,-0.0017730412154804054,18055,-5.043840897914821e-08
7.01703828670383,0.07017038286703829,0.41550603816923387,1403,14,16363,-0.0017690131730323147,17980,-5.054681511810878e-08
7.01703828670383,0.0837677640068292,0.41317860133728745,1403,17,16271,-0.0017642206906669246,17891,-5.067729868252416e-08
7.01703828670383,0.1,0.41044296021211146,1403,20,16163,-0.001758535866500383,17786,-5.0831317653279467e-08
7.01703828670383,0.1193776641714437,0.4072366736536462,1403,24,16037,-0.001751889664714418,17664,-5.1012322485575246e-08
7.01703828670383,0.14251026703029984,0.4034913021697931,1403,29,15889,-0.0017440317714005782,17521,-5.122640871234247e-08
7.01703828670383,0.17012542798525893,0.39913324029197994,1403,34,15718,-0.0017348589237036732,17355,-5.147686597905606e-08
7.01703828670383,0.20309176209047358,0.39408521742304564,1403,41,15519,-0.001724087912427739,17163,-5.17701209277471e-08
7.01703828670383,0.24244620170823283,0.38826864011588524,1403,48,15290,-0.0017115617196705997,16941,-5.211407500230187e-08
7.01703828670383,0.28942661247167517,0.38160693163661746,1403,58,15028,-0.0016969711189282564,16689,-5.25083488435669e-08
7.01703828670383,0.345510729459222,0.37402996909779773,1403,69,14729,-0.001680046156693805,16401,-5.296628777980895e-08
7.01703828670383,0.41246263829013524,0.36547961059477097,1403,82,14393,-0.0016606070941594013,16078,-5.3487360151391234e-08
7.01703828670383,0.49238826317067413,0.3559161357415534,1403,98,14016,-0.0016381266795455773,15717,-5.407493716653322e-08
7.01703828670383,0.5878016072274915,0.3453251962267161,1403,118,13599,-0.001612184152935423,15320,-5.471901509337226e-08
7.01703828670383,0.701703828670383,0.33372461280635624,1403,140,13142,-0.0015828105769244147,14885,-5.543474647299009e-08
7.01703828670383,0.837677640068292,0.3211701127276547,1403,168,12648,-0.0015488796535596883,14419,-5.6173943621483984e-08
7.01703828670383,1.0,0.3077589529788837,1403,200,12120,-0.0015104858956684923,13923,-5.6939734756311954e-08
7.01703828670383,1.1937766417144369,0.29363040523855866,1403,239,11563,-0.001466346446534533,13405,-5.7660891186437905e-08
7.01703828670383,1.4251026703029992,0.2789623520445231,1403,285,10986,-0.0014161484074507033,12874,-5.827905529718806e-08
7.01703828670383,1.7012542798525891,0.2639637662170946,1403,340,10395,-0.0013585671145015209,12338,-5.86884466798072e-08
7.01703828670383,2.030917620904737,0.24886353767642516,1403,406,9800,-0.0012923077773794014,11809,-5.873859267212406e-08
7.01703828670383,2.424462017082328,0.23389681375236426,1403,485,9211,-0.0012160566307784998,11299,-5.824461170367613e-08
7.01703828670383,2.8942661247167516,0.21929053569981624,1403,579,8636,-0.00112859653218873,10818,-5.700143701987178e-08
7.01703828670383,3.4551072945922217,0.20525002714652457,1403,691,8083,-0.0010286091622206004,10377,-5.476183987817917e-08
7.01703828670383,4.1246263829013525,0.19194826434980294,1403,825,7559,-0.00091910963460187,9987,-5.149546706822755e-08
7.01703828670383,4.923882631706742,0.17951890535080392,1403,985,7069,-0.0007959050203475002,9657,-4.679382978815035e-08
7.01703828670383,5.878016072274912,0.16805344311917456,1403,1176,6618,-0.0006588549870501509,9397,-4.047090410953941e-08
7.01703828670383,7.01703828670383,0.15760217087750555,1403,1403,6206,-0.0005088577578590582,9212,-3.2481167010020157e-08
7.01703828670383,8.376776400682925,0.1481781565334767,1403,1675,5835,-0.0003470074850074598,9113,-2.2857410054900062e-08
7.01703828670383,10.0,0.13976318462251688,1403,2000,5504,-0.00017525379223805296,9107,-1.1816593728208242e-08
8.376776400682925,0.01,0.4503258967992675,1675,2,17734,-0.0018615744224830017,19611,-4.891882093097878e-08
8.376776400682925,0.011937766417144363,0.45001486900900667,1675,2,17722,-0.0018609249829078937,19599,-4.8933233102704866e-08
8.376776400682925,0.014251026703029978,0.4496443012798794,1675,3,17707,-0.0018602100049501904,19585,-4.895253416422696e-08
8.376776400682925,0.017012542798525893,0.44920296311012414,1675,3,17690,-0.0018592899655521433,19568,-4.8973016771818264e-08
8.376776400682925,0.020309176209047358,0.4486775759376503,1675,4,17669,-0.0018582476612794884,19548,-4.899956284080187e-08
8.376776400682925,0.024244620170823284,0.448052469139924,1675,5,17644,-0.0018569862789106102,19524,-4.9030945934879717e-08
8.376776400682925,0.028942661247167517,0.4473091907471514,1675,6,17615,-0.0018555058267081047,19496,-4.906720577507972e-08
8.376776400682925,0.0345510729459222,0.44642607243487525,1675,7,17580,-0.0018536980729793743,19462,-4.9110829270460205e-08
8.376776400682925,0.04124626382901352,0.4453777513305439,1675,8,17539,-0.0018515630259348817,19422,-4.9161900463879296e-08
8.376776400682925,0.04923882631706739,0.4441346556914729,1675,10,17490,-0.0018490712028036336,19375,-4.922376926158228e-08
8.376776400682925,0.05878016072274912,0.4426624681096676,1675,12,17432,-0.0018460821037524198,19319,-4.9296846310495966e-08
8.376776400682925,0.07017038286703829,0.4409215891744096,1675,14,17363,-0.0018424875536020321,19252,-4.938384502405906e-08
8.376776400682925,0.0837677640068292,0.43886663711064466,1675,17,17283,-0.0018383486916357529,19175,-4.948539277800382e-08
8.376776400682925,0.1,0.43644603536971177,1675,20,17187,-0.0018333214744901205,19082,-4.9607578278291663e-08
8.376776400682925,0.1193776641714437,0.4336017607677411,1675,24,17075,-0.0018274499062180428,18974,-4.975089584607543e-08
8.376776400682925,0.14251026703029984,0.4302693492429238,1675,29,16944,-0.0018205427308550155,18848,-4.991924078620247e-08
8.376776400682925,0.17012542798525893,0.42637828326177185,1675,34,16791,-0.001812384931595638,18700,-5.0117605672474084e-08
8.376776400682925,0.20309176209047358,0.42185291126147184,1675,41,16613,-0.0018028241835885042,18529,-5.0349047703840083e-08
8.376776400682925,0.24244620170823283,0.4166140697348253,1675,48,16406,-0.0017915807958749012,18329,-5.0622153840184786e-08
8.376776400682925,0.28942661247167517,0.41058158400999073,1675,58,16169,-0.0017785050691203794,18102,-5.09341111549074e-08
8.376776400682925,0.345510729459222,0.4036778025366684,1675,69,15897,-0.0017632578099528009,17841,-5.1296443984583664e-08
8.376776400682925,0.41246263829013524,0.3958322572914121,1675,82,15588,-0.001745583555056513,17545,-5.1711004423930924e-08
8.376776400682925,0.49238826317067413,0.3869874259224954,1675,98,15240,-0.001725110491897644,17213,-5.2177097139899574e-08
8.376776400682925,0.5878016072274915,0.3771053914117913,1675,118,14850,-0.0017012643476134817,16843,-5.269193011470504e-08
8.376776400682925,0.701703828670383,0.3661749578753057,1675,140,14420,-0.0016741468596515225,16435,-5.326283762468337e-08
8.376776400682925,0.837677640068292,0.3542185144256231,1675,168,13949,-0.0016425910767603018,15992,-5.385728158469344e-08
8.376776400682925,1.0,0.34129769829955153,1675,200,13440,-0.0016066423880088342,15515,-5.447611902676719e-08
8.376776400682925,1.1937766417144369,0.327516773532307,1675,239,12898,-0.001565165222557889,15012,-5.506119846104854e-08
8.376776400682925,1.4251026703029992,0.3130226986816434,1675,285,12327,-0.001517571670758772,14487,-5.5574293214754996e-08
8.376776400682925,1.7012542798525891,0.29800116693519657,1675,340,11735,-0.0014626955417533433,13950,-5.592540994071144e-08
8.376776400682925,2.030917620904737,0.2826684611236943,1675,406,11131,-0.0013991739687993592,13412,-5.599329799935326e-08
8.376776400682925,2.424462017082328,0.2672596833097037,1675,485,10525,-0.0013255782841886253,12885,-5.562411498420651e-08
8.376776400682925,2.8942661247167516,0.2520146234096847,1675,579,9924,-0.0012403917799691834,12378,-5.4645313264095954e-08
8.376776400682925,3.4551072945922217,0.23716302484866375,1675,691,9339,-0.0011418249530857016,11905,-5.2819326190638605e-08
8.376776400682925,4.1246263829013525,0.22291113524232317,1675,825,8778,-0.0010333581339732527,11478,-5.014568430587354e-08
8.376776400682925,4.923882631706742,0.20943115495005862,1675,985,8247,-0.0009086786083600377,11107,-4.616359215561351e-08
8.376776400682925,5.878016072274912,0.1968546033956054,1675,1176,7752,-0.0007680324120337531,10803,-4.07118555571327e-08
8.376776400682925,7.01703828670383,0.18526989062941113,1675,1403,7296,-0.0006119378940886678,10574,-3.36936067099296e-08
8.376776400682925,8.376776400682925,0.17472370616291186,1675,1675,6881,-0.0004404487246280387,10431,-2.5043652365467166e-08
8.376776400682925,10.0,0.16522536374060348,1675,2000,6507,-0.00025526356880361015,10382,-1.4884798009223137e-08
10.0,0.01,0.47675744593680824,2000,2,18775,-0.001934899041774417,20977,-4.777174633420776e-08
10.0,0.011937766417144363,0.47648723965136586,2000,2,18764,-0.0019343037221639105,20966,-4.778352182291724e-08
10.0,0.014251026703029978,0.47616521481708474,2000,3,18751,-0.001933692174546735,20954,-4.7798548080702306e-08
10.0,0.017012542798525893,0.4757815581085124,2000,3,18736,-0.0019328803750778526,20939,-4.781464814547468e-08
10.0,0.020309176209047358,0.47532465000726226,2000,4,18718,-0.0019319960375835561,20922,-4.783504002066805e-08
10.0,0.024244620170823284,0.4747807543360033,2000,5,18697,-0.0019309471560943882,20902,-4.7858648700826146e-08
10.0,0.028942661247167517,0.4741336637344404,2000,6,18671,-0.0019296254966185958,20877,-4.788765749209069e-08
10.0,0.0345510729459222,0.47336429890834236,2000,7,18641,-0.0019280851850420045,20848,-4.792102489402178e-08
10.0,0.04124626382901352,0.47245026145054997,2000,8,18605,-0.0019262179873402847,20813,-4.796096795843566e-08
10.0,0.04923882631706739,0.47136534318877854,2000,10,18562,-0.0019240465954379956,20772,-4.8009370968657815e-08
10.0,0.05878016072274912,0.4700789998006652,2000,12,18512,-0.0019214877688953312,20724,-4.8065456710929305e-08
10.0,0.07017038286703829,0.46855580339111585,2000,14,18452,-0.001918379194486201,20666,-4.813266117707012e-08
10.0,0.0837677640068292,0.46675489846956386,2000,17,18381,-0.001914728685750955,20598,-4.821264830325231e-08
10.0,0.1,0.4646294989393125,2000,20,18297,-0.001910355643951329,20517,-4.830732414985655e-08
10.0,0.1193776641714437,0.46212648087068864,2000,24,18199,-0.0019052533532609643,20423,-4.841817763629148e-08
10.0,0.14251026703029984,0.45918614722584866,2000,29,18083,-0.0018991807732138275,20312,-4.854965073177548e-08
10.0,0.17012542798525893,0.45574226594415507,2000,34,17947,-0.0018919747833506214,20181,-4.8704644697214263e-08
10.0,0.20309176209047358,0.45172251034462707,2000,41,17789,-0.00188355549852083,20030,-4.8884716404870055e-08
10.0,0.24244620170823283,0.447049457304803,2000,48,17605,-0.0018736323275315308,19853,-4.909654913845457e-08
10.0,0.28942661247167517,0.44164231821455296,2000,58,17392,-0.0018619903914706844,19650,-4.9340351380124173e-08
10.0,0.345510729459222,0.4354195811574974,2000,69,17147,-0.0018483876003056996,19416,-4.962263564181527e-08
10.0,0.41246263829013524,0.42830271771638884,2000,82,16867,-0.0018325432409818543,19149,-4.994574210622028e-08
10.0,0.49238826317067413,0.42022103958789936,2000,98,16548,-0.0018140201752623018,18846,-5.031129909491428e-08
10.0,0.5878016072274915,0.4111176650409354,2000,118,16190,-0.0017924653012653861,18508,-5.071254417142123e-08
10.0,0.701703828670383,0.4009563659385608,2000,140,15790,-0.0017676812016544047,18130,-5.116061779062053e-08
10.0,0.837677640068292,0.38972882005486265,2000,168,15348,-0.0017387195181211713,17716,-5.162787720028943e-08
10.0,1.0,0.3774615216473006,2000,200,14864,-0.0017054298167137533,17264,-5.211786048260751e-08
10.0,1.1937766417144369,0.36422136498849317,2000,239,14343,-0.0016668279326075067,16782,-5.258344603843646e-08
10.0,1.4251026703029992,0.35011879376866245,2000,285,13788,-0.001622291336674105,16273,-5.299437408857895e-08
10.0,1.7012542798525891,0.33530749088579814,2000,340,13204,-0.0015705726868663489,15744,-5.328281183391422e-08
10.0,2.030917620904737,0.31997992494300054,2000,406,12601,-0.0015103979789821153,15207,-5.334825674808722e-08
10.0,2.424462017082328,0.304358660311233,2000,485,11986,-0.0014401272707584587,14671,-5.306986733552591e-08
10.0,2.8942661247167516,0.288684074853209,2000,579,11368,-0.0013581832469985334,14147,-5.22987250920893e-08
10.0,3.4551072945922217,0.2731998342565161,2000,691,10759,-0.0012619904212876863,13650,-5.080607637586823e-08
10.0,4.1246263829013525,0.25813794313795024,2000,825,10165,-0.0011551153425975083,13190,-4.8612692015584315e-08
10.0,4.923882631706742,0.24370528441551467,2000,985,9597,-0.0010315850933578432,12782,-4.531874232776534e-08
10.0,5.878016072274912,0.23007324063774856,2000,1176,9060,-0.00088940147602399,12436,-4.068923050287258e-08
10.0,7.01703828670383,0.2173713645846693,2000,1403,8560,-0.0007291875495826233,12163,-3.461541435636747e-08
10.0,8.376776400682925,0.20568531834313733,2000,1675,8100,-0.0005504057638294408,11975,-2.6981997344450258e-08
10.0,10.0,0.19505862773277402,2000,2000,7681,-0.0003538121914171499,11881,-1.7807031945718604e-08
